{
"type": "FeatureCollection",
"name": "reseau_traces",
"crs": { "type": "name", "properties": { "name": "urn:ogc:def:crs:OGC:1.3:CRS84" } },
"xy_coordinate_resolution": 1e-05,
"features": [
{"type":"Feature","properties":{"id":0,"ligne":"TRAM 4","mode":"tram","couleur":"#dc9600","deps":["93"],"epcis":["200058097"]},"geometry":{"type":"LineString","coordinates":[[2.51488,48.93101],[2.51308,48.93162],[2.51158,48.93184],[2.49712,48.93196]]}},
{"type":"Feature","properties":{"id":1,"ligne":"TRAM 4","mode":"tram","couleur":"#dc9600","deps":["93"],"epcis":["200057875","200058790"]},"geometry":{"type":"LineString","coordinates":[[2.48791,48.89309],[2.49125,48.89261],[2.49666,48.89224],[2.49803,48.89225],[2.49976,48.8926]]}},
{"type":"Feature","properties":{"id":2,"ligne":"TRAM 4","mode":"tram","couleur":"#dc9600","deps":["93"],"epcis":["200058790"]},"geometry":{"type":"LineString","coordinates":[[2.51651,48.90727],[2.51712,48.90845],[2.51705,48.9097],[2.51506,48.9161]]}},
{"type":"Feature","properties":{"id":3,"ligne":"TRAM 4","mode":"tram","couleur":"#dc9600","deps":["93"],"epcis":["200058790"]},"geometry":{"type":"LineString","coordinates":[[2.50641,48.89714],[2.51194,48.90268]]}},
{"type":"Feature","properties":{"id":4,"ligne":"RER C","mode":"rer","couleur":"#ffcc30","deps":["91","94"],"epcis":["200058014"]},"geometry":{"type":"LineString","coordinates":[[2.35163,48.7402],[2.35679,48.74166],[2.37311,48.74835]]}},
{"type":"Feature","properties":{"id":5,"ligne":"RER C","mode":"rer","couleur":"#ffcc30","deps":["91"],"epcis":["249100553"]},"geometry":{"type":"LineString","coordinates":[[2.21552,48.51425],[2.21297,48.51222],[2.1963,48.49564],[2.19458,48.49364]]}},
{"type":"Feature","properties":{"id":6,"ligne":"RER C","mode":"rer","couleur":"#ffcc30","deps":["94"],"epcis":["200058014"]},"geometry":{"type":"LineString","coordinates":[[2.40271,48.80021],[2.39926,48.80568],[2.39169,48.81399]]}},
{"type":"Feature","properties":{"id":7,"ligne":"RER C","mode":"rer","couleur":"#ffcc30","deps":["75"],"epcis":["75056"]},"geometry":{"type":"LineString","coordinates":[[2.31251,48.86288],[2.30099,48.86266]]}},
{"type":"Feature","properties":{"id":8,"ligne":"RER C","mode":"rer","couleur":"#ffcc30","deps":["75"],"epcis":["75056"]},"geometry":{"type":"LineString","coordinates":[[2.3777,48.82888],[2.37279,48.83386],[2.36543,48.84253]]}},
{"type":"Feature","properties":{"id":9,"ligne":"RER C","mode":"rer","couleur":"#ffcc30","deps":["75"],"epcis":["75056"]},"geometry":{"type":"LineString","coordinates":[[2.2898,48.85646],[2.28871,48.8548],[2.28642,48.85303]]}},
{"type":"Feature","properties":{"id":10,"ligne":"RER C","mode":"rer","couleur":"#ffcc30","deps":["75"],"epcis":["75056"]},"geometry":{"type":"LineString","coordinates":[[2.27479,48.85697],[2.27431,48.85808],[2.2745,48.85974],[2.27235,48.86292],[2.27216,48.86546]]}},
{"type":"Feature","properties":{"id":11,"ligne":"RER C","mode":"rer","couleur":"#ffcc30","deps":["75"],"epcis":["75056"]},"geometry":{"type":"LineString","coordinates":[[2.29928,48.88604],[2.30075,48.88685],[2.30307,48.88909],[2.30459,48.89009],[2.31129,48.89323],[2.3156,48.89417]]}},
{"type":"Feature","properties":{"id":12,"ligne":"RER C","mode":"rer","couleur":"#ffcc30","deps":["92"],"epcis":["200057990"]},"geometry":{"type":"LineString","coordinates":[[2.31384,48.92087],[2.30794,48.9329]]}},
{"type":"Feature","properties":{"id":13,"ligne":"RER B","mode":"rer","couleur":"#5091cb","deps":["91"],"epcis":["200056232"]},"geometry":{"type":"LineString","coordinates":[[2.19273,48.7054],[2.19507,48.7058],[2.21226,48.70597]]}},
{"type":"Feature","properties":{"id":14,"ligne":"RER B","mode":"rer","couleur":"#5091cb","deps":["93"],"epcis":["200058097"]},"geometry":{"type":"LineString","coordinates":[[2.52478,48.94689],[2.52448,48.94921],[2.52377,48.9504],[2.5148,48.95951],[2.51264,48.96271]]}},
{"type":"Feature","properties":{"id":15,"ligne":"RER B","mode":"rer","couleur":"#5091cb","deps":["91"],"epcis":["200056232"]},"geometry":{"type":"LineString","coordinates":[[2.09798,48.70122],[2.10067,48.7006],[2.10355,48.70029],[2.11201,48.70067],[2.11925,48.69997],[2.12964,48.69756],[2.13657,48.6982]]}},
{"type":"Feature","properties":{"id":16,"ligne":"RER B","mode":"rer","couleur":"#5091cb","deps":["93"],"epcis":["200058097"]},"geometry":{"type":"LineString","coordinates":[[2.53471,48.93628],[2.55144,48.94018],[2.56645,48.94418]]}},
{"type":"Feature","properties":{"id":17,"ligne":"RER B","mode":"rer","couleur":"#5091cb","deps":["77","93"],"epcis":["200055655","200058097"]},"geometry":{"type":"LineString","coordinates":[[2.56645,48.94418],[2.58502,48.94892],[2.60314,48.95315]]}},
{"type":"Feature","properties":{"id":18,"ligne":"RER D","mode":"rer","couleur":"#008b5b","deps":["91"],"epcis":["200059228"]},"geometry":{"type":"LineString","coordinates":[[2.45257,48.63427],[2.43872,48.64608],[2.43533,48.64849]]}},
{"type":"Feature","properties":{"id":19,"ligne":"RER D","mode":"rer","couleur":"#008b5b","deps":["91"],"epcis":["200059228"]},"geometry":{"type":"LineString","coordinates":[[2.43016,48.6259],[2.43877,48.62514],[2.44551,48.62329],[2.44709,48.62316],[2.45141,48.62333]]}},
{"type":"Feature","properties":{"id":20,"ligne":"RER D","mode":"rer","couleur":"#008b5b","deps":["91"],"epcis":["200059228"]},"geometry":{"type":"LineString","coordinates":[[2.47947,48.57381],[2.47845,48.57716],[2.47716,48.57853],[2.47385,48.58007],[2.46951,48.58132],[2.46748,48.58266],[2.46643,48.58464],[2.46675,48.58739],[2.46635,48.58893],[2.46535,48.59013],[2.46155,48.59281]]}},
{"type":"Feature","properties":{"id":21,"ligne":"RER D","mode":"rer","couleur":"#008b5b","deps":["77","91"],"epcis":["200059228","247700057"]},"geometry":{"type":"LineString","coordinates":[[2.54261,48.56507],[2.54166,48.56711],[2.54062,48.56809],[2.53918,48.56892],[2.5345,48.57035],[2.53084,48.57094],[2.52811,48.57112],[2.52323,48.57096],[2.51969,48.57043],[2.507,48.56678],[2.50007,48.56556],[2.49697,48.56545],[2.49271,48.56612]]}},
{"type":"Feature","properties":{"id":22,"ligne":"RER D","mode":"rer","couleur":"#008b5b","deps":["91"],"epcis":["200059228"]},"geometry":{"type":"LineString","coordinates":[[2.46246,48.60556],[2.46484,48.60678],[2.46781,48.60904]]}},
{"type":"Feature","properties":{"id":23,"ligne":"RER D","mode":"rer","couleur":"#008b5b","deps":["91"],"epcis":["249100157"]},"geometry":{"type":"LineString","coordinates":[[2.37667,48.43449],[2.37852,48.43294],[2.37949,48.43174],[2.38499,48.42389],[2.3885,48.41832],[2.39865,48.40596],[2.3994,48.40462],[2.39972,48.40259],[2.3991,48.40044],[2.39341,48.39364]]}},
{"type":"Feature","properties":{"id":24,"ligne":"RER D","mode":"rer","couleur":"#008b5b","deps":["95"],"epcis":["200055655"]},"geometry":{"type":"LineString","coordinates":[[2.46217,49.02316],[2.41619,48.99378]]}},
{"type":"Feature","properties":{"id":25,"ligne":"RER D","mode":"rer","couleur":"#008b5b","deps":["95"],"epcis":["200055655"]},"geometry":{"type":"LineString","coordinates":[[2.50701,49.12621],[2.52168,49.11678],[2.5236,49.11526],[2.52526,49.1134],[2.52614,49.11167],[2.52646,49.10988],[2.52553,49.09959]]}},
{"type":"Feature","properties":{"id":26,"ligne":"TRAM 2","mode":"tram","couleur":"#a0006e","deps":["92"],"epcis":["200057974","200057982"]},"geometry":{"type":"LineString","coordinates":[[2.22531,48.82901],[2.22498,48.82992],[2.223,48.83095],[2.22249,48.83219],[2.22241,48.83524],[2.22174,48.83858],[2.22185,48.84312]]}},
{"type":"Feature","properties":{"id":27,"ligne":"TER CENTRE-VDL","mode":"train","couleur":"#aaaaaa","deps":["78","91"],"epcis":["200073344","249100595"]},"geometry":{"type":"LineString","coordinates":[[1.77958,48.44525],[1.78352,48.44957],[1.78632,48.45097],[1.79089,48.45228],[1.79277,48.45312],[1.80744,48.46434],[1.80982,48.46577],[1.8128,48.46706],[1.81561,48.4679],[1.83132,48.4715],[1.86093,48.48021],[1.86898,48.4822],[1.87349,48.48373],[1.88051,48.48488],[1.9089,48.49152],[1.91168,48.4923],[1.91431,48.49335],[1.91856,48.49586],[1.92036,48.49792],[1.92099,48.49982],[1.92128,48.50546],[1.92186,48.50674],[1.92336,48.50845],[1.92615,48.51011],[1.94256,48.51656],[1.94465,48.51803],[1.95336,48.52613],[1.95585,48.52759],[1.95767,48.52818],[1.96013,48.52852],[1.97177,48.52761],[1.97601,48.52797],[1.97818,48.52854],[1.98021,48.52937],[1.98961,48.53469],[1.9929,48.53552],[1.9959,48.53562]]}},
{"type":"Feature","properties":{"id":28,"ligne":"TER CENTRE-VDL","mode":"train","couleur":"#aaaaaa","deps":["91"],"epcis":["200057859"]},"geometry":{"type":"LineString","coordinates":[[2.22345,48.58272],[2.22572,48.58332],[2.23331,48.58613],[2.23544,48.58632],[2.24107,48.58601]]}},
{"type":"Feature","properties":{"id":29,"ligne":"TER CENTRE-VDL","mode":"train","couleur":"#aaaaaa","deps":["94"],"epcis":["200058014"]},"geometry":{"type":"LineString","coordinates":[[2.41139,48.76379],[2.40959,48.78223]]}},
{"type":"Feature","properties":{"id":30,"ligne":"TRAIN R","mode":"train","couleur":"#f49fb3","deps":["91"],"epcis":["200058477"]},"geometry":{"type":"LineString","coordinates":[[2.50668,48.69911],[2.50287,48.70265],[2.50059,48.70396],[2.49728,48.70537],[2.49485,48.70609],[2.49071,48.70682],[2.48748,48.70691],[2.48424,48.70661]]}},
{"type":"Feature","properties":{"id":31,"ligne":"TRAIN R","mode":"train","couleur":"#f49fb3","deps":[],"epcis":[]},"geometry":{"type":"LineString","coordinates":[[2.76273,48.14722],[2.76285,48.1241],[2.76309,48.12243],[2.76377,48.12096],[2.76495,48.11949],[2.76963,48.11597],[2.77181,48.11376],[2.77281,48.11211],[2.77459,48.10699],[2.77461,48.10351],[2.7721,48.09589]]}},
{"type":"Feature","properties":{"id":32,"ligne":"TRAIN R","mode":"train","couleur":"#f49fb3","deps":["77"],"epcis":["200023240","200023919"]},"geometry":{"type":"LineString","coordinates":[[2.70394,48.22955],[2.70707,48.22455],[2.70905,48.21997],[2.70961,48.21753],[2.70924,48.21362],[2.70974,48.21198],[2.7108,48.21045],[2.71421,48.20745],[2.71539,48.2055],[2.71568,48.20397],[2.71559,48.19786],[2.71611,48.19596],[2.71689,48.1945],[2.71803,48.19308],[2.71975,48.19157],[2.73625,48.18094]]}},
{"type":"Feature","properties":{"id":33,"ligne":"TRAIN R","mode":"train","couleur":"#f49fb3","deps":["77"],"epcis":["247700032","247700107"]},"geometry":{"type":"LineString","coordinates":[[2.81658,48.38269],[2.81992,48.3844],[2.82329,48.38542],[2.82696,48.38576],[2.83093,48.38538],[2.83381,48.38456],[2.83588,48.38357],[2.85134,48.37402],[2.85482,48.37246],[2.85772,48.37151],[2.86362,48.3704],[2.89589,48.36719],[2.89997,48.36748],[2.90406,48.36855],[2.92376,48.37741],[2.92754,48.37881],[2.93085,48.3796],[2.93618,48.38]]}},
{"type":"Feature","properties":{"id":34,"ligne":"TRAIN R","mode":"train","couleur":"#f49fb3","deps":["77"],"epcis":["247700107"]},"geometry":{"type":"LineString","coordinates":[[2.93618,48.38],[2.9328,48.37989],[2.93019,48.3803],[2.92854,48.38104],[2.9244,48.38391],[2.92253,48.38449],[2.92036,48.38468],[2.9182,48.38439],[2.90348,48.38007],[2.89638,48.37864]]}},
{"type":"Feature","properties":{"id":35,"ligne":"TRAIN R","mode":"train","couleur":"#f49fb3","deps":["77"],"epcis":["247700032","247700107"]},"geometry":{"type":"LineString","coordinates":[[2.89638,48.37864],[2.88586,48.37621],[2.87198,48.37655],[2.863,48.37813],[2.84948,48.38261],[2.84617,48.38409],[2.84204,48.38677]]}},
{"type":"Feature","properties":{"id":36,"ligne":"TRAIN R","mode":"train","couleur":"#f49fb3","deps":["77"],"epcis":["200070779","200072346"]},"geometry":{"type":"LineString","coordinates":[[2.75048,48.48737],[2.7467,48.48805],[2.743,48.48822],[2.72599,48.48751],[2.72021,48.48704],[2.71474,48.48717],[2.71058,48.48633],[2.70803,48.4861],[2.70004,48.48627],[2.69504,48.48708]]}},
{"type":"Feature","properties":{"id":37,"ligne":"TRAIN R","mode":"train","couleur":"#f49fb3","deps":["77"],"epcis":["200072346"]},"geometry":{"type":"LineString","coordinates":[[2.76403,48.39431],[2.74377,48.39611],[2.73867,48.39736],[2.73378,48.39957],[2.73134,48.40123],[2.7295,48.40288],[2.72784,48.40492],[2.7266,48.40721],[2.72591,48.4094],[2.72569,48.41182],[2.72594,48.41433],[2.72666,48.41638]]}},
{"type":"Feature","properties":{"id":38,"ligne":"TRAIN R","mode":"train","couleur":"#f49fb3","deps":["77"],"epcis":["200059228"]},"geometry":{"type":"LineString","coordinates":[[2.58395,48.59556],[2.56958,48.62838]]}},
{"type":"Feature","properties":{"id":39,"ligne":"TRAIN R","mode":"train","couleur":"#f49fb3","deps":["91"],"epcis":["200058477"]},"geometry":{"type":"LineString","coordinates":[[2.48424,48.70661],[2.47811,48.70573],[2.47341,48.70572],[2.46948,48.70628],[2.46228,48.70824]]}},
{"type":"Feature","properties":{"id":40,"ligne":"TRAIN L","mode":"train","couleur":"#c4a4cc","deps":["78"],"epcis":["200058519"]},"geometry":{"type":"LineString","coordinates":[[2.09655,48.8715],[2.08815,48.87255],[2.08536,48.87244],[2.08287,48.8716],[2.07672,48.86806]]}},
{"type":"Feature","properties":{"id":41,"ligne":"TRAIN L","mode":"train","couleur":"#c4a4cc","deps":["92"],"epcis":["200057982"]},"geometry":{"type":"LineString","coordinates":[[2.20994,48.84052],[2.20672,48.84008],[2.19137,48.83969],[2.18957,48.83935],[2.18711,48.83828]]}},
{"type":"Feature","properties":{"id":42,"ligne":"TRAIN L","mode":"train","couleur":"#c4a4cc","deps":["78","92"],"epcis":["200057982","247800584"]},"geometry":{"type":"LineString","coordinates":[[2.1527,48.83664],[2.14998,48.83773],[2.14329,48.83925],[2.13813,48.84272]]}},
{"type":"Feature","properties":{"id":43,"ligne":"TRAIN L","mode":"train","couleur":"#c4a4cc","deps":["92"],"epcis":["200057974","200057982"]},"geometry":{"type":"LineString","coordinates":[[2.20072,48.82724],[2.20207,48.83475],[2.20293,48.83651],[2.20405,48.83776],[2.20565,48.83889],[2.20736,48.8397],[2.20994,48.84052]]}},
{"type":"Feature","properties":{"id":44,"ligne":"TRAIN L","mode":"train","couleur":"#c4a4cc","deps":["92"],"epcis":["200057982"]},"geometry":{"type":"LineString","coordinates":[[2.21762,48.8461],[2.21635,48.84383],[2.2152,48.84281],[2.21293,48.84151],[2.20994,48.84052]]}},
{"type":"Feature","properties":{"id":45,"ligne":"TRAIN H","mode":"train","couleur":"#84653d","deps":["95"],"epcis":["200056380","200073013"]},"geometry":{"type":"LineString","coordinates":[[2.32767,49.06853],[2.35051,49.07927]]}},
{"type":"Feature","properties":{"id":46,"ligne":"TRAIN H","mode":"train","couleur":"#84653d","deps":["95"],"epcis":["200073013"]},"geometry":{"type":"LineString","coordinates":[[2.39972,49.11902],[2.40299,49.11866],[2.41371,49.11569],[2.41665,49.11588],[2.42011,49.11713]]}},
{"type":"Feature","properties":{"id":47,"ligne":"TRAIN H","mode":"train","couleur":"#84653d","deps":["95"],"epcis":["249500109","249500430"]},"geometry":{"type":"LineString","coordinates":[[2.13154,49.06115],[2.13648,49.06663],[2.13901,49.06834],[2.1417,49.06931]]}},
{"type":"Feature","properties":{"id":48,"ligne":"TRAIN H","mode":"train","couleur":"#84653d","deps":["95"],"epcis":["249500430"]},"geometry":{"type":"LineString","coordinates":[[2.1753,49.07046],[2.18902,49.07449],[2.1917,49.07561],[2.19376,49.07688],[2.19607,49.07936],[2.20098,49.08931]]}},
{"type":"Feature","properties":{"id":49,"ligne":"TRAIN H","mode":"train","couleur":"#84653d","deps":["95"],"epcis":["200056380","200058485"]},"geometry":{"type":"LineString","coordinates":[[2.24284,49.01532],[2.24669,49.01219],[2.25966,48.9961]]}},
{"type":"Feature","properties":{"id":50,"ligne":"TRAIN H","mode":"train","couleur":"#84653d","deps":["95"],"epcis":["200058485"]},"geometry":{"type":"LineString","coordinates":[[2.19709,49.04543],[2.19741,49.04402],[2.19862,49.04253],[2.20727,49.03795],[2.21025,49.03531]]}},
{"type":"Feature","properties":{"id":51,"ligne":"TRAIN H","mode":"train","couleur":"#84653d","deps":["95"],"epcis":["200058485"]},"geometry":{"type":"LineString","coordinates":[[2.23428,48.99371],[2.1965,49.00777]]}},
{"type":"Feature","properties":{"id":52,"ligne":"TRAIN H","mode":"train","couleur":"#84653d","deps":["95"],"epcis":["200058485","249500109"]},"geometry":{"type":"LineString","coordinates":[[2.15466,49.01914],[2.15083,49.02018],[2.14707,49.02152],[2.13723,49.02636],[2.13473,49.02809],[2.12826,49.03399]]}},
{"type":"Feature","properties":{"id":53,"ligne":"TRAIN P","mode":"train","couleur":"#f58f53","deps":[],"epcis":[]},"geometry":{"type":"LineString","coordinates":[[3.07563,49.13547],[3.07611,49.13906],[3.07704,49.14099],[3.08584,49.15118],[3.09437,49.16369],[3.09638,49.16524],[3.10352,49.16904],[3.10812,49.17211],[3.11142,49.17603],[3.11405,49.17794],[3.11714,49.17906],[3.12069,49.17962]]}},
{"type":"Feature","properties":{"id":54,"ligne":"TRAIN P","mode":"train","couleur":"#f58f53","deps":["77"],"epcis":["247700065"]},"geometry":{"type":"LineString","coordinates":[[3.03176,49.02176],[3.02432,49.01773],[3.02248,49.01635],[3.01346,49.00242],[3.01093,49.00007],[3.00795,48.99842]]}},
{"type":"Feature","properties":{"id":55,"ligne":"TRAIN P","mode":"train","couleur":"#f58f53","deps":["77"],"epcis":["200090504"]},"geometry":{"type":"LineString","coordinates":[[2.99311,48.80865],[2.98789,48.81019],[2.98628,48.81032],[2.98445,48.81015],[2.98173,48.80916],[2.97913,48.80701],[2.97754,48.80621],[2.97025,48.80452],[2.96704,48.80418],[2.96488,48.80444],[2.96275,48.80514],[2.96146,48.80589],[2.95748,48.80918],[2.95571,48.8101],[2.95373,48.81078]]}},
{"type":"Feature","properties":{"id":56,"ligne":"TRAIN P","mode":"train","couleur":"#f58f53","deps":["77"],"epcis":["200072130","200090504","247700065"]},"geometry":{"type":"LineString","coordinates":[[2.97352,48.97436],[2.97575,48.97611],[2.97867,48.97745],[2.98151,48.97817],[2.9851,48.97847],[2.98909,48.97805],[3.00331,48.97444],[3.00663,48.97311],[3.00946,48.971],[3.01077,48.96925],[3.01302,48.96439],[3.01436,48.96289],[3.01579,48.96178],[3.01803,48.9606],[3.02049,48.95977],[3.02321,48.95928],[3.02611,48.95916]]}},
{"type":"Feature","properties":{"id":57,"ligne":"TRAIN P","mode":"train","couleur":"#f58f53","deps":["77"],"epcis":["200090504"]},"geometry":{"type":"LineString","coordinates":[[3.02611,48.95916],[3.05685,48.9594],[3.07347,48.95603],[3.08526,48.95416],[3.09545,48.95357],[3.10551,48.95217],[3.11448,48.95061],[3.12097,48.95046],[3.12491,48.95082]]}},
{"type":"Feature","properties":{"id":58,"ligne":"TRAIN P","mode":"train","couleur":"#f58f53","deps":["77"],"epcis":["200090504"]},"geometry":{"type":"LineString","coordinates":[[3.12491,48.95082],[3.12943,48.95199],[3.13362,48.95411],[3.13605,48.95615],[3.14099,48.96232],[3.14415,48.96526],[3.14672,48.96697],[3.15229,48.96981],[3.15452,48.97121],[3.1566,48.97298],[3.16033,48.97709],[3.16249,48.97873],[3.16647,48.98059],[3.17016,48.98181],[3.17484,48.98244],[3.17975,48.98214],[3.21587,48.97457],[3.2193,48.97403]]}},
{"type":"Feature","properties":{"id":59,"ligne":"METRO 6","mode":"metro","couleur":"#82dc73","deps":["75"],"epcis":["75056"]},"geometry":{"type":"LineString","coordinates":[[2.37991,48.84039],[2.38785,48.83902],[2.38962,48.83904]]}},
{"type":"Feature","properties":{"id":60,"ligne":"METRO 6","mode":"metro","couleur":"#82dc73","deps":["75"],"epcis":["75056"]},"geometry":{"type":"LineString","coordinates":[[2.29006,48.86698],[2.28758,48.86361]]}},
{"type":"Feature","properties":{"id":61,"ligne":"TRAIN V","mode":"train","couleur":"#9f9825","deps":["91"],"epcis":["200056232"]},"geometry":{"type":"LineString","coordinates":[[2.23084,48.74085],[2.23178,48.73621],[2.23328,48.73403],[2.23455,48.73316],[2.23617,48.73245],[2.24383,48.73084],[2.24568,48.73003],[2.24728,48.72855],[2.24828,48.72539],[2.24971,48.724],[2.25199,48.72332],[2.2544,48.72346],[2.25612,48.72419],[2.25832,48.726]]}},
{"type":"Feature","properties":{"id":62,"ligne":"TRAIN V","mode":"train","couleur":"#9f9825","deps":["91"],"epcis":["200056232","247800584"]},"geometry":{"type":"LineString","coordinates":[[2.21586,48.75102],[2.22736,48.74564],[2.22966,48.74352],[2.23084,48.74085]]}},
{"type":"Feature","properties":{"id":63,"ligne":"TRAM 1","mode":"tram","couleur":"#0055c8","deps":["93"],"epcis":["200057875"]},"geometry":{"type":"LineString","coordinates":[[2.46546,48.90042],[2.46849,48.90316],[2.4688,48.90375],[2.47004,48.90415],[2.46997,48.9047]]}},
{"type":"Feature","properties":{"id":64,"ligne":"TRAM 1","mode":"tram","couleur":"#0055c8","deps":["93"],"epcis":["200057875"]},"geometry":{"type":"LineString","coordinates":[[2.44399,48.90654],[2.43931,48.90639],[2.43862,48.90693]]}},
{"type":"Feature","properties":{"id":65,"ligne":"TRAM 1","mode":"tram","couleur":"#0055c8","deps":["93"],"epcis":["200057867","200057875"]},"geometry":{"type":"LineString","coordinates":[[2.41384,48.91918],[2.4106,48.92079]]}},
{"type":"Feature","properties":{"id":66,"ligne":"TRAM 1","mode":"tram","couleur":"#0055c8","deps":["93"],"epcis":["200057867"]},"geometry":{"type":"LineString","coordinates":[[2.4106,48.92079],[2.40662,48.92271]]}},
{"type":"Feature","properties":{"id":67,"ligne":"TRAM 1","mode":"tram","couleur":"#0055c8","deps":["93"],"epcis":["200057875"]},"geometry":{"type":"LineString","coordinates":[[2.45436,48.90781],[2.4536,48.90797],[2.45293,48.90782],[2.45214,48.90658],[2.45001,48.90654]]}},
{"type":"Feature","properties":{"id":68,"ligne":"TRAM 1","mode":"tram","couleur":"#0055c8","deps":["93"],"epcis":["200057875"]},"geometry":{"type":"LineString","coordinates":[[2.43542,48.9127],[2.43128,48.91409]]}},
{"type":"Feature","properties":{"id":69,"ligne":"TRAM 1","mode":"tram","couleur":"#0055c8","deps":["93"],"epcis":["200057875"]},"geometry":{"type":"LineString","coordinates":[[2.46052,48.9067],[2.45436,48.90781]]}},
{"type":"Feature","properties":{"id":70,"ligne":"RER E","mode":"rer","couleur":"#b94e9a","deps":["75"],"epcis":["75056"]},"geometry":{"type":"LineString","coordinates":[[2.32672,48.87503],[2.33859,48.87489],[2.35286,48.87663],[2.35471,48.87721],[2.35624,48.87809],[2.35873,48.88078]]}},
{"type":"Feature","properties":{"id":71,"ligne":"RER E","mode":"rer","couleur":"#b94e9a","deps":["75"],"epcis":["75056"]},"geometry":{"type":"LineString","coordinates":[[2.35873,48.88078],[2.36051,48.88301],[2.36369,48.88594],[2.3684,48.89324],[2.37067,48.8951],[2.37382,48.89658]]}},
{"type":"Feature","properties":{"id":72,"ligne":"TRAIN J","mode":"train","couleur":"#cec73d","deps":["78"],"epcis":["200059889"]},"geometry":{"type":"LineString","coordinates":[[2.09777,48.99663],[2.09464,48.99575]]}},
{"type":"Feature","properties":{"id":73,"ligne":"TRAIN J","mode":"train","couleur":"#cec73d","deps":["95"],"epcis":["200058485"]},"geometry":{"type":"LineString","coordinates":[[2.18034,48.97989],[2.17746,48.98225],[2.17057,48.98512],[2.16459,48.98895],[2.16191,48.99029]]}},
{"type":"Feature","properties":{"id":74,"ligne":"TRAIN J","mode":"train","couleur":"#cec73d","deps":["75","92"],"epcis":["200057982","200057990","75056"]},"geometry":{"type":"LineString","coordinates":[[2.32474,48.87684],[2.32248,48.88043],[2.3156,48.88708],[2.2832,48.90598]]}},
{"type":"Feature","properties":{"id":75,"ligne":"TRAIN J","mode":"train","couleur":"#cec73d","deps":["95"],"epcis":["200057990"]},"geometry":{"type":"LineString","coordinates":[[2.2579,48.9468],[2.25609,48.94896],[2.25508,48.95102]]}},
{"type":"Feature","properties":{"id":76,"ligne":"TRAIN J","mode":"train","couleur":"#cec73d","deps":["95"],"epcis":["200057990","200058485"]},"geometry":{"type":"LineString","coordinates":[[2.23253,48.95065],[2.22872,48.94996],[2.22543,48.94997],[2.22228,48.95048],[2.21921,48.95154],[2.21674,48.95303],[2.20475,48.963],[2.19309,48.96867]]}},
{"type":"Feature","properties":{"id":77,"ligne":"TRAIN J","mode":"train","couleur":"#cec73d","deps":["95"],"epcis":["200058485"]},"geometry":{"type":"LineString","coordinates":[[2.19309,48.96867],[2.18903,48.97078],[2.18404,48.97491],[2.18269,48.97635],[2.18034,48.97989]]}},
{"type":"Feature","properties":{"id":78,"ligne":"TRAIN J","mode":"train","couleur":"#cec73d","deps":["95"],"epcis":["249500109"]},"geometry":{"type":"LineString","coordinates":[[2.10346,49.03896],[2.10462,49.04211],[2.10466,49.04324],[2.10429,49.044],[2.10342,49.04481],[2.10111,49.04565]]}},
{"type":"Feature","properties":{"id":79,"ligne":"TRAIN J","mode":"train","couleur":"#cec73d","deps":["78"],"epcis":["200059889"]},"geometry":{"type":"LineString","coordinates":[[1.84513,48.99224],[1.8512,48.99166],[1.85433,48.99175],[1.86752,48.9945],[1.88607,48.9999],[1.89138,49.00123],[1.89368,49.00227],[1.8974,49.00444],[1.90178,49.00576]]}},
{"type":"Feature","properties":{"id":80,"ligne":"TRAIN J","mode":"train","couleur":"#cec73d","deps":["78"],"epcis":["200059889"]},"geometry":{"type":"LineString","coordinates":[[1.80891,48.98298],[1.83452,48.98924],[1.84089,48.99169],[1.84316,48.99213],[1.84513,48.99224]]}},
{"type":"Feature","properties":{"id":81,"ligne":"TER BOURGOGNE-FC","mode":"train","couleur":"#aaaaaa","deps":["77"],"epcis":["200072346"]},"geometry":{"type":"LineString","coordinates":[[2.76403,48.39431],[2.74377,48.39611],[2.73867,48.39736],[2.73378,48.39957],[2.73134,48.40123],[2.7295,48.40288],[2.72784,48.40492],[2.7266,48.40721],[2.72591,48.4094],[2.72569,48.41182],[2.72594,48.41433],[2.72666,48.41638]]}},
{"type":"Feature","properties":{"id":82,"ligne":"TER BOURGOGNE-FC","mode":"train","couleur":"#aaaaaa","deps":["77"],"epcis":["247700057"]},"geometry":{"type":"LineString","coordinates":[[2.65499,48.52724],[2.64804,48.52873],[2.64308,48.53028],[2.63629,48.53341],[2.63031,48.53582],[2.62552,48.53878]]}},
{"type":"Feature","properties":{"id":83,"ligne":"TER BOURGOGNE-FC","mode":"train","couleur":"#aaaaaa","deps":["77"],"epcis":["200059228"]},"geometry":{"type":"LineString","coordinates":[[2.56958,48.62838],[2.55753,48.65495],[2.54755,48.6679]]}},
{"type":"Feature","properties":{"id":84,"ligne":"TER BOURGOGNE-FC","mode":"train","couleur":"#aaaaaa","deps":["91"],"epcis":["200058477"]},"geometry":{"type":"LineString","coordinates":[[2.50668,48.69911],[2.50287,48.70265],[2.50059,48.70396],[2.49728,48.70537],[2.49485,48.70609],[2.49071,48.70682],[2.48748,48.70691],[2.48424,48.70661]]}},
{"type":"Feature","properties":{"id":85,"ligne":"CDGVAL","mode":"train","couleur":"#5cc5ed","deps":["77","93"],"epcis":["200055655","200058097"]},"geometry":{"type":"LineString","coordinates":[[2.56056,49.01],[2.5649,49.01038],[2.56649,49.01126],[2.56918,49.01143],[2.57031,49.01105],[2.57064,49.01004]]}},
{"type":"Feature","properties":{"id":86,"ligne":"TRAIN N","mode":"train","couleur":"#00b297","deps":["78"],"epcis":["200058782"]},"geometry":{"type":"LineString","coordinates":[[1.9444,48.83192],[1.95386,48.83115],[1.96003,48.83096]]}},
{"type":"Feature","properties":{"id":87,"ligne":"TRAIN N","mode":"train","couleur":"#00b297","deps":["78"],"epcis":["247800550"]},"geometry":{"type":"LineString","coordinates":[[1.51364,48.76835],[1.57214,48.78784],[1.58942,48.79546],[1.59199,48.79606],[1.59443,48.7963],[1.6027,48.79603]]}},
{"type":"Feature","properties":{"id":88,"ligne":"TRAIN N","mode":"train","couleur":"#00b297","deps":["78"],"epcis":["200033173","200058782","200073344"]},"geometry":{"type":"LineString","coordinates":[[1.89,48.72192],[1.92104,48.74348]]}},
{"type":"Feature","properties":{"id":89,"ligne":"TRAIN N","mode":"train","couleur":"#00b297","deps":["78","92"],"epcis":["200057974","247800584"]},"geometry":{"type":"LineString","coordinates":[[2.17139,48.80072],[2.17707,48.80059],[2.18124,48.80118],[2.1837,48.8019],[2.18617,48.80302],[2.18928,48.8052]]}},
{"type":"Feature","properties":{"id":90,"ligne":"TRAIN N","mode":"train","couleur":"#00b297","deps":["92"],"epcis":["200057974"]},"geometry":{"type":"LineString","coordinates":[[2.21486,48.82122],[2.21887,48.82134],[2.22245,48.82099],[2.22629,48.82017],[2.22981,48.81895]]}},
{"type":"Feature","properties":{"id":91,"ligne":"TRAIN N","mode":"train","couleur":"#00b297","deps":["78"],"epcis":["247800550","247800618"]},"geometry":{"type":"LineString","coordinates":[[1.70322,48.82658],[1.70961,48.82539],[1.71333,48.82441],[1.74682,48.8133],[1.76458,48.81048]]}},
{"type":"Feature","properties":{"id":92,"ligne":"TRAIN N","mode":"train","couleur":"#00b297","deps":["78"],"epcis":["247800618"]},"geometry":{"type":"LineString","coordinates":[[1.9246,48.83351],[1.91751,48.83429],[1.91432,48.83485],[1.89985,48.83875],[1.89712,48.83988],[1.89471,48.84184],[1.89139,48.84686],[1.89026,48.84806],[1.88883,48.84902],[1.88106,48.85277],[1.8793,48.85404],[1.87669,48.85728],[1.8756,48.86]]}},
{"type":"Feature","properties":{"id":93,"ligne":"TRAIN N","mode":"train","couleur":"#00b297","deps":["78"],"epcis":["200034130","247800618"]},"geometry":{"type":"LineString","coordinates":[[1.8756,48.86],[1.87418,48.86488],[1.87409,48.86621],[1.87454,48.86775],[1.87631,48.87109],[1.87659,48.87363],[1.87185,48.89298]]}},
{"type":"Feature","properties":{"id":94,"ligne":"TRAIN N","mode":"train","couleur":"#00b297","deps":["78"],"epcis":["200034130"]},"geometry":{"type":"LineString","coordinates":[[1.87185,48.89298],[1.86503,48.90391],[1.86241,48.90609],[1.85686,48.90955]]}},
{"type":"Feature","properties":{"id":95,"ligne":"RER A","mode":"rer","couleur":"#eb2132","deps":["95"],"epcis":["249500109"]},"geometry":{"type":"LineString","coordinates":[[2.03429,49.04965],[2.05927,49.04715],[2.06419,49.04688],[2.06673,49.04633],[2.06831,49.04568],[2.06958,49.04482],[2.07322,49.041],[2.07953,49.03646]]}},
{"type":"Feature","properties":{"id":96,"ligne":"RER A","mode":"rer","couleur":"#eb2132","deps":["75"],"epcis":["75056"]},"geometry":{"type":"LineString","coordinates":[[2.32993,48.87216],[2.32699,48.87374],[2.31585,48.87525],[2.30705,48.87495],[2.29839,48.87403],[2.29477,48.8742]]}},
{"type":"Feature","properties":{"id":97,"ligne":"RER A","mode":"rer","couleur":"#eb2132","deps":["78"],"epcis":["200058519"]},"geometry":{"type":"LineString","coordinates":[[2.1559,48.88521],[2.15144,48.88552],[2.14687,48.88633],[2.1346,48.89009]]}},
{"type":"Feature","properties":{"id":98,"ligne":"RER A","mode":"rer","couleur":"#eb2132","deps":["94"],"epcis":["200057941"]},"geometry":{"type":"LineString","coordinates":[[2.51031,48.80699],[2.51381,48.80501],[2.51525,48.80346],[2.51587,48.80209],[2.51606,48.8007],[2.51581,48.79911],[2.51342,48.79538]]}},
{"type":"Feature","properties":{"id":99,"ligne":"RER A","mode":"rer","couleur":"#eb2132","deps":["93"],"epcis":["200058790"]},"geometry":{"type":"LineString","coordinates":[[2.58009,48.84288],[2.56316,48.84098],[2.5499,48.84084]]}},
{"type":"Feature","properties":{"id":100,"ligne":"RER A","mode":"rer","couleur":"#eb2132","deps":["77"],"epcis":["200057958"]},"geometry":{"type":"LineString","coordinates":[[2.63321,48.83922],[2.62999,48.83997],[2.62192,48.84304],[2.61938,48.84348],[2.61668,48.84351]]}},
{"type":"Feature","properties":{"id":101,"ligne":"TRAIN K","mode":"train","couleur":"#9b9842","deps":["93"],"epcis":["200058097"]},"geometry":{"type":"LineString","coordinates":[[2.45477,48.93271],[2.47567,48.93231]]}},
{"type":"Feature","properties":{"id":102,"ligne":"TER","mode":"train","couleur":"#888888","deps":["75"],"epcis":["75056"]},"geometry":{"type":"LineString","coordinates":[[2.34529,48.85353],[2.34299,48.85445],[2.34027,48.85638],[2.33828,48.85743],[2.33322,48.85842],[2.32676,48.86035]]}},
{"type":"Feature","properties":{"id":103,"ligne":"TER","mode":"train","couleur":"#888888","deps":["75"],"epcis":["75056"]},"geometry":{"type":"LineString","coordinates":[[2.32676,48.86035],[2.31907,48.86264],[2.31664,48.8629],[2.31251,48.86288]]}},
{"type":"Feature","properties":{"id":104,"ligne":"METRO 8","mode":"metro","couleur":"#d282be","deps":["75"],"epcis":["75056"]},"geometry":{"type":"LineString","coordinates":[[2.36276,48.8676],[2.36144,48.86805],[2.35382,48.8694]]}},
{"type":"Feature","properties":{"id":105,"ligne":"METRO 8","mode":"metro","couleur":"#d282be","deps":["75"],"epcis":["75056"]},"geometry":{"type":"LineString","coordinates":[[2.31489,48.86038],[2.31449,48.85847],[2.31176,48.85838],[2.31057,48.85773]]}},
{"type":"Feature","properties":{"id":106,"ligne":"METRO 8","mode":"metro","couleur":"#d282be","deps":["75"],"epcis":["75056"]},"geometry":{"type":"LineString","coordinates":[[2.29191,48.84275],[2.28795,48.84109]]}},
{"type":"Feature","properties":{"id":107,"ligne":"METRO 8","mode":"metro","couleur":"#d282be","deps":["75"],"epcis":["75056"]},"geometry":{"type":"LineString","coordinates":[[2.3064,48.85489],[2.29863,48.84958]]}},
{"type":"Feature","properties":{"id":108,"ligne":"METRO 8","mode":"metro","couleur":"#d282be","deps":["75"],"epcis":["75056"]},"geometry":{"type":"LineString","coordinates":[[2.32208,48.86682],[2.3208,48.8656],[2.31654,48.86414],[2.31576,48.86368],[2.31521,48.86284],[2.31489,48.86038]]}},
{"type":"Feature","properties":{"id":109,"ligne":"METRO 8","mode":"metro","couleur":"#d282be","deps":["75"],"epcis":["75056"]},"geometry":{"type":"LineString","coordinates":[[2.29395,48.84479],[2.29191,48.84275]]}},
{"type":"Feature","properties":{"id":110,"ligne":"TER NORMANDIE","mode":"train","couleur":"#aaaaaa","deps":["95"],"epcis":["200035970","249500109"]},"geometry":{"type":"LineString","coordinates":[[2.0579,49.06297],[2.04297,49.06611],[2.03986,49.06703],[2.03804,49.0679],[2.03623,49.06912],[2.03249,49.073],[2.0312,49.07397],[2.02931,49.07481],[2.02495,49.07584]]}},
{"type":"Feature","properties":{"id":111,"ligne":"TER GRAND-EST","mode":"train","couleur":"#aaaaaa","deps":["93"],"epcis":["200058790"]},"geometry":{"type":"LineString","coordinates":[[2.48121,48.88253],[2.48447,48.87894],[2.48555,48.87718],[2.48624,48.87415],[2.48576,48.86991]]}},
{"type":"Feature","properties":{"id":112,"ligne":"METRO 6","mode":"metro","couleur":"#82dc73","deps":["75"],"epcis":["75056"]},"geometry":{"type":"LineString","coordinates":[[2.30953,48.84563],[2.31084,48.84513],[2.31281,48.84268]]}},
{"type":"Feature","properties":{"id":113,"ligne":"METRO 6","mode":"metro","couleur":"#82dc73","deps":["75"],"epcis":["75056"]},"geometry":{"type":"LineString","coordinates":[[2.32638,48.84066],[2.33028,48.83939],[2.33075,48.83896]]}},
{"type":"Feature","properties":{"id":114,"ligne":"METRO 6","mode":"metro","couleur":"#82dc73","deps":["75"],"epcis":["75056"]},"geometry":{"type":"LineString","coordinates":[[2.36813,48.83495],[2.37062,48.83589],[2.37283,48.83705]]}},
{"type":"Feature","properties":{"id":115,"ligne":"TER GRAND-EST","mode":"train","couleur":"#aaaaaa","deps":["77"],"epcis":["247700339"]},"geometry":{"type":"LineString","coordinates":[[2.81025,48.90307],[2.80634,48.90197],[2.80463,48.90086],[2.80413,48.9],[2.80409,48.89913],[2.80539,48.89733],[2.80653,48.89677],[2.80774,48.8965],[2.81229,48.89663],[2.81547,48.89611],[2.81749,48.89533],[2.82641,48.89086]]}},
{"type":"Feature","properties":{"id":116,"ligne":"TER GRAND-EST","mode":"train","couleur":"#aaaaaa","deps":["77"],"epcis":["200090504"]},"geometry":{"type":"LineString","coordinates":[[3.08165,48.80787],[3.07564,48.8108],[3.07206,48.81199],[3.06923,48.81202],[3.0623,48.81029],[3.05796,48.81001],[3.05492,48.81044],[3.04294,48.8138]]}},
{"type":"Feature","properties":{"id":117,"ligne":"TER GRAND-EST","mode":"train","couleur":"#aaaaaa","deps":["77"],"epcis":["200072130","247700065"]},"geometry":{"type":"LineString","coordinates":[[3.00795,48.99842],[2.99453,48.9922],[2.98749,48.99044],[2.98458,48.98896],[2.9829,48.98737],[2.97352,48.97436]]}},
{"type":"Feature","properties":{"id":118,"ligne":"TER HAUTS-DE-FRANCE","mode":"train","couleur":"#aaaaaa","deps":[],"epcis":[]},"geometry":{"type":"LineString","coordinates":[[2.3623,49.16678],[2.36423,49.16967],[2.36625,49.17351],[2.36696,49.1765],[2.36539,49.19475],[2.36563,49.19622],[2.36698,49.19871],[2.36809,49.19994],[2.36957,49.20103],[2.37311,49.20264],[2.3773,49.20348]]}},
{"type":"Feature","properties":{"id":119,"ligne":"TER HAUTS-DE-FRANCE","mode":"train","couleur":"#aaaaaa","deps":["95"],"epcis":["249500489"]},"geometry":{"type":"LineString","coordinates":[[2.3623,49.16678],[2.35979,49.16306],[2.35806,49.1612],[2.35545,49.15936],[2.35165,49.15771],[2.34654,49.15664],[2.32483,49.15513]]}},
{"type":"Feature","properties":{"id":120,"ligne":"TER HAUTS-DE-FRANCE","mode":"train","couleur":"#aaaaaa","deps":["95"],"epcis":["249500489"]},"geometry":{"type":"LineString","coordinates":[[2.32483,49.15513],[2.29453,49.15297],[2.2918,49.15237],[2.28175,49.14897]]}},
{"type":"Feature","properties":{"id":121,"ligne":"TER HAUTS-DE-FRANCE","mode":"train","couleur":"#aaaaaa","deps":["95"],"epcis":["249500489"]},"geometry":{"type":"LineString","coordinates":[[2.28052,49.13258],[2.27296,49.13574],[2.26817,49.14063],[2.26768,49.14191],[2.26797,49.14324],[2.26894,49.14435],[2.27055,49.14529]]}},
{"type":"Feature","properties":{"id":122,"ligne":"TER HAUTS-DE-FRANCE","mode":"train","couleur":"#aaaaaa","deps":["75","93"],"epcis":["200057867","75056"]},"geometry":{"type":"LineString","coordinates":[[2.35633,48.88092],[2.35764,48.88448],[2.35762,48.88773],[2.35702,48.8906],[2.35457,48.89659],[2.35415,48.89948],[2.35286,48.90429],[2.35212,48.91085],[2.35267,48.91222],[2.35389,48.91339],[2.36247,48.91801]]}},
{"type":"Feature","properties":{"id":123,"ligne":"TER HAUTS-DE-FRANCE","mode":"train","couleur":"#aaaaaa","deps":["93"],"epcis":["200057867"]},"geometry":{"type":"LineString","coordinates":[[2.35039,48.91757],[2.34885,48.92206],[2.3456,48.93446]]}},
{"type":"Feature","properties":{"id":124,"ligne":"TER","mode":"train","couleur":"#888888","deps":["95"],"epcis":["200058485"]},"geometry":{"type":"LineString","coordinates":[[2.19709,49.04543],[2.19741,49.04402],[2.19862,49.04253],[2.20727,49.03795],[2.21025,49.03531]]}},
{"type":"Feature","properties":{"id":125,"ligne":"TER","mode":"train","couleur":"#888888","deps":["92"],"epcis":["200057990"]},"geometry":{"type":"LineString","coordinates":[[2.31384,48.92087],[2.30794,48.9329]]}},
{"type":"Feature","properties":{"id":126,"ligne":"TER","mode":"train","couleur":"#888888","deps":["92"],"epcis":["200057966"]},"geometry":{"type":"LineString","coordinates":[[2.28105,48.73693],[2.28436,48.73781],[2.29139,48.74067],[2.30293,48.74397],[2.30555,48.74508],[2.30902,48.7472],[2.31082,48.74775],[2.31271,48.74794]]}},
{"type":"Feature","properties":{"id":127,"ligne":"TER","mode":"train","couleur":"#888888","deps":["75"],"epcis":["75056"]},"geometry":{"type":"LineString","coordinates":[[2.27216,48.86546],[2.27262,48.86689],[2.27481,48.86983]]}},
{"type":"Feature","properties":{"id":128,"ligne":"TER HAUTS-DE-FRANCE","mode":"train","couleur":"#888888","deps":[],"epcis":[]},"geometry":{"type":"LineString","coordinates":[[2.79445,49.14288],[2.8028,49.15071],[2.82434,49.18729],[2.82683,49.1908],[2.82967,49.19401],[2.8337,49.19756],[2.83811,49.20088]]}},
{"type":"Feature","properties":{"id":129,"ligne":"TER HAUTS-DE-FRANCE","mode":"train","couleur":"#888888","deps":[],"epcis":[]},"geometry":{"type":"LineString","coordinates":[[2.83811,49.20088],[2.87514,49.22808],[2.87772,49.22946],[2.88054,49.23036],[2.88291,49.23083],[2.88737,49.23102]]}},
{"type":"Feature","properties":{"id":130,"ligne":"TER HAUTS-DE-FRANCE","mode":"train","couleur":"#888888","deps":["93"],"epcis":["200057867"]},"geometry":{"type":"LineString","coordinates":[[2.36247,48.91801],[2.36451,48.919],[2.36715,48.91989],[2.38129,48.92338],[2.38639,48.92435]]}},
{"type":"Feature","properties":{"id":131,"ligne":"TER HAUTS-DE-FRANCE","mode":"train","couleur":"#888888","deps":["93"],"epcis":["200057867","200058097"]},"geometry":{"type":"LineString","coordinates":[[2.38639,48.92435],[2.42579,48.93074]]}},
{"type":"Feature","properties":{"id":132,"ligne":"TER HAUTS-DE-FRANCE","mode":"train","couleur":"#888888","deps":["77"],"epcis":["200033090","200055655"]},"geometry":{"type":"LineString","coordinates":[[2.68025,49.00811],[2.69922,49.03228]]}},
{"type":"Feature","properties":{"id":133,"ligne":"TER","mode":"train","couleur":"#888888","deps":["92"],"epcis":["200057974"]},"geometry":{"type":"LineString","coordinates":[[2.26407,48.8306],[2.2628,48.82893],[2.26231,48.82778],[2.26218,48.82647],[2.26253,48.82399],[2.26202,48.82232],[2.26045,48.8206],[2.25789,48.81934]]}},
{"type":"Feature","properties":{"id":134,"ligne":"TER","mode":"train","couleur":"#888888","deps":["78"],"epcis":["247800584"]},"geometry":{"type":"LineString","coordinates":[[2.17139,48.80072],[2.16705,48.80024],[2.15578,48.79704],[2.15238,48.79653]]}},
{"type":"Feature","properties":{"id":135,"ligne":"TER","mode":"train","couleur":"#888888","deps":["75"],"epcis":["75056"]},"geometry":{"type":"LineString","coordinates":[[2.28642,48.85303],[2.27804,48.84716]]}},
{"type":"Feature","properties":{"id":136,"ligne":"TER NORMANDIE","mode":"train","couleur":"#aaaaaa","deps":["95"],"epcis":["200058485"]},"geometry":{"type":"LineString","coordinates":[[2.19309,48.96867],[2.18903,48.97078],[2.18404,48.97491],[2.18269,48.97635],[2.18034,48.97989]]}},
{"type":"Feature","properties":{"id":137,"ligne":"TER NORMANDIE","mode":"train","couleur":"#aaaaaa","deps":["78"],"epcis":["200059889"]},"geometry":{"type":"LineString","coordinates":[[1.71521,48.98365],[1.71228,48.98493],[1.7072,48.9878],[1.70302,48.9895]]}},
{"type":"Feature","properties":{"id":138,"ligne":"TRAIN U","mode":"train","couleur":"#b6134c","deps":["78"],"epcis":["200058782"]},"geometry":{"type":"LineString","coordinates":[[2.00657,48.7748],[2.03288,48.782],[2.03659,48.78343],[2.04462,48.78739]]}},
{"type":"Feature","properties":{"id":139,"ligne":"RER C","mode":"rer","couleur":"#ffcc30","deps":["95"],"epcis":["249500109"]},"geometry":{"type":"LineString","coordinates":[[2.12826,49.03399],[2.12522,49.03681],[2.12154,49.04163],[2.11863,49.04367],[2.11588,49.04477],[2.11263,49.04546],[2.11045,49.04559],[2.10511,49.04531]]}},
{"type":"Feature","properties":{"id":140,"ligne":"TER","mode":"train","couleur":"#ffcc30","deps":["93","95"],"epcis":["200056380","200057867"]},"geometry":{"type":"LineString","coordinates":[[2.30235,48.9535],[2.30215,48.95556],[2.30157,48.95678],[2.30071,48.95767],[2.29814,48.95939],[2.29581,48.96053],[2.28593,48.96359]]}},
{"type":"Feature","properties":{"id":141,"ligne":"RER C","mode":"rer","couleur":"#ffcc30","deps":["91"],"epcis":["200056232"]},"geometry":{"type":"LineString","coordinates":[[2.26307,48.72965],[2.26567,48.73095],[2.269,48.73313],[2.274,48.73489]]}},
{"type":"Feature","properties":{"id":142,"ligne":"RER C","mode":"rer","couleur":"#ffcc30","deps":["94"],"epcis":["200058014"]},"geometry":{"type":"LineString","coordinates":[[2.4264,48.73983],[2.41811,48.75289]]}},
{"type":"Feature","properties":{"id":143,"ligne":"RER C","mode":"rer","couleur":"#ffcc30","deps":["91"],"epcis":["200057859"]},"geometry":{"type":"LineString","coordinates":[[2.30683,48.63588],[2.3088,48.62232],[2.30873,48.62008],[2.30778,48.61718],[2.30206,48.60674]]}},
{"type":"Feature","properties":{"id":144,"ligne":"RER C","mode":"rer","couleur":"#ffcc30","deps":["75"],"epcis":["75056"]},"geometry":{"type":"LineString","coordinates":[[2.27804,48.84716],[2.27576,48.84525],[2.27168,48.84089],[2.27046,48.83909]]}},
{"type":"Feature","properties":{"id":145,"ligne":"RER C","mode":"rer","couleur":"#ffcc30","deps":["75","92"],"epcis":["200057974","75056"]},"geometry":{"type":"LineString","coordinates":[[2.27046,48.83909],[2.26898,48.83739],[2.26725,48.83422],[2.26407,48.8306]]}},
{"type":"Feature","properties":{"id":146,"ligne":"TER","mode":"train","couleur":"#aaaaaa","deps":["95"],"epcis":["249500109"]},"geometry":{"type":"LineString","coordinates":[[2.10723,49.04539],[2.10511,49.04531]]}},
{"type":"Feature","properties":{"id":147,"ligne":"TER NORMANDIE","mode":"train","couleur":"#aaaaaa","deps":["95"],"epcis":["249500109"]},"geometry":{"type":"LineString","coordinates":[[2.0952,49.04665],[2.08828,49.04849],[2.08638,49.04944],[2.08285,49.05183],[2.07515,49.05444],[2.07278,49.05591],[2.0698,49.05897],[2.06806,49.06003],[2.06271,49.06185],[2.0579,49.06297]]}},
{"type":"Feature","properties":{"id":148,"ligne":"TER NORMANDIE","mode":"train","couleur":"#aaaaaa","deps":["95"],"epcis":["200035970"]},"geometry":{"type":"LineString","coordinates":[[1.94933,49.12345],[1.94637,49.1298],[1.9408,49.13549],[1.93917,49.13828],[1.93883,49.14769],[1.94002,49.15115],[1.94009,49.15222],[1.9396,49.1537],[1.93732,49.15634],[1.93657,49.15791],[1.9364,49.1593],[1.93693,49.16267]]}},
{"type":"Feature","properties":{"id":149,"ligne":"TER NORMANDIE","mode":"train","couleur":"#aaaaaa","deps":["95"],"epcis":["200035970"]},"geometry":{"type":"LineString","coordinates":[[2.00372,49.08049],[1.98415,49.08987],[1.98208,49.09059],[1.97805,49.09156],[1.97569,49.09257],[1.97397,49.09377],[1.97274,49.09513],[1.97054,49.09965]]}},
{"type":"Feature","properties":{"id":150,"ligne":"TER NORMANDIE","mode":"train","couleur":"#aaaaaa","deps":["95"],"epcis":["200058485"]},"geometry":{"type":"LineString","coordinates":[[2.25747,48.985],[2.23428,48.99371]]}},
{"type":"Feature","properties":{"id":151,"ligne":"TER NORMANDIE","mode":"train","couleur":"#aaaaaa","deps":["95"],"epcis":["200058485","249500109"]},"geometry":{"type":"LineString","coordinates":[[2.15466,49.01914],[2.15083,49.02018],[2.14707,49.02152],[2.13723,49.02636],[2.13473,49.02809],[2.12826,49.03399]]}},
{"type":"Feature","properties":{"id":152,"ligne":"TRAIN L","mode":"train","couleur":"#c4a4cc","deps":["78"],"epcis":["200058519"]},"geometry":{"type":"LineString","coordinates":[[2.15709,48.93774],[2.17819,48.92406],[2.18535,48.92038]]}},
{"type":"Feature","properties":{"id":153,"ligne":"RER A","mode":"rer","couleur":"#eb2132","deps":["78","92"],"epcis":["200057982","200058519"]},"geometry":{"type":"LineString","coordinates":[[2.19278,48.91675],[2.1945,48.91561],[2.19574,48.91393],[2.19601,48.91262],[2.19558,48.91003],[2.19588,48.90818],[2.19689,48.906],[2.19836,48.9045],[2.20035,48.9035],[2.20652,48.90151],[2.21953,48.89822],[2.22178,48.89693]]}},
{"type":"Feature","properties":{"id":154,"ligne":"TRAIN H","mode":"train","couleur":"#84653d","deps":["95"],"epcis":["249500489"]},"geometry":{"type":"LineString","coordinates":[[2.27782,49.14772],[2.27055,49.14529]]}},
{"type":"Feature","properties":{"id":155,"ligne":"TRAIN J","mode":"train","couleur":"#cec73d","deps":[],"epcis":[]},"geometry":{"type":"LineString","coordinates":[[1.8731,49.2612],[1.86717,49.26192],[1.86206,49.26186],[1.85674,49.26215],[1.85459,49.26244],[1.85278,49.26299],[1.85144,49.2637],[1.84999,49.26495],[1.84928,49.26609],[1.84818,49.27053],[1.84704,49.27193],[1.84569,49.27288],[1.84427,49.27349],[1.84236,49.27394],[1.83477,49.27426],[1.83228,49.27467],[1.82953,49.27545],[1.82594,49.27719],[1.81827,49.28259]]}},
{"type":"Feature","properties":{"id":156,"ligne":"TER CENTRE-VDL","mode":"train","couleur":"#aaaaaa","deps":["91"],"epcis":["249100595"]},"geometry":{"type":"LineString","coordinates":[[2.06938,48.53581],[2.0745,48.53845],[2.07849,48.5398],[2.09463,48.5422],[2.11084,48.54553],[2.11334,48.54645],[2.11851,48.54936],[2.12494,48.55093]]}},
{"type":"Feature","properties":{"id":157,"ligne":"TER CENTRE-VDL","mode":"train","couleur":"#aaaaaa","deps":["75","94"],"epcis":["200058014","75056"]},"geometry":{"type":"LineString","coordinates":[[2.39169,48.81399],[2.3777,48.82888]]}},
{"type":"Feature","properties":{"id":158,"ligne":"TER CENTRE-VDL","mode":"train","couleur":"#aaaaaa","deps":["91"],"epcis":["200058014"]},"geometry":{"type":"LineString","coordinates":[[2.38285,48.68976],[2.38612,48.69288],[2.39535,48.7029],[2.40042,48.70914],[2.40363,48.71263]]}},
{"type":"Feature","properties":{"id":159,"ligne":"TER CENTRE-VDL","mode":"train","couleur":"#aaaaaa","deps":["91"],"epcis":["249100553"]},"geometry":{"type":"LineString","coordinates":[[2.21552,48.51425],[2.21297,48.51222],[2.1963,48.49564],[2.19458,48.49364]]}},
{"type":"Feature","properties":{"id":160,"ligne":"TER CENTRE-VDL","mode":"train","couleur":"#aaaaaa","deps":["91"],"epcis":["200057859","249100553"]},"geometry":{"type":"LineString","coordinates":[[2.29092,48.56559],[2.29333,48.53867],[2.29261,48.53588],[2.29008,48.53289]]}},
{"type":"Feature","properties":{"id":161,"ligne":"TER BOURGOGNE-FC","mode":"train","couleur":"#aaaaaa","deps":["77"],"epcis":["247700107"]},"geometry":{"type":"LineString","coordinates":[[2.94252,48.37953],[2.93919,48.38001],[2.93618,48.38]]}},
{"type":"Feature","properties":{"id":162,"ligne":"TRAIN P","mode":"train","couleur":"#f58f53","deps":[],"epcis":[]},"geometry":{"type":"LineString","coordinates":[[3.3228,48.96876],[3.32931,48.96917],[3.33381,48.97023],[3.33636,48.97124],[3.34533,48.9761],[3.34721,48.97736],[3.34885,48.97906],[3.34971,48.98048],[3.351,48.98396],[3.35184,48.98516],[3.35339,48.98662],[3.35621,48.98824],[3.36438,48.99189]]}},
{"type":"Feature","properties":{"id":163,"ligne":"TRAIN P","mode":"train","couleur":"#f58f53","deps":[],"epcis":[]},"geometry":{"type":"LineString","coordinates":[[3.36438,48.99189],[3.37704,48.99751],[3.37971,48.99919],[3.38149,49.00073],[3.38372,49.00378],[3.39714,49.03243],[3.39895,49.03422],[3.40138,49.03563],[3.40338,49.0364],[3.40946,49.03791]]}},
{"type":"Feature","properties":{"id":164,"ligne":"TRAIN P","mode":"train","couleur":"#f58f53","deps":["77"],"epcis":["200072130"]},"geometry":{"type":"LineString","coordinates":[[2.95006,48.96023],[2.95342,48.96029],[2.95625,48.96066],[2.95897,48.96145],[2.96131,48.96256],[2.9635,48.96423],[2.97352,48.97436]]}},
{"type":"Feature","properties":{"id":165,"ligne":"TRAIN P","mode":"train","couleur":"#f58f53","deps":["94"],"epcis":["200057941"]},"geometry":{"type":"LineString","coordinates":[[2.49419,48.83934],[2.49455,48.83623],[2.49509,48.83475],[2.49813,48.8301],[2.49963,48.82854],[2.50211,48.82693],[2.50486,48.82586],[2.50754,48.82529],[2.51186,48.82485]]}},
{"type":"Feature","properties":{"id":166,"ligne":"TRAIN R","mode":"train","couleur":"#f49fb3","deps":["75"],"epcis":["75056"]},"geometry":{"type":"LineString","coordinates":[[2.38303,48.83908],[2.39035,48.83632]]}},
{"type":"Feature","properties":{"id":167,"ligne":"TRAIN R","mode":"train","couleur":"#f49fb3","deps":["94"],"epcis":["200058014"]},"geometry":{"type":"LineString","coordinates":[[2.44623,48.73064],[2.446,48.73515],[2.44529,48.73796],[2.44406,48.73942],[2.44077,48.74189],[2.43867,48.7445]]}},
{"type":"Feature","properties":{"id":168,"ligne":"METRO 8","mode":"metro","couleur":"#d282be","deps":["75"],"epcis":["75056"]},"geometry":{"type":"LineString","coordinates":[[2.35382,48.8694],[2.34849,48.87059]]}},
{"type":"Feature","properties":{"id":169,"ligne":"METRO 8","mode":"metro","couleur":"#d282be","deps":["94"],"epcis":["200057941"]},"geometry":{"type":"LineString","coordinates":[[2.44557,48.80336],[2.43451,48.80914]]}},
{"type":"Feature","properties":{"id":170,"ligne":"METRO 8","mode":"metro","couleur":"#d282be","deps":["75"],"epcis":["75056"]},"geometry":{"type":"LineString","coordinates":[[2.32627,48.86963],[2.32382,48.86905],[2.32208,48.86682]]}},
{"type":"Feature","properties":{"id":171,"ligne":"METRO 8","mode":"metro","couleur":"#d282be","deps":["75"],"epcis":["75056"]},"geometry":{"type":"LineString","coordinates":[[2.40233,48.83712],[2.39618,48.83945]]}},
{"type":"Feature","properties":{"id":172,"ligne":"METRO 8","mode":"metro","couleur":"#d282be","deps":["94"],"epcis":["200058006"]},"geometry":{"type":"LineString","coordinates":[[2.45936,48.78],[2.45906,48.78363],[2.45837,48.78504],[2.45681,48.78618],[2.45253,48.78802],[2.45051,48.78992]]}},
{"type":"Feature","properties":{"id":173,"ligne":"RER D","mode":"rer","couleur":"#008b5b","deps":["94"],"epcis":["200057941","200058006"]},"geometry":{"type":"LineString","coordinates":[[2.43224,48.78847],[2.43023,48.79339],[2.42967,48.79709],[2.42648,48.80205]]}},
{"type":"Feature","properties":{"id":174,"ligne":"RER D","mode":"rer","couleur":"#008b5b","deps":["91"],"epcis":["200058477"]},"geometry":{"type":"LineString","coordinates":[[2.50668,48.69911],[2.50287,48.70265],[2.50059,48.70396],[2.49728,48.70537],[2.49485,48.70609],[2.49071,48.70682],[2.48748,48.70691],[2.48424,48.70661]]}},
{"type":"Feature","properties":{"id":175,"ligne":"RER B","mode":"rer","couleur":"#5091cb","deps":["92"],"epcis":["200057966"]},"geometry":{"type":"LineString","coordinates":[[2.28767,48.73968],[2.29346,48.7417],[2.29592,48.74302]]}},
{"type":"Feature","properties":{"id":176,"ligne":"RER B","mode":"rer","couleur":"#5091cb","deps":["91","92"],"epcis":["200056232","200057966"]},"geometry":{"type":"LineString","coordinates":[[2.274,48.73489],[2.27847,48.7364],[2.2814,48.73705],[2.28436,48.73849],[2.28767,48.73968]]}},
{"type":"Feature","properties":{"id":177,"ligne":"TER CENTRE-VDL","mode":"train","couleur":"#aaaaaa","deps":["78"],"epcis":["200058782","247800584"]},"geometry":{"type":"LineString","coordinates":[[1.99286,48.82365],[1.99565,48.82226],[2.03096,48.80926],[2.0348,48.80817],[2.04052,48.80725]]}},
{"type":"Feature","properties":{"id":178,"ligne":"TER CENTRE-VDL","mode":"train","couleur":"#aaaaaa","deps":["78"],"epcis":["247800618"]},"geometry":{"type":"LineString","coordinates":[[1.8775,48.81533],[1.87905,48.81719],[1.87994,48.81939],[1.87998,48.8307],[1.88041,48.83268],[1.88233,48.83533],[1.88413,48.83664],[1.88605,48.83754],[1.89003,48.83851],[1.89373,48.83877],[1.89604,48.83867],[1.89887,48.83812],[1.90449,48.83595],[1.90833,48.83497],[1.9246,48.83351]]}},
{"type":"Feature","properties":{"id":179,"ligne":"TER CENTRE-VDL","mode":"train","couleur":"#aaaaaa","deps":["78"],"epcis":["200058782"]},"geometry":{"type":"LineString","coordinates":[[1.94305,48.75519],[1.95567,48.75799],[1.97416,48.76298],[1.97705,48.76399],[1.98371,48.76686],[1.99046,48.76921],[1.99769,48.77235],[2.00657,48.7748]]}},
{"type":"Feature","properties":{"id":180,"ligne":"TER CENTRE-VDL","mode":"train","couleur":"#aaaaaa","deps":["78"],"epcis":["200058782"]},"geometry":{"type":"LineString","coordinates":[[2.00657,48.7748],[2.03288,48.782],[2.03659,48.78343],[2.04462,48.78739]]}},
{"type":"Feature","properties":{"id":181,"ligne":"RER E","mode":"rer","couleur":"#b94e9a","deps":["94"],"epcis":["200057941"]},"geometry":{"type":"LineString","coordinates":[[2.48917,48.85427],[2.49363,48.84188],[2.49419,48.83934]]}},
{"type":"Feature","properties":{"id":182,"ligne":"METRO 1","mode":"metro","couleur":"#ffbe00","deps":["75"],"epcis":["75056"]},"geometry":{"type":"LineString","coordinates":[[2.34111,48.86081],[2.3365,48.86235]]}},
{"type":"Feature","properties":{"id":183,"ligne":"METRO 9","mode":"metro","couleur":"#d2d200","deps":["75"],"epcis":["75056"]},"geometry":{"type":"LineString","coordinates":[[2.37394,48.86148],[2.38002,48.85788]]}},
{"type":"Feature","properties":{"id":184,"ligne":"METRO 9","mode":"metro","couleur":"#d2d200","deps":["92"],"epcis":["200057974"]},"geometry":{"type":"LineString","coordinates":[[2.23103,48.82975],[2.23744,48.83174]]}},
{"type":"Feature","properties":{"id":185,"ligne":"METRO 9","mode":"metro","couleur":"#d2d200","deps":["75"],"epcis":["75056"]},"geometry":{"type":"LineString","coordinates":[[2.25961,48.84241],[2.26175,48.84506]]}},
{"type":"Feature","properties":{"id":186,"ligne":"METRO 9","mode":"metro","couleur":"#d2d200","deps":["75"],"epcis":["75056"]},"geometry":{"type":"LineString","coordinates":[[2.40193,48.85198],[2.40609,48.85273]]}},
{"type":"Feature","properties":{"id":187,"ligne":"METRO 9","mode":"metro","couleur":"#d2d200","deps":["75"],"epcis":["75056"]},"geometry":{"type":"LineString","coordinates":[[2.38963,48.85217],[2.3947,48.84914],[2.39588,48.84894]]}},
{"type":"Feature","properties":{"id":188,"ligne":"METRO 9","mode":"metro","couleur":"#d2d200","deps":["75"],"epcis":["75056"]},"geometry":{"type":"LineString","coordinates":[[2.33446,48.8728],[2.33886,48.87219]]}},
{"type":"Feature","properties":{"id":189,"ligne":"METRO 10","mode":"metro","couleur":"#dc9600","deps":["75"],"epcis":["75056"]},"geometry":{"type":"LineString","coordinates":[[2.26422,48.84793],[2.26647,48.84752],[2.26821,48.84747],[2.26914,48.84715]]}},
{"type":"Feature","properties":{"id":190,"ligne":"METRO 10","mode":"metro","couleur":"#dc9600","deps":["75"],"epcis":["75056"]},"geometry":{"type":"LineString","coordinates":[[2.34427,48.85105],[2.34061,48.85194]]}},
{"type":"Feature","properties":{"id":191,"ligne":"METRO 10","mode":"metro","couleur":"#dc9600","deps":["75"],"epcis":["75056"]},"geometry":{"type":"LineString","coordinates":[[2.29863,48.84958],[2.29721,48.84854],[2.29606,48.84726],[2.29502,48.847]]}},
{"type":"Feature","properties":{"id":192,"ligne":"METRO 10","mode":"metro","couleur":"#dc9600","deps":["92"],"epcis":["200057974"]},"geometry":{"type":"LineString","coordinates":[[2.22854,48.84075],[2.23127,48.84131],[2.23685,48.84164],[2.23889,48.84201]]}},
{"type":"Feature","properties":{"id":193,"ligne":"METRO 14","mode":"metro","couleur":"#640082","deps":["75"],"epcis":["75056"]},"geometry":{"type":"LineString","coordinates":[[2.37392,48.84349],[2.37237,48.84437],[2.37111,48.84552],[2.36657,48.84758],[2.36013,48.85268],[2.34859,48.85715],[2.34648,48.85959]]}},
{"type":"Feature","properties":{"id":194,"ligne":"METRO 14","mode":"metro","couleur":"#640082","deps":["75"],"epcis":["75056"]},"geometry":{"type":"LineString","coordinates":[[2.33419,48.86591],[2.3278,48.86999],[2.32575,48.87067]]}},
{"type":"Feature","properties":{"id":195,"ligne":"METRO 14","mode":"metro","couleur":"#640082","deps":["75"],"epcis":["75056"]},"geometry":{"type":"LineString","coordinates":[[2.37955,48.84],[2.37392,48.84349]]}},
{"type":"Feature","properties":{"id":196,"ligne":"METRO 12","mode":"metro","couleur":"#00643c","deps":["75"],"epcis":["75056"]},"geometry":{"type":"LineString","coordinates":[[2.32778,48.84846],[2.32682,48.85176]]}},
{"type":"Feature","properties":{"id":197,"ligne":"METRO 13","mode":"metro","couleur":"#82c8e6","deps":["75"],"epcis":["75056"]},"geometry":{"type":"LineString","coordinates":[[2.32249,48.83863],[2.32098,48.84233]]}},
{"type":"Feature","properties":{"id":198,"ligne":"ORLYVAL","mode":"train","couleur":"#5ec5ed","deps":["91"],"epcis":["200058014"]},"geometry":{"type":"LineString","coordinates":[[2.36001,48.72965],[2.36183,48.72996],[2.36291,48.72987],[2.36375,48.72949],[2.3648,48.72856],[2.36566,48.72832],[2.36991,48.72902]]}},
{"type":"Feature","properties":{"id":199,"ligne":"TRAIN P","mode":"train","couleur":"#f58f53","deps":["93"],"epcis":["200058790"]},"geometry":{"type":"LineString","coordinates":[[2.48121,48.88253],[2.48447,48.87894],[2.48555,48.87718],[2.48624,48.87415],[2.48576,48.86991]]}},
{"type":"Feature","properties":{"id":200,"ligne":"TRAIN P","mode":"train","couleur":"#f58f53","deps":["77"],"epcis":["200057958"]},"geometry":{"type":"LineString","coordinates":[[2.58333,48.87414],[2.59057,48.87351],[2.59683,48.8734],[2.63759,48.87521]]}},
{"type":"Feature","properties":{"id":201,"ligne":"TRAIN P","mode":"train","couleur":"#f58f53","deps":["77","93"],"epcis":["200057958","200058790"]},"geometry":{"type":"LineString","coordinates":[[2.55288,48.87716],[2.58333,48.87414]]}},
{"type":"Feature","properties":{"id":202,"ligne":"METRO 13","mode":"metro","couleur":"#82c8e6","deps":["75"],"epcis":["75056"]},"geometry":{"type":"LineString","coordinates":[[2.32578,48.88718],[2.32017,48.89059]]}},
{"type":"Feature","properties":{"id":203,"ligne":"METRO 13","mode":"metro","couleur":"#82c8e6","deps":["75"],"epcis":["75056"]},"geometry":{"type":"LineString","coordinates":[[2.31506,48.85687],[2.31508,48.85786],[2.31394,48.85863],[2.31392,48.86003]]}},
{"type":"Feature","properties":{"id":204,"ligne":"METRO 13","mode":"metro","couleur":"#82c8e6","deps":["75"],"epcis":["75056"]},"geometry":{"type":"LineString","coordinates":[[2.32017,48.89059],[2.31377,48.89425]]}},
{"type":"Feature","properties":{"id":205,"ligne":"METRO 13","mode":"metro","couleur":"#82c8e6","deps":["75"],"epcis":["75056"]},"geometry":{"type":"LineString","coordinates":[[2.31389,48.8676],[2.31311,48.87034],[2.31467,48.87253],[2.31446,48.87377]]}},
{"type":"Feature","properties":{"id":206,"ligne":"METRO 13","mode":"metro","couleur":"#82c8e6","deps":["75"],"epcis":["75056"]},"geometry":{"type":"LineString","coordinates":[[2.32098,48.84233],[2.31982,48.84511],[2.31642,48.84705]]}},
{"type":"Feature","properties":{"id":207,"ligne":"RER B","mode":"rer","couleur":"#5091cb","deps":["75","94"],"epcis":["200058014","75056"]},"geometry":{"type":"LineString","coordinates":[[2.34089,48.81523],[2.33909,48.81871],[2.33898,48.82109]]}},
{"type":"Feature","properties":{"id":208,"ligne":"RER B","mode":"rer","couleur":"#5091cb","deps":["93"],"epcis":["200057867"]},"geometry":{"type":"LineString","coordinates":[[2.36247,48.91801],[2.36451,48.919],[2.36715,48.91989],[2.38129,48.92338],[2.38639,48.92435]]}},
{"type":"Feature","properties":{"id":209,"ligne":"METRO 12","mode":"metro","couleur":"#00643c","deps":["75"],"epcis":["75056"]},"geometry":{"type":"LineString","coordinates":[[2.32582,48.8552],[2.32534,48.85642],[2.32317,48.8585]]}},
{"type":"Feature","properties":{"id":210,"ligne":"METRO 12","mode":"metro","couleur":"#00643c","deps":["75"],"epcis":["75056"]},"geometry":{"type":"LineString","coordinates":[[2.32435,48.84374],[2.32718,48.8429],[2.32879,48.84429],[2.32878,48.84494]]}},
{"type":"Feature","properties":{"id":211,"ligne":"METRO 4","mode":"metro","couleur":"#a0006e","deps":["75"],"epcis":["75056"]},"geometry":{"type":"LineString","coordinates":[[2.32558,48.82341],[2.32647,48.82693],[2.32716,48.82819]]}},
{"type":"Feature","properties":{"id":212,"ligne":"METRO 4","mode":"metro","couleur":"#a0006e","deps":["75"],"epcis":["75056"]},"geometry":{"type":"LineString","coordinates":[[2.33378,48.85372],[2.33973,48.8523]]}},
{"type":"Feature","properties":{"id":213,"ligne":"METRO 4","mode":"metro","couleur":"#a0006e","deps":["75"],"epcis":["75056"]},"geometry":{"type":"LineString","coordinates":[[2.33973,48.8523],[2.34139,48.85228],[2.34329,48.85317]]}},
{"type":"Feature","properties":{"id":214,"ligne":"METRO 4","mode":"metro","couleur":"#a0006e","deps":["75"],"epcis":["75056"]},"geometry":{"type":"LineString","coordinates":[[2.32971,48.83111],[2.33174,48.83345]]}},
{"type":"Feature","properties":{"id":215,"ligne":"METRO 4","mode":"metro","couleur":"#a0006e","deps":["75"],"epcis":["75056"]},"geometry":{"type":"LineString","coordinates":[[2.34579,48.86252],[2.34647,48.86325],[2.34962,48.86397]]}},
{"type":"Feature","properties":{"id":216,"ligne":"METRO 4","mode":"metro","couleur":"#a0006e","deps":["75"],"epcis":["75056"]},"geometry":{"type":"LineString","coordinates":[[2.34677,48.85972],[2.3454,48.86131],[2.34579,48.86252]]}},
{"type":"Feature","properties":{"id":217,"ligne":"METRO 4","mode":"metro","couleur":"#a0006e","deps":["75"],"epcis":["75056"]},"geometry":{"type":"LineString","coordinates":[[2.34743,48.89434],[2.34485,48.8974]]}},
{"type":"Feature","properties":{"id":218,"ligne":"TER","mode":"train","couleur":"#888888","deps":["95"],"epcis":["200056380","200073013"]},"geometry":{"type":"LineString","coordinates":[[2.32767,49.06853],[2.35051,49.07927]]}},
{"type":"Feature","properties":{"id":219,"ligne":"TER","mode":"train","couleur":"#888888","deps":["95"],"epcis":["200073013"]},"geometry":{"type":"LineString","coordinates":[[2.35051,49.07927],[2.35299,49.08127],[2.35616,49.0858],[2.3569,49.08764],[2.35819,49.09376],[2.36127,49.0984]]}},
{"type":"Feature","properties":{"id":220,"ligne":"TER NORMANDIE","mode":"train","couleur":"#888888","deps":["92"],"epcis":["200057990"]},"geometry":{"type":"LineString","coordinates":[[2.27928,48.90857],[2.2716,48.91425]]}},
{"type":"Feature","properties":{"id":221,"ligne":"TER","mode":"train","couleur":"#888888","deps":["95"],"epcis":["249500430"]},"geometry":{"type":"LineString","coordinates":[[2.1753,49.07046],[2.18902,49.07449],[2.1917,49.07561],[2.19376,49.07688],[2.19607,49.07936],[2.20098,49.08931]]}},
{"type":"Feature","properties":{"id":222,"ligne":"TER","mode":"train","couleur":"#888888","deps":["95"],"epcis":["249500430","249500455"]},"geometry":{"type":"LineString","coordinates":[[2.20098,49.08931],[2.20092,49.0876],[2.20186,49.08601],[2.20279,49.08522],[2.20591,49.08356],[2.20718,49.08211],[2.2074,49.08104],[2.20721,49.08013],[2.20545,49.0777]]}},
{"type":"Feature","properties":{"id":223,"ligne":"TER","mode":"train","couleur":"#888888","deps":["95"],"epcis":["200058485"]},"geometry":{"type":"LineString","coordinates":[[2.25966,48.9961],[2.26214,48.99298],[2.26329,48.99031]]}},
{"type":"Feature","properties":{"id":224,"ligne":"TER","mode":"train","couleur":"#888888","deps":["95"],"epcis":["249500430"]},"geometry":{"type":"LineString","coordinates":[[2.20182,49.09107],[2.20098,49.08931]]}},
{"type":"Feature","properties":{"id":225,"ligne":"RER C","mode":"rer","couleur":"#ffcc30","deps":["78"],"epcis":["247800584"]},"geometry":{"type":"LineString","coordinates":[[2.07185,48.79871],[2.0751,48.79871],[2.07817,48.7982],[2.08507,48.79557],[2.0887,48.79472],[2.09234,48.79457],[2.10351,48.7957],[2.10546,48.79573],[2.10827,48.79525],[2.11248,48.7937],[2.11508,48.79304],[2.12337,48.79201],[2.1261,48.79207],[2.12836,48.79251],[2.13336,48.79467],[2.13516,48.79514]]}},
{"type":"Feature","properties":{"id":226,"ligne":"TRAIN V","mode":"train","couleur":"#9f9825","deps":["78"],"epcis":["247800584"]},"geometry":{"type":"LineString","coordinates":[[2.13516,48.79514],[2.13794,48.79552],[2.14214,48.79572]]}},
{"type":"Feature","properties":{"id":227,"ligne":"RER D","mode":"rer","couleur":"#008b5b","deps":["91"],"epcis":["200058014","200058477"]},"geometry":{"type":"LineString","coordinates":[[2.38383,48.68957],[2.38698,48.69276],[2.39506,48.70195],[2.39664,48.70329],[2.39922,48.70425],[2.40495,48.70479],[2.40789,48.70539],[2.41006,48.70621],[2.41387,48.70812]]}},
{"type":"Feature","properties":{"id":228,"ligne":"RER D","mode":"rer","couleur":"#008b5b","deps":[],"epcis":[]},"geometry":{"type":"LineString","coordinates":[[2.49018,49.13829],[2.4942,49.13465],[2.50701,49.12621]]}},
{"type":"Feature","properties":{"id":229,"ligne":"TER HAUTS-DE-FRANCE","mode":"train","couleur":"#008b5b","deps":["93","95"],"epcis":["200055655","200057867"]},"geometry":{"type":"LineString","coordinates":[[2.39059,48.97675],[2.3721,48.96376]]}},
{"type":"Feature","properties":{"id":230,"ligne":"TER HAUTS-DE-FRANCE","mode":"train","couleur":"#008b5b","deps":["95"],"epcis":["200055655"]},"geometry":{"type":"LineString","coordinates":[[2.47803,49.03318],[2.46217,49.02316]]}},
{"type":"Feature","properties":{"id":231,"ligne":"TER HAUTS-DE-FRANCE","mode":"train","couleur":"#008b5b","deps":["95"],"epcis":["200055655"]},"geometry":{"type":"LineString","coordinates":[[2.41619,48.99378],[2.40438,48.98641],[2.39059,48.97675]]}},
{"type":"Feature","properties":{"id":232,"ligne":"TER NORMANDIE","mode":"train","couleur":"#aaaaaa","deps":["78"],"epcis":["200059889"]},"geometry":{"type":"LineString","coordinates":[[1.98314,48.98145],[1.98739,48.97843],[1.98959,48.97648],[1.99156,48.97405],[1.99296,48.97139],[1.99363,48.96919],[1.9996,48.93949]]}},
{"type":"Feature","properties":{"id":233,"ligne":"TER NORMANDIE","mode":"train","couleur":"#aaaaaa","deps":["78"],"epcis":["200059889"]},"geometry":{"type":"LineString","coordinates":[[2.09777,48.99663],[2.09464,48.99575]]}},
{"type":"Feature","properties":{"id":234,"ligne":"TER NORMANDIE","mode":"train","couleur":"#aaaaaa","deps":["78","95"],"epcis":["200058485","200059889"]},"geometry":{"type":"LineString","coordinates":[[2.16191,48.99029],[2.15732,48.99243],[2.1548,48.99314],[2.11603,48.99967],[2.11173,48.99976],[2.108,48.99936],[2.09777,48.99663]]}},
{"type":"Feature","properties":{"id":235,"ligne":"TRAIN U","mode":"train","couleur":"#b6134c","deps":["92"],"epcis":["200057982"]},"geometry":{"type":"LineString","coordinates":[[2.20994,48.84052],[2.21293,48.84151],[2.2152,48.84281],[2.21635,48.84383],[2.21762,48.8461]]}},
{"type":"Feature","properties":{"id":236,"ligne":"TRAIN U","mode":"train","couleur":"#b6134c","deps":["92"],"epcis":["200057982"]},"geometry":{"type":"LineString","coordinates":[[2.23369,48.88338],[2.23508,48.88574],[2.23565,48.88978],[2.23702,48.89219]]}},
{"type":"Feature","properties":{"id":237,"ligne":"TER HAUTS-DE-FRANCE","mode":"train","couleur":"#aaaaaa","deps":["95"],"epcis":["200056380","200073013"]},"geometry":{"type":"LineString","coordinates":[[2.32292,49.04517],[2.3206,49.05152],[2.32042,49.06266],[2.32097,49.06459],[2.32292,49.06629]]}},
{"type":"Feature","properties":{"id":238,"ligne":"TRAIN J","mode":"train","couleur":"#cec73d","deps":["78"],"epcis":["200059889"]},"geometry":{"type":"LineString","coordinates":[[1.71699,48.98295],[1.72886,48.9783],[1.73357,48.97561],[1.73857,48.97197],[1.74226,48.97008],[1.74926,48.9672],[1.75571,48.96545],[1.76334,48.96432],[1.77361,48.96363],[1.79934,48.96311],[1.80909,48.96334]]}},
{"type":"Feature","properties":{"id":239,"ligne":"TRAIN J","mode":"train","couleur":"#cec73d","deps":["78"],"epcis":["200059889"]},"geometry":{"type":"LineString","coordinates":[[1.71521,48.98365],[1.71228,48.98493],[1.7072,48.9878],[1.70302,48.9895]]}},
{"type":"Feature","properties":{"id":240,"ligne":"RER A","mode":"rer","couleur":"#eb2132","deps":["78"],"epcis":["200058519"]},"geometry":{"type":"LineString","coordinates":[[2.15709,48.93774],[2.17819,48.92406],[2.18535,48.92038]]}},
{"type":"Feature","properties":{"id":241,"ligne":"RER A","mode":"rer","couleur":"#eb2132","deps":["75"],"epcis":["75056"]},"geometry":{"type":"LineString","coordinates":[[2.39582,48.84824],[2.39119,48.84909],[2.38862,48.84902],[2.38712,48.84863],[2.38499,48.84729],[2.38218,48.84366],[2.38103,48.84302],[2.37972,48.84265],[2.37688,48.84261],[2.37519,48.84311],[2.37326,48.84414]]}},
{"type":"Feature","properties":{"id":242,"ligne":"TRAIN L","mode":"train","couleur":"#c4a4cc","deps":["78","92"],"epcis":["200057974","247800584"]},"geometry":{"type":"LineString","coordinates":[[2.16767,48.80548],[2.17624,48.80568],[2.1805,48.80653],[2.18308,48.80763],[2.1849,48.80881],[2.18826,48.81257]]}},
{"type":"Feature","properties":{"id":243,"ligne":"METRO 14","mode":"metro","couleur":"#640082","deps":["75"],"epcis":["75056"]},"geometry":{"type":"LineString","coordinates":[[2.38663,48.83334],[2.38799,48.83471],[2.38781,48.83563],[2.3872,48.83598],[2.38386,48.83685],[2.37955,48.84]]}},
{"type":"Feature","properties":{"id":244,"ligne":"TRAM 2","mode":"tram","couleur":"#a0006e","deps":["75"],"epcis":["75056"]},"geometry":{"type":"LineString","coordinates":[[2.27685,48.83331],[2.27445,48.83444],[2.27124,48.83475]]}},
{"type":"Feature","properties":{"id":245,"ligne":"TRAM 1","mode":"tram","couleur":"#0055c8","deps":["92"],"epcis":["200057990"]},"geometry":{"type":"LineString","coordinates":[[2.30063,48.93339],[2.29592,48.93357]]}},
{"type":"Feature","properties":{"id":246,"ligne":"METRO 2","mode":"metro","couleur":"#0055c8","deps":["75"],"epcis":["75056"]},"geometry":{"type":"LineString","coordinates":[[2.34467,48.88297],[2.35061,48.8838]]}},
{"type":"Feature","properties":{"id":247,"ligne":"METRO 2","mode":"metro","couleur":"#0055c8","deps":["75"],"epcis":["75056"]},"geometry":{"type":"LineString","coordinates":[[2.36582,48.88428],[2.3687,48.88395],[2.37016,48.88269],[2.37026,48.88162]]}},
{"type":"Feature","properties":{"id":248,"ligne":"METRO 2","mode":"metro","couleur":"#0055c8","deps":["75"],"epcis":["75056"]},"geometry":{"type":"LineString","coordinates":[[2.37081,48.87761],[2.37673,48.87228]]}},
{"type":"Feature","properties":{"id":249,"ligne":"METRO 5","mode":"metro","couleur":"#ff5a00","deps":["75"],"epcis":["75056"]},"geometry":{"type":"LineString","coordinates":[[2.37191,48.85987],[2.37226,48.86129],[2.37182,48.86243],[2.3679,48.86496]]}},
{"type":"Feature","properties":{"id":250,"ligne":"METRO 5","mode":"metro","couleur":"#ff5a00","deps":["75"],"epcis":["75056"]},"geometry":{"type":"LineString","coordinates":[[2.37021,48.85614],[2.37191,48.85987]]}},
{"type":"Feature","properties":{"id":251,"ligne":"METRO 7","mode":"metro","couleur":"#ff82b4","deps":["75"],"epcis":["75056"]},"geometry":{"type":"LineString","coordinates":[[2.34058,48.87497],[2.34457,48.87601]]}},
{"type":"Feature","properties":{"id":252,"ligne":"METRO 7","mode":"metro","couleur":"#ff82b4","deps":["75"],"epcis":["75056"]},"geometry":{"type":"LineString","coordinates":[[2.35936,48.81958],[2.35855,48.82218]]}},
{"type":"Feature","properties":{"id":253,"ligne":"METRO 7","mode":"metro","couleur":"#ff82b4","deps":["75"],"epcis":["75056"]},"geometry":{"type":"LineString","coordinates":[[2.34815,48.85694],[2.34223,48.85855]]}},
{"type":"Feature","properties":{"id":254,"ligne":"METRO 7","mode":"metro","couleur":"#ff82b4","deps":["75"],"epcis":["75056"]},"geometry":{"type":"LineString","coordinates":[[2.35161,48.84023],[2.35222,48.84287]]}},
{"type":"Feature","properties":{"id":255,"ligne":"METRO 7","mode":"metro","couleur":"#ff82b4","deps":["75"],"epcis":["75056"]},"geometry":{"type":"LineString","coordinates":[[2.36499,48.88095],[2.36958,48.8848]]}},
{"type":"Feature","properties":{"id":256,"ligne":"METRO 7","mode":"metro","couleur":"#ff82b4","deps":["94"],"epcis":["200058014"]},"geometry":{"type":"LineString","coordinates":[[2.3678,48.78756],[2.36951,48.79148],[2.36897,48.79452],[2.36827,48.79648]]}},
{"type":"Feature","properties":{"id":257,"ligne":"METRO 7","mode":"metro","couleur":"#ff82b4","deps":["75"],"epcis":["75056"]},"geometry":{"type":"LineString","coordinates":[[2.34223,48.85855],[2.34059,48.85885],[2.3401,48.85914],[2.34014,48.86136],[2.33987,48.86195],[2.33688,48.86283]]}},
{"type":"Feature","properties":{"id":258,"ligne":"METRO 7","mode":"metro","couleur":"#ff82b4","deps":["75"],"epcis":["75056"]},"geometry":{"type":"LineString","coordinates":[[2.35716,48.85358],[2.34815,48.85694]]}},
{"type":"Feature","properties":{"id":259,"ligne":"METRO 7","mode":"metro","couleur":"#ff82b4","deps":["93"],"epcis":["200057867","200057875"]},"geometry":{"type":"LineString","coordinates":[[2.40441,48.91495],[2.4106,48.92079]]}},
{"type":"Feature","properties":{"id":260,"ligne":"METRO 7","mode":"metro","couleur":"#ff82b4","deps":["93"],"epcis":["200057867","200057875"]},"geometry":{"type":"LineString","coordinates":[[2.39222,48.90378],[2.40441,48.91495]]}},
{"type":"Feature","properties":{"id":261,"ligne":"METRO 11","mode":"metro","couleur":"#6e491e","deps":["75"],"epcis":["75056"]},"geometry":{"type":"LineString","coordinates":[[2.3535,48.8612],[2.35568,48.86518],[2.35614,48.8654],[2.35673,48.86532]]}},
{"type":"Feature","properties":{"id":262,"ligne":"METRO 3bis","mode":"metro","couleur":"#82c8e6","deps":["75"],"epcis":["75056"]},"geometry":{"type":"LineString","coordinates":[[2.40156,48.86844],[2.40451,48.8721]]}},
{"type":"Feature","properties":{"id":263,"ligne":"METRO 3","mode":"metro","couleur":"#6e6e00","deps":["75"],"epcis":["75056"]},"geometry":{"type":"LineString","coordinates":[[2.40803,48.8646],[2.39691,48.86498]]}},
{"type":"Feature","properties":{"id":264,"ligne":"METRO 3","mode":"metro","couleur":"#6e6e00","deps":["75"],"epcis":["75056"]},"geometry":{"type":"LineString","coordinates":[[2.31472,48.88109],[2.31255,48.88094],[2.3106,48.88242],[2.30905,48.88289]]}},
{"type":"Feature","properties":{"id":265,"ligne":"METRO 7bis","mode":"metro","couleur":"#82dc73","deps":["75"],"epcis":["75056"]},"geometry":{"type":"LineString","coordinates":[[2.39401,48.88182],[2.39675,48.88123],[2.39847,48.88027]]}},
{"type":"Feature","properties":{"id":266,"ligne":"TRAM 7","mode":"tram","couleur":"#6e491e","deps":["94"],"epcis":["200058014"]},"geometry":{"type":"LineString","coordinates":[[2.36782,48.77207],[2.36741,48.77894]]}},
{"type":"Feature","properties":{"id":267,"ligne":"TRAM 6","mode":"tram","couleur":"#ff0000","deps":["78"],"epcis":["247800584"]},"geometry":{"type":"LineString","coordinates":[[2.20913,48.7814],[2.21443,48.78362]]}},
{"type":"Feature","properties":{"id":268,"ligne":"TRAM 6","mode":"tram","couleur":"#ff0000","deps":["78"],"epcis":["247800584"]},"geometry":{"type":"LineString","coordinates":[[2.19651,48.78009],[2.20446,48.77953],[2.20913,48.7814]]}},
{"type":"Feature","properties":{"id":269,"ligne":"TRAM 6","mode":"tram","couleur":"#ff0000","deps":["78"],"epcis":["247800584"]},"geometry":{"type":"LineString","coordinates":[[2.19141,48.78045],[2.19651,48.78009]]}},
{"type":"Feature","properties":{"id":270,"ligne":"TRAM 6","mode":"tram","couleur":"#ff0000","deps":["78","92"],"epcis":["200057974","247800584"]},"geometry":{"type":"LineString","coordinates":[[2.22001,48.78497],[2.22122,48.78489],[2.22246,48.78444],[2.22479,48.78408],[2.22528,48.78354]]}},
{"type":"Feature","properties":{"id":271,"ligne":"TRAM 8","mode":"tram","couleur":"#6e6e00","deps":["93"],"epcis":["200057867"]},"geometry":{"type":"LineString","coordinates":[[2.29559,48.9555],[2.30199,48.95583]]}},
{"type":"Feature","properties":{"id":272,"ligne":"TRAM 8","mode":"tram","couleur":"#6e6e00","deps":["93"],"epcis":["200057867"]},"geometry":{"type":"LineString","coordinates":[[2.31153,48.95588],[2.31307,48.95452],[2.3154,48.95317]]}},
{"type":"Feature","properties":{"id":273,"ligne":"TRAM 8","mode":"tram","couleur":"#6e6e00","deps":["93"],"epcis":["200057867"]},"geometry":{"type":"LineString","coordinates":[[2.34252,48.94958],[2.34346,48.95273]]}},
{"type":"Feature","properties":{"id":274,"ligne":"TRAM 8","mode":"tram","couleur":"#6e6e00","deps":["93"],"epcis":["200057867"]},"geometry":{"type":"LineString","coordinates":[[2.34786,48.93527],[2.3527,48.93205]]}},
{"type":"Feature","properties":{"id":275,"ligne":"TRAM 8","mode":"tram","couleur":"#6e6e00","deps":["93"],"epcis":["200057867"]},"geometry":{"type":"LineString","coordinates":[[2.34311,48.95667],[2.34182,48.95755],[2.34174,48.95878],[2.34205,48.95932]]}},
{"type":"Feature","properties":{"id":276,"ligne":"TRAM 8","mode":"tram","couleur":"#6e6e00","deps":["93"],"epcis":["200057867"]},"geometry":{"type":"LineString","coordinates":[[2.34731,48.94556],[2.34715,48.94511],[2.34769,48.94238],[2.34707,48.94198],[2.34521,48.93969]]}},
{"type":"Feature","properties":{"id":277,"ligne":"TRAM 3a","mode":"tram","couleur":"#ff5a00","deps":["75"],"epcis":["75056"]},"geometry":{"type":"LineString","coordinates":[[2.3458,48.8195],[2.35093,48.82087]]}},
{"type":"Feature","properties":{"id":278,"ligne":"TRAM 3a","mode":"tram","couleur":"#ff5a00","deps":["75"],"epcis":["75056"]},"geometry":{"type":"LineString","coordinates":[[2.37005,48.82183],[2.37766,48.82435]]}},
{"type":"Feature","properties":{"id":279,"ligne":"TRAM 3a","mode":"tram","couleur":"#ff5a00","deps":["75"],"epcis":["75056"]},"geometry":{"type":"LineString","coordinates":[[2.38117,48.82557],[2.38397,48.82651],[2.39125,48.82983],[2.39345,48.83039]]}},
{"type":"Feature","properties":{"id":280,"ligne":"TRAM 3b","mode":"tram","couleur":"#00643c","deps":["75"],"epcis":["75056"]},"geometry":{"type":"LineString","coordinates":[[2.36904,48.8986],[2.36365,48.89849]]}},
{"type":"Feature","properties":{"id":281,"ligne":"TRAM 3b","mode":"tram","couleur":"#00643c","deps":["75"],"epcis":["75056"]},"geometry":{"type":"LineString","coordinates":[[2.38658,48.89743],[2.38537,48.89737],[2.38404,48.8962],[2.38349,48.89613],[2.38174,48.89859],[2.38054,48.89873]]}},
{"type":"Feature","properties":{"id":282,"ligne":"TRAM 3b","mode":"tram","couleur":"#00643c","deps":["75"],"epcis":["75056"]},"geometry":{"type":"LineString","coordinates":[[2.41074,48.85299],[2.41136,48.84923],[2.41115,48.84759],[2.41083,48.84731],[2.40966,48.84739]]}},
{"type":"Feature","properties":{"id":283,"ligne":"TRAM 3b","mode":"tram","couleur":"#00643c","deps":["75"],"epcis":["75056"]},"geometry":{"type":"LineString","coordinates":[[2.40969,48.8587],[2.40883,48.86343]]}},
{"type":"Feature","properties":{"id":284,"ligne":"TRAM 3b","mode":"tram","couleur":"#00643c","deps":["75"],"epcis":["75056"]},"geometry":{"type":"LineString","coordinates":[[2.40123,48.87946],[2.40014,48.88086],[2.40069,48.88177],[2.4006,48.88223],[2.39979,48.8827],[2.39751,48.8832],[2.39675,48.88502]]}},
{"type":"Feature","properties":{"id":285,"ligne":"TRAM 5","mode":"tram","couleur":"#640082","deps":["93"],"epcis":["200057867"]},"geometry":{"type":"LineString","coordinates":[[2.35746,48.94821],[2.35701,48.94482]]}},
{"type":"Feature","properties":{"id":286,"ligne":"TRAM 5","mode":"tram","couleur":"#640082","deps":["93"],"epcis":["200057867"]},"geometry":{"type":"LineString","coordinates":[[2.36021,48.9635],[2.3596,48.96321],[2.35918,48.96258],[2.35874,48.95912]]}},
{"type":"Feature","properties":{"id":287,"ligne":"TRAM 11","mode":"tram","couleur":"#ff5a00","deps":["93"],"epcis":["200057867"]},"geometry":{"type":"LineString","coordinates":[[2.41112,48.94393],[2.40202,48.95149],[2.39883,48.9529],[2.3918,48.95473]]}},
{"type":"Feature","properties":{"id":288,"ligne":"TRAM 3b","mode":"tram","couleur":"#00643c","deps":["75"],"epcis":["75056"]},"geometry":{"type":"LineString","coordinates":[[2.32491,48.89755],[2.32184,48.89742],[2.3188,48.89631]]}},
{"type":"Feature","properties":{"id":289,"ligne":"TRAM 3b","mode":"tram","couleur":"#00643c","deps":["75"],"epcis":["75056"]},"geometry":{"type":"LineString","coordinates":[[2.30328,48.88974],[2.298,48.88724],[2.29697,48.88738]]}},
{"type":"Feature","properties":{"id":290,"ligne":"TRAIN K","mode":"train","couleur":"#9b9842","deps":["93"],"epcis":["200057867","200058097"]},"geometry":{"type":"LineString","coordinates":[[2.38639,48.92435],[2.42579,48.93074]]}},
{"type":"Feature","properties":{"id":291,"ligne":"TRAIN K","mode":"train","couleur":"#9b9842","deps":["93"],"epcis":["200058097"]},"geometry":{"type":"LineString","coordinates":[[2.47567,48.93231],[2.49551,48.9322]]}},
{"type":"Feature","properties":{"id":292,"ligne":"TRAIN H","mode":"train","couleur":"#84653d","deps":["95"],"epcis":["249500489"]},"geometry":{"type":"LineString","coordinates":[[2.28175,49.14897],[2.27782,49.14772]]}},
{"type":"Feature","properties":{"id":293,"ligne":"TRAIN H","mode":"train","couleur":"#84653d","deps":[],"epcis":[]},"geometry":{"type":"LineString","coordinates":[[2.3773,49.20348],[2.39586,49.20608],[2.39819,49.20658],[2.41703,49.21379]]}},
{"type":"Feature","properties":{"id":294,"ligne":"TER BOURGOGNE-FC","mode":"train","couleur":"#aaaaaa","deps":[],"epcis":[]},"geometry":{"type":"LineString","coordinates":[[2.76273,48.14722],[2.76285,48.1241],[2.76309,48.12243],[2.76377,48.12096],[2.76495,48.11949],[2.76963,48.11597],[2.77181,48.11376],[2.77281,48.11211],[2.77459,48.10699],[2.77461,48.10351],[2.7721,48.09589]]}},
{"type":"Feature","properties":{"id":295,"ligne":"TER CENTRE-VDL","mode":"train","couleur":"#aaaaaa","deps":[],"epcis":[]},"geometry":{"type":"LineString","coordinates":[[1.59267,48.58677],[1.59332,48.58855],[1.59444,48.59034],[1.5966,48.59272],[1.60022,48.59474],[1.60447,48.59577],[1.63164,48.59679],[1.6574,48.5933],[1.66055,48.5933],[1.66343,48.59373],[1.66625,48.59463],[1.66775,48.59534],[1.67888,48.6028],[1.68165,48.60508]]}},
{"type":"Feature","properties":{"id":296,"ligne":"TER CENTRE-VDL","mode":"train","couleur":"#aaaaaa","deps":[],"epcis":[]},"geometry":{"type":"LineString","coordinates":[[1.51364,48.76835],[1.50051,48.76416],[1.45288,48.75314],[1.44969,48.7528],[1.44688,48.75291],[1.44465,48.75328],[1.43649,48.75547],[1.43348,48.75578],[1.43119,48.7557],[1.42685,48.75484],[1.42153,48.75261],[1.41929,48.75196],[1.40276,48.74885],[1.39936,48.74775],[1.39622,48.74619],[1.38437,48.73735],[1.38158,48.73564],[1.37047,48.73118]]}},
{"type":"Feature","properties":{"id":297,"ligne":"TER CENTRE-VDL","mode":"train","couleur":"#aaaaaa","deps":["78"],"epcis":["247800550","247800618"]},"geometry":{"type":"LineString","coordinates":[[1.70322,48.82658],[1.70961,48.82539],[1.71333,48.82441],[1.74682,48.8133],[1.76506,48.8104]]}},
{"type":"Feature","properties":{"id":298,"ligne":"METRO 4","mode":"metro","couleur":"#a0006e","deps":["92","94"],"epcis":["200057966","200058014"]},"geometry":{"type":"LineString","coordinates":[[2.31805,48.80363],[2.31869,48.80494],[2.31745,48.8097]]}},
{"type":"Feature","properties":{"id":299,"ligne":"TRAIN P","mode":"train","couleur":"#f58f53","deps":["77"],"epcis":["200037133","200040251","247700701"]},"geometry":{"type":"LineString","coordinates":[[3.25003,48.51375],[3.24493,48.51791],[3.24104,48.52007],[3.21604,48.52983],[3.19979,48.53544],[3.19692,48.53615],[3.19266,48.53666],[3.18876,48.53659],[3.16669,48.53382],[3.16166,48.53378],[3.15636,48.53427],[3.15278,48.53492],[3.07061,48.55407],[3.06504,48.55475],[3.01929,48.55891],[3.01719,48.55929],[3.01521,48.55997],[3.01201,48.56195]]}},
{"type":"Feature","properties":{"id":300,"ligne":"METRO 13","mode":"metro","couleur":"#82c8e6","deps":["93"],"epcis":["200057867"]},"geometry":{"type":"LineString","coordinates":[[2.33392,48.91196],[2.34331,48.91957]]}},
{"type":"Feature","properties":{"id":301,"ligne":"TER HAUTS-DE-FRANCE","mode":"rer","couleur":"#008b5b","deps":[],"epcis":[]},"geometry":{"type":"LineString","coordinates":[[2.45955,49.18709],[2.45696,49.20556],[2.45633,49.20823],[2.44283,49.23177],[2.44229,49.23328],[2.44225,49.23551],[2.44284,49.23727],[2.44498,49.2408],[2.44845,49.24484]]}},
{"type":"Feature","properties":{"id":302,"ligne":"RER D","mode":"rer","couleur":"#008b5b","deps":[],"epcis":[]},"geometry":{"type":"LineString","coordinates":[[2.45955,49.18709],[2.45696,49.20556],[2.45633,49.20823],[2.44283,49.23177],[2.44229,49.23328],[2.44225,49.23551],[2.44284,49.23727],[2.44498,49.2408],[2.44845,49.24484]]}},
{"type":"Feature","properties":{"id":303,"ligne":"TRAIN N","mode":"train","couleur":"#00b297","deps":["78"],"epcis":["247800618"]},"geometry":{"type":"LineString","coordinates":[[1.76506,48.8104],[1.81647,48.8026]]}},
{"type":"Feature","properties":{"id":304,"ligne":"METRO 11","mode":"metro","couleur":"#6e491e","deps":["93"],"epcis":["200057875"]},"geometry":{"type":"LineString","coordinates":[[2.44082,48.88314],[2.44317,48.88287],[2.44662,48.88153],[2.4494,48.87875],[2.45471,48.87834]]}},
{"type":"Feature","properties":{"id":305,"ligne":"TRAM 9","mode":"tram","couleur":"#3c91dc","deps":["94"],"epcis":["200058014"]},"geometry":{"type":"LineString","coordinates":[[2.39936,48.77299],[2.40079,48.77161],[2.40286,48.76844]]}},
{"type":"Feature","properties":{"id":306,"ligne":"TRAM 13","mode":"tram","couleur":"#8d653d","deps":["78"],"epcis":["247800584"]},"geometry":{"type":"LineString","coordinates":[[2.07475,48.79901],[2.07926,48.79854],[2.08007,48.79899],[2.07996,48.7994],[2.07781,48.80119],[2.07704,48.80238],[2.07677,48.80348],[2.07723,48.80662]]}},
{"type":"Feature","properties":{"id":307,"ligne":"TRAM 13","mode":"tram","couleur":"#8d653d","deps":["78"],"epcis":["200058519"]},"geometry":{"type":"LineString","coordinates":[[2.08168,48.91392],[2.08774,48.91498],[2.08857,48.91486],[2.09521,48.90171]]}},
{"type":"Feature","properties":{"id":308,"ligne":"TRAM 13","mode":"tram","couleur":"#8d653d","deps":["78"],"epcis":["200058519"]},"geometry":{"type":"LineString","coordinates":[[2.07297,48.9032],[2.07274,48.89974],[2.06997,48.89474]]}},
{"type":"Feature","properties":{"id":309,"ligne":"TRAM 10","mode":"tram","couleur":"#6e6e00","deps":["92"],"epcis":["200057966"]},"geometry":{"type":"LineString","coordinates":[[2.25003,48.77669],[2.25189,48.77984]]}},
{"type":"Feature","properties":{"id":310,"ligne":"TRAM 10","mode":"tram","couleur":"#6e6e00","deps":["92"],"epcis":["200057966"]},"geometry":{"type":"LineString","coordinates":[[2.27275,48.76379],[2.26588,48.76472]]}},
{"type":"Feature","properties":{"id":311,"ligne":"TRAM 12","mode":"tram","couleur":"#a50034","deps":["91"],"epcis":["200058014"]},"geometry":{"type":"LineString","coordinates":[[2.36262,48.66532],[2.37385,48.65902]]}},
{"type":"Feature","properties":{"id":312,"ligne":"TRAM 12","mode":"tram","couleur":"#a50034","deps":["91"],"epcis":["200059228"]},"geometry":{"type":"LineString","coordinates":[[2.39534,48.63396],[2.39596,48.63251],[2.3981,48.63233],[2.40048,48.63116],[2.40086,48.63057],[2.40103,48.62908],[2.4017,48.62834],[2.40758,48.62508]]}},
{"type":"Feature","properties":{"id":313,"ligne":"TRAM 3b","mode":"tram","couleur":"#00643c","deps":["75"],"epcis":["75056"]},"geometry":{"type":"LineString","coordinates":[[2.33823,48.89783],[2.32983,48.89767]]}},
{"type":"Feature","properties":{"id":314,"ligne":"TRAM 3b","mode":"tram","couleur":"#00643c","deps":["75"],"epcis":["75056"]},"geometry":{"type":"LineString","coordinates":[[2.29697,48.88738],[2.29508,48.88772],[2.29214,48.88597]]}},
{"type":"Feature","properties":{"id":315,"ligne":"TRAM 3b","mode":"tram","couleur":"#00643c","deps":["75"],"epcis":["75056"]},"geometry":{"type":"LineString","coordinates":[[2.29214,48.88597],[2.28803,48.88342]]}},
{"type":"Feature","properties":{"id":316,"ligne":"TRAM 3b","mode":"tram","couleur":"#00643c","deps":["75"],"epcis":["75056"]},"geometry":{"type":"LineString","coordinates":[[2.28803,48.88342],[2.28615,48.88223],[2.28551,48.88115]]}},
{"type":"Feature","properties":{"id":317,"ligne":"TRAM 4","mode":"tram","couleur":"#dc9600","deps":["93"],"epcis":["200058790"]},"geometry":{"type":"LineString","coordinates":[[2.55607,48.90092],[2.55607,48.90431],[2.55584,48.90455],[2.55501,48.90457]]}},
{"type":"Feature","properties":{"id":318,"ligne":"TRAIN K","mode":"train","couleur":"#9b9842","deps":["93"],"epcis":["200058097"]},"geometry":{"type":"LineString","coordinates":[[2.42579,48.93074],[2.43443,48.93227],[2.43823,48.93269],[2.45477,48.93271]]}},
{"type":"Feature","properties":{"id":319,"ligne":"TRAIN K","mode":"train","couleur":"#9b9842","deps":["77","93"],"epcis":["200055655","200058097"]},"geometry":{"type":"LineString","coordinates":[[2.56645,48.94418],[2.58502,48.94892],[2.60314,48.95315]]}},
{"type":"Feature","properties":{"id":320,"ligne":"METRO 14","mode":"metro","couleur":"#640082","deps":["75"],"epcis":["75056"]},"geometry":{"type":"LineString","coordinates":[[2.31518,48.88956],[2.31477,48.89329],[2.31406,48.89421],[2.31279,48.89498]]}},
{"type":"Feature","properties":{"id":321,"ligne":"METRO 14","mode":"metro","couleur":"#640082","deps":["93"],"epcis":["200057867"]},"geometry":{"type":"LineString","coordinates":[[2.33457,48.91312],[2.33669,48.91468],[2.34111,48.91724],[2.34235,48.91748],[2.34654,48.91747]]}},
{"type":"Feature","properties":{"id":322,"ligne":"METRO 14","mode":"metro","couleur":"#640082","deps":["94"],"epcis":["200058014"]},"geometry":{"type":"LineString","coordinates":[[2.36649,48.75955],[2.36641,48.76156],[2.36603,48.76242],[2.36493,48.76334],[2.36213,48.76451],[2.36059,48.76604],[2.35623,48.7724],[2.35549,48.77408],[2.35436,48.77531]]}},
{"type":"Feature","properties":{"id":323,"ligne":"TER NORMANDIE","mode":"train","couleur":"#aaaaaa","deps":[],"epcis":[]},"geometry":{"type":"LineString","coordinates":[[1.44341,48.92531],[1.44054,48.92805],[1.41809,48.95932],[1.41635,48.96089],[1.41416,48.96232],[1.40986,48.96415],[1.40685,48.96491],[1.40372,48.96534],[1.40069,48.96539],[1.39092,48.96491],[1.38691,48.96529],[1.38414,48.96607],[1.38019,48.9681],[1.37727,48.96921],[1.36818,48.97084],[1.35338,48.97504],[1.34905,48.97581],[1.34268,48.9762],[1.33782,48.97717],[1.32722,48.98112],[1.32419,48.98246],[1.32109,48.98443],[1.31539,48.98947],[1.31254,48.9915],[1.30835,48.99331],[1.30452,48.99416],[1.29987,48.99444],[1.29557,48.99399],[1.27543,48.98933],[1.26967,48.98863],[1.26465,48.98886],[1.26057,48.98963],[1.25666,48.99092],[1.25051,48.9938],[1.24824,48.9944],[1.24573,48.99473],[1.24272,48.99469],[1.24009,48.9943],[1.2372,48.9934],[1.23319,48.99164],[1.23028,48.99097],[1.22689,48.99076],[1.22265,48.99124],[1.21892,48.99252],[1.2164,48.99404],[1.20604,49.00234],[1.20309,49.00515],[1.18701,49.01839],[1.1844,49.02005],[1.17941,49.02237],[1.17667,49.02312],[1.17499,49.02334],[1.16747,49.02355],[1.16481,49.02328],[1.1615,49.02242],[1.15563,49.01955],[1.15349,49.01897],[1.14974,49.01849]]}},
{"type":"Feature","properties":{"id":324,"ligne":"TER NORMANDIE","mode":"train","couleur":"#aaaaaa","deps":["78"],"epcis":["200071074"]},"geometry":{"type":"LineString","coordinates":[[1.58153,49.03876],[1.57834,49.03787],[1.5737,49.03567],[1.57039,49.03439],[1.56629,49.03341],[1.56223,49.03302],[1.55576,49.03325],[1.55226,49.03374],[1.54892,49.0346],[1.54154,49.03739],[1.5371,49.04013],[1.5329,49.04411],[1.52942,49.04937],[1.52516,49.05977],[1.52367,49.0623],[1.51618,49.07136],[1.50811,49.07832],[1.50481,49.08061],[1.49568,49.08551],[1.49021,49.08747],[1.48216,49.08935],[1.47786,49.09154]]}},
{"type":"Feature","properties":{"id":325,"ligne":"TER CENTRE-VDL","mode":"train","couleur":"#aaaaaa","deps":["91"],"epcis":["200057859"]},"geometry":{"type":"LineString","coordinates":[[2.26621,48.59112],[2.27153,48.59393],[2.27471,48.59511],[2.27808,48.59568],[2.29387,48.59672],[2.29705,48.59792],[2.29795,48.59906]]}},
{"type":"Feature","properties":{"id":326,"ligne":"TER GRAND-EST","mode":"train","couleur":"#aaaaaa","deps":["77"],"epcis":["200037133"]},"geometry":{"type":"LineString","coordinates":[[3.25003,48.51375],[3.24854,48.51513],[3.24795,48.51627],[3.24788,48.51729],[3.24841,48.51928],[3.2541,48.52797],[3.25537,48.52915]]}},
{"type":"Feature","properties":{"id":327,"ligne":"TER GRAND-EST","mode":"train","couleur":"#aaaaaa","deps":["77"],"epcis":["200037133","200040251","247700701"]},"geometry":{"type":"LineString","coordinates":[[3.25003,48.51375],[3.24493,48.51791],[3.24104,48.52007],[3.21604,48.52983],[3.19979,48.53544],[3.19692,48.53615],[3.19266,48.53666],[3.18876,48.53659],[3.16669,48.53382],[3.16166,48.53378],[3.15636,48.53427],[3.15278,48.53492],[3.07061,48.55407],[3.06504,48.55475],[3.01929,48.55891],[3.01719,48.55929],[3.01521,48.55997],[3.01201,48.56195]]}},
{"type":"Feature","properties":{"id":328,"ligne":"TRAIN P","mode":"train","couleur":"#f58f53","deps":["77"],"epcis":["200037133"]},"geometry":{"type":"LineString","coordinates":[[3.25003,48.51375],[3.24854,48.51513],[3.24795,48.51627],[3.24788,48.51729],[3.24841,48.51928],[3.2541,48.52797],[3.25537,48.52915]]}},
{"type":"Feature","properties":{"id":329,"ligne":"TER GRAND-EST","mode":"train","couleur":"#888888","deps":["77"],"epcis":["200037133","200040251"]},"geometry":{"type":"LineString","coordinates":[[3.46302,48.49679],[3.45115,48.49757],[3.44649,48.49742],[3.36395,48.48421],[3.35909,48.48405],[3.34055,48.48475],[3.33653,48.48447],[3.33275,48.48367],[3.29832,48.47318],[3.29504,48.47256],[3.29238,48.47247],[3.27435,48.47338],[3.27144,48.47376],[3.26875,48.47439],[3.26391,48.47635],[3.25683,48.48128],[3.25478,48.48338],[3.25323,48.48554],[3.25169,48.48898],[3.25116,48.49275],[3.25358,48.50659],[3.25362,48.50836],[3.25254,48.51114],[3.25003,48.51375]]}},
{"type":"Feature","properties":{"id":330,"ligne":"METRO 13","mode":"metro","couleur":"#82c8e6","deps":["93"],"epcis":["200057867"]},"geometry":{"type":"LineString","coordinates":[[2.33183,48.90609],[2.33392,48.91196]]}},
{"type":"Feature","properties":{"id":331,"ligne":"TRAIN N","mode":"train","couleur":"#00b297","deps":["78"],"epcis":["247800550","247800618"]},"geometry":{"type":"LineString","coordinates":[[1.70322,48.82658],[1.70961,48.82539],[1.71333,48.82441],[1.74682,48.8133],[1.76506,48.8104]]}},
{"type":"Feature","properties":{"id":332,"ligne":"RER E","mode":"rer","couleur":"#b94e9a","deps":["75"],"epcis":["75056"]},"geometry":{"type":"LineString","coordinates":[[2.28298,48.87793],[2.28899,48.87579],[2.29139,48.87535],[2.29604,48.87541],[2.30236,48.87486],[2.31492,48.87552],[2.32672,48.87503]]}},
{"type":"Feature","properties":{"id":333,"ligne":"RER E","mode":"rer","couleur":"#b94e9a","deps":["92"],"epcis":["200057982"]},"geometry":{"type":"LineString","coordinates":[[2.22374,48.89759],[2.22905,48.89705],[2.23207,48.89645],[2.23364,48.89575],[2.23566,48.89415],[2.23957,48.89286]]}},
{"type":"Feature","properties":{"id":334,"ligne":"METRO 11","mode":"metro","couleur":"#6e491e","deps":["93"],"epcis":["200057875"]},"geometry":{"type":"LineString","coordinates":[[2.41648,48.87976],[2.42719,48.88132]]}},
{"type":"Feature","properties":{"id":335,"ligne":"TRAM 9","mode":"tram","couleur":"#3c91dc","deps":["75","94"],"epcis":["200058014","75056"]},"geometry":{"type":"LineString","coordinates":[[2.36519,48.81945],[2.36834,48.81557]]}},
{"type":"Feature","properties":{"id":336,"ligne":"TRAM 9","mode":"tram","couleur":"#3c91dc","deps":["94"],"epcis":["200058014"]},"geometry":{"type":"LineString","coordinates":[[2.37066,48.81263],[2.37491,48.80721]]}},
{"type":"Feature","properties":{"id":337,"ligne":"TRAM 9","mode":"tram","couleur":"#3c91dc","deps":["94"],"epcis":["200058014"]},"geometry":{"type":"LineString","coordinates":[[2.39384,48.78301],[2.39636,48.77867]]}},
{"type":"Feature","properties":{"id":338,"ligne":"TRAM 9","mode":"tram","couleur":"#3c91dc","deps":["94"],"epcis":["200058014"]},"geometry":{"type":"LineString","coordinates":[[2.40888,48.7592],[2.4119,48.75455]]}},
{"type":"Feature","properties":{"id":339,"ligne":"TRAM 9","mode":"tram","couleur":"#3c91dc","deps":["94"],"epcis":["200058014"]},"geometry":{"type":"LineString","coordinates":[[2.41632,48.74694],[2.40832,48.745]]}},
{"type":"Feature","properties":{"id":340,"ligne":"TRAM 10","mode":"tram","couleur":"#6e6e00","deps":["92"],"epcis":["200057966"]},"geometry":{"type":"LineString","coordinates":[[2.25189,48.77984],[2.25248,48.78066],[2.25313,48.78259]]}},
{"type":"Feature","properties":{"id":341,"ligne":"TRAM 10","mode":"tram","couleur":"#6e6e00","deps":["92"],"epcis":["200057966"]},"geometry":{"type":"LineString","coordinates":[[2.25958,48.76556],[2.2558,48.76604],[2.25489,48.76638]]}},
{"type":"Feature","properties":{"id":342,"ligne":"TRAM 10","mode":"tram","couleur":"#6e6e00","deps":["92"],"epcis":["200057966"]},"geometry":{"type":"LineString","coordinates":[[2.26588,48.76472],[2.25958,48.76556]]}},
{"type":"Feature","properties":{"id":343,"ligne":"TRAM 10","mode":"tram","couleur":"#6e6e00","deps":["92"],"epcis":["200057966"]},"geometry":{"type":"LineString","coordinates":[[2.29044,48.76142],[2.2807,48.76272]]}},
{"type":"Feature","properties":{"id":344,"ligne":"TRAM 12","mode":"tram","couleur":"#a50034","deps":["91"],"epcis":["200056232"]},"geometry":{"type":"LineString","coordinates":[[2.29456,48.70224],[2.30388,48.70136],[2.30784,48.70068]]}},
{"type":"Feature","properties":{"id":345,"ligne":"TRAM 4","mode":"tram","couleur":"#dc9600","deps":["93"],"epcis":["200058790"]},"geometry":{"type":"LineString","coordinates":[[2.51194,48.90268],[2.51651,48.90727]]}},
{"type":"Feature","properties":{"id":346,"ligne":"RER C","mode":"rer","couleur":"#ffcc30","deps":["91"],"epcis":["249100595"]},"geometry":{"type":"LineString","coordinates":[[1.9959,48.53562],[2.00877,48.53373]]}},
{"type":"Feature","properties":{"id":347,"ligne":"RER C","mode":"rer","couleur":"#ffcc30","deps":["91"],"epcis":["249100553"]},"geometry":{"type":"LineString","coordinates":[[2.25474,48.5204],[2.25072,48.519],[2.24295,48.51776],[2.23628,48.51577],[2.23205,48.51553],[2.22637,48.51639],[2.22334,48.51643],[2.21912,48.5157],[2.21552,48.51425]]}},
{"type":"Feature","properties":{"id":348,"ligne":"RER C","mode":"rer","couleur":"#ffcc30","deps":["91"],"epcis":["249100553"]},"geometry":{"type":"LineString","coordinates":[[2.29008,48.53289],[2.28855,48.53145],[2.28685,48.53035],[2.28301,48.52895],[2.27925,48.52844],[2.27233,48.52852],[2.26996,48.52818],[2.26725,48.52744],[2.2642,48.52613],[2.25787,48.52195],[2.25474,48.5204]]}},
{"type":"Feature","properties":{"id":349,"ligne":"RER C","mode":"rer","couleur":"#ffcc30","deps":["91"],"epcis":["249100595"]},"geometry":{"type":"LineString","coordinates":[[2.06938,48.53581],[2.0745,48.53845],[2.07849,48.5398],[2.09463,48.5422],[2.11084,48.54553],[2.11334,48.54645],[2.11851,48.54936],[2.12494,48.55093]]}},
{"type":"Feature","properties":{"id":350,"ligne":"RER C","mode":"rer","couleur":"#ffcc30","deps":["91"],"epcis":["200057859"]},"geometry":{"type":"LineString","coordinates":[[2.29795,48.59906],[2.29229,48.58847],[2.29035,48.58262],[2.28988,48.57695],[2.29092,48.56559]]}},
{"type":"Feature","properties":{"id":351,"ligne":"RER C","mode":"rer","couleur":"#ffcc30","deps":["93","95"],"epcis":["200056380","200057867"]},"geometry":{"type":"LineString","coordinates":[[2.30235,48.9535],[2.30215,48.95556],[2.30157,48.95678],[2.30071,48.95767],[2.29814,48.95939],[2.29581,48.96053],[2.28593,48.96359]]}},
{"type":"Feature","properties":{"id":352,"ligne":"RER C","mode":"rer","couleur":"#ffcc30","deps":["75"],"epcis":["75056"]},"geometry":{"type":"LineString","coordinates":[[2.27216,48.86546],[2.27262,48.86689],[2.27481,48.86983]]}},
{"type":"Feature","properties":{"id":353,"ligne":"RER C","mode":"rer","couleur":"#ffcc30","deps":["75","93"],"epcis":["200057867","75056"]},"geometry":{"type":"LineString","coordinates":[[2.3156,48.89417],[2.32035,48.89558],[2.32243,48.89596],[2.32377,48.89695],[2.32402,48.89813],[2.32263,48.90457]]}},
{"type":"Feature","properties":{"id":354,"ligne":"RER C","mode":"rer","couleur":"#ffcc30","deps":["92","93"],"epcis":["200057867","200057990"]},"geometry":{"type":"LineString","coordinates":[[2.30794,48.9329],[2.30154,48.94622],[2.30131,48.94842],[2.30235,48.9535]]}},
{"type":"Feature","properties":{"id":355,"ligne":"RER B","mode":"rer","couleur":"#5091cb","deps":["92"],"epcis":["200057966"]},"geometry":{"type":"LineString","coordinates":[[2.29299,48.78757],[2.29424,48.78721],[2.29531,48.78638],[2.29565,48.78558],[2.29559,48.78293],[2.29637,48.782],[2.29765,48.78136]]}},
{"type":"Feature","properties":{"id":356,"ligne":"RER B","mode":"rer","couleur":"#5091cb","deps":["91"],"epcis":["200056232"]},"geometry":{"type":"LineString","coordinates":[[2.21226,48.70597],[2.2158,48.70539],[2.21913,48.70556],[2.22252,48.70535],[2.22567,48.70563],[2.23299,48.70511],[2.23477,48.70542],[2.23616,48.70612],[2.23731,48.70814]]}},
{"type":"Feature","properties":{"id":357,"ligne":"RER B","mode":"rer","couleur":"#5091cb","deps":["91"],"epcis":["200056232"]},"geometry":{"type":"LineString","coordinates":[[2.15164,48.69526],[2.15645,48.69399],[2.15854,48.69386],[2.16095,48.69442],[2.16438,48.69625]]}},
{"type":"Feature","properties":{"id":358,"ligne":"RER B","mode":"rer","couleur":"#5091cb","deps":["93"],"epcis":["200058097"]},"geometry":{"type":"LineString","coordinates":[[2.50804,48.93225],[2.51331,48.93255],[2.51573,48.93292],[2.51787,48.9337],[2.52001,48.9352],[2.52193,48.93746],[2.52388,48.94104],[2.52496,48.94402],[2.52478,48.94689]]}},
{"type":"Feature","properties":{"id":359,"ligne":"RER B","mode":"rer","couleur":"#5091cb","deps":["93","95"],"epcis":["200055655","200058097"]},"geometry":{"type":"LineString","coordinates":[[2.51436,48.97342],[2.5202,48.98175],[2.52114,48.98406],[2.5212,48.986],[2.52027,48.98953],[2.51833,48.99367],[2.51823,48.99494],[2.51855,48.99609],[2.51956,48.99748],[2.52363,49.00126],[2.52637,49.00431],[2.52866,49.00554],[2.5312,49.00613],[2.53859,49.00602],[2.54933,49.00668],[2.55123,49.00711],[2.55659,49.00907],[2.56123,49.00976]]}},
{"type":"Feature","properties":{"id":360,"ligne":"RER B","mode":"rer","couleur":"#5091cb","deps":["77","93"],"epcis":["200055655","200058097"]},"geometry":{"type":"LineString","coordinates":[[2.56123,49.00976],[2.56734,49.01032],[2.56912,49.0099],[2.57007,49.00883],[2.57059,49.00469]]}},
{"type":"Feature","properties":{"id":361,"ligne":"RER B","mode":"rer","couleur":"#5091cb","deps":["92","94"],"epcis":["200057966","200058014"]},"geometry":{"type":"LineString","coordinates":[[2.31231,48.78031],[2.31258,48.78095],[2.31237,48.78348],[2.31265,48.7844],[2.31714,48.79169],[2.31786,48.7924],[2.31889,48.79291],[2.3222,48.79334]]}},
{"type":"Feature","properties":{"id":362,"ligne":"RER D","mode":"rer","couleur":"#008b5b","deps":["91"],"epcis":["200059228"]},"geometry":{"type":"LineString","coordinates":[[2.43533,48.64849],[2.42816,48.6531],[2.42027,48.65702],[2.41521,48.65898]]}},
{"type":"Feature","properties":{"id":363,"ligne":"RER D","mode":"rer","couleur":"#008b5b","deps":["91"],"epcis":["200059228"]},"geometry":{"type":"LineString","coordinates":[[2.4078,48.63635],[2.41188,48.63618],[2.4137,48.6357],[2.41551,48.63485],[2.41745,48.6329],[2.419,48.6292],[2.42013,48.62808],[2.42161,48.6272],[2.42383,48.62649],[2.43016,48.6259]]}},
{"type":"Feature","properties":{"id":364,"ligne":"RER D","mode":"rer","couleur":"#008b5b","deps":["93"],"epcis":["200057867"]},"geometry":{"type":"LineString","coordinates":[[2.3456,48.93446],[2.34461,48.93884],[2.34439,48.94121],[2.34484,48.94329],[2.3462,48.94538],[2.34816,48.94708],[2.3721,48.96376]]}},
{"type":"Feature","properties":{"id":365,"ligne":"RER D","mode":"rer","couleur":"#008b5b","deps":["91"],"epcis":["249100157","249100546"]},"geometry":{"type":"LineString","coordinates":[[2.35219,48.48551],[2.35113,48.48357],[2.35076,48.48174],[2.35099,48.48021],[2.35294,48.47525],[2.35339,48.47335],[2.35205,48.46234],[2.35245,48.45997],[2.35346,48.45837],[2.35492,48.45704],[2.36249,48.45331],[2.36366,48.45243],[2.3646,48.45122],[2.36505,48.4499],[2.365,48.44851],[2.36251,48.44404],[2.3622,48.44296],[2.3624,48.44158],[2.36323,48.4403],[2.36445,48.43934],[2.36607,48.43863],[2.37135,48.43756],[2.37306,48.43698],[2.37468,48.43609],[2.37667,48.43449]]}},
{"type":"Feature","properties":{"id":366,"ligne":"RER D","mode":"rer","couleur":"#008b5b","deps":["91"],"epcis":["249100546"]},"geometry":{"type":"LineString","coordinates":[[2.37052,48.5315],[2.36609,48.52675],[2.36534,48.52547],[2.36498,48.52401],[2.36542,48.52148],[2.36908,48.51543],[2.36979,48.51276],[2.36994,48.50901],[2.36711,48.49984],[2.36601,48.49774],[2.36413,48.4955],[2.35442,48.48801],[2.35219,48.48551]]}},
{"type":"Feature","properties":{"id":367,"ligne":"RER D","mode":"rer","couleur":"#008b5b","deps":["91"],"epcis":["200059228","249100546"]},"geometry":{"type":"LineString","coordinates":[[2.47349,48.58715],[2.47301,48.58407],[2.46966,48.57656],[2.46819,48.57489],[2.46554,48.57331],[2.46287,48.5726],[2.45779,48.5723],[2.45549,48.57271],[2.44943,48.57469],[2.44685,48.57502],[2.4439,48.57497],[2.44179,48.57468],[2.4398,48.57414],[2.4321,48.5706]]}},
{"type":"Feature","properties":{"id":368,"ligne":"RER D","mode":"rer","couleur":"#008b5b","deps":["91"],"epcis":["200059228"]},"geometry":{"type":"LineString","coordinates":[[2.46781,48.60904],[2.46445,48.60563],[2.46372,48.60366],[2.46385,48.60158],[2.46509,48.59937],[2.47154,48.59213],[2.4729,48.58964],[2.47349,48.58715]]}},
{"type":"Feature","properties":{"id":369,"ligne":"TRAM 2","mode":"tram","couleur":"#a0006e","deps":["92"],"epcis":["200057982"]},"geometry":{"type":"LineString","coordinates":[[2.22185,48.84312],[2.22246,48.84628],[2.22123,48.84985]]}},
{"type":"Feature","properties":{"id":370,"ligne":"TRAM 2","mode":"tram","couleur":"#a0006e","deps":["92"],"epcis":["200057974"]},"geometry":{"type":"LineString","coordinates":[[2.26318,48.82989],[2.26222,48.82843],[2.26126,48.82565],[2.26048,48.82471]]}},
{"type":"Feature","properties":{"id":371,"ligne":"TRAM 2","mode":"tram","couleur":"#a0006e","deps":["92"],"epcis":["200057974"]},"geometry":{"type":"LineString","coordinates":[[2.25134,48.82152],[2.24337,48.81961],[2.2386,48.81917]]}},
{"type":"Feature","properties":{"id":372,"ligne":"TRAM 2","mode":"tram","couleur":"#a0006e","deps":["92"],"epcis":["200057982"]},"geometry":{"type":"LineString","coordinates":[[2.2206,48.85747],[2.22086,48.85943],[2.22036,48.86261],[2.22173,48.86622],[2.22141,48.86824]]}},
{"type":"Feature","properties":{"id":373,"ligne":"TRAM 2","mode":"tram","couleur":"#a0006e","deps":["92"],"epcis":["200057982"]},"geometry":{"type":"LineString","coordinates":[[2.23387,48.88333],[2.23538,48.88624],[2.23581,48.88988],[2.23721,48.89212]]}},
{"type":"Feature","properties":{"id":374,"ligne":"TER CENTRE-VDL","mode":"train","couleur":"#aaaaaa","deps":["91"],"epcis":["200017846"]},"geometry":{"type":"LineString","coordinates":[[2.00353,48.3113],[2.01736,48.334],[2.01987,48.33679],[2.03224,48.34842]]}},
{"type":"Feature","properties":{"id":375,"ligne":"TER CENTRE-VDL","mode":"train","couleur":"#aaaaaa","deps":["91"],"epcis":["200017846"]},"geometry":{"type":"LineString","coordinates":[[2.05991,48.37453],[2.06362,48.37801],[2.0664,48.38016],[2.08347,48.39042],[2.09625,48.40223],[2.09866,48.40397],[2.10099,48.40519],[2.10351,48.40615],[2.10971,48.40756],[2.11236,48.40837],[2.12474,48.4135],[2.12738,48.41519],[2.12948,48.41717],[2.13072,48.41894],[2.1329,48.42354],[2.13441,48.42529],[2.13674,48.42717],[2.14072,48.4292],[2.14628,48.43137],[2.15211,48.43328],[2.15953,48.43692]]}},
{"type":"Feature","properties":{"id":376,"ligne":"TER CENTRE-VDL","mode":"train","couleur":"#aaaaaa","deps":["94"],"epcis":["200058014"]},"geometry":{"type":"LineString","coordinates":[[2.40959,48.78223],[2.40854,48.78708],[2.40683,48.79219],[2.40535,48.79554],[2.40271,48.80021]]}},
{"type":"Feature","properties":{"id":377,"ligne":"TRAIN R","mode":"train","couleur":"#f49fb3","deps":["77"],"epcis":["200072346","247700032"]},"geometry":{"type":"LineString","coordinates":[[2.79634,48.37952],[2.79372,48.38092],[2.79203,48.38231],[2.78782,48.38886],[2.78593,48.3905],[2.78379,48.39169],[2.78168,48.39246],[2.77908,48.39302],[2.76403,48.39431]]}},
{"type":"Feature","properties":{"id":378,"ligne":"TRAIN R","mode":"train","couleur":"#f49fb3","deps":["77"],"epcis":["247700057"]},"geometry":{"type":"LineString","coordinates":[[2.65499,48.52724],[2.64804,48.52873],[2.64308,48.53028],[2.63629,48.53341],[2.63031,48.53582],[2.62552,48.53878]]}},
{"type":"Feature","properties":{"id":379,"ligne":"TRAIN R","mode":"train","couleur":"#f49fb3","deps":["91","94"],"epcis":["200058014","200058477"]},"geometry":{"type":"LineString","coordinates":[[2.46228,48.70824],[2.45989,48.70929],[2.45615,48.71147],[2.45076,48.71364],[2.44843,48.71411],[2.44472,48.71405],[2.44255,48.71427],[2.4404,48.71505],[2.43865,48.71654],[2.43809,48.71822],[2.43852,48.71982],[2.43965,48.72116],[2.44224,48.72316],[2.44303,48.72409],[2.44583,48.72911],[2.44623,48.73064]]}},
{"type":"Feature","properties":{"id":380,"ligne":"TRAIN L","mode":"train","couleur":"#c4a4cc","deps":["78"],"epcis":["247800584"]},"geometry":{"type":"LineString","coordinates":[[2.13813,48.84272],[2.13245,48.84681],[2.1314,48.84817],[2.13112,48.84971],[2.13213,48.85425]]}},
{"type":"Feature","properties":{"id":381,"ligne":"TRAIN L","mode":"train","couleur":"#c4a4cc","deps":["75","92"],"epcis":["200057982","75056"]},"geometry":{"type":"LineString","coordinates":[[2.31373,48.88822],[2.29742,48.89764]]}},
{"type":"Feature","properties":{"id":382,"ligne":"TRAIN L","mode":"train","couleur":"#c4a4cc","deps":["92"],"epcis":["200057982"]},"geometry":{"type":"LineString","coordinates":[[2.2492,48.89862],[2.24086,48.89507],[2.23819,48.89338],[2.23702,48.89219]]}},
{"type":"Feature","properties":{"id":383,"ligne":"TRAIN L","mode":"train","couleur":"#c4a4cc","deps":["92"],"epcis":["200057982"]},"geometry":{"type":"LineString","coordinates":[[2.23369,48.88338],[2.22273,48.8737],[2.22103,48.87171]]}},
{"type":"Feature","properties":{"id":384,"ligne":"TRAIN H","mode":"train","couleur":"#84653d","deps":["95"],"epcis":["200073013"]},"geometry":{"type":"LineString","coordinates":[[2.35051,49.07927],[2.35299,49.08127],[2.35616,49.0858],[2.3569,49.08764],[2.35819,49.09376],[2.36127,49.0984]]}},
{"type":"Feature","properties":{"id":385,"ligne":"TRAIN H","mode":"train","couleur":"#84653d","deps":["95"],"epcis":["200058485"]},"geometry":{"type":"LineString","coordinates":[[2.25747,48.985],[2.23428,48.99371]]}},
{"type":"Feature","properties":{"id":386,"ligne":"TRAIN H","mode":"train","couleur":"#84653d","deps":["95"],"epcis":["249500109"]},"geometry":{"type":"LineString","coordinates":[[2.12826,49.03399],[2.12522,49.03681],[2.12154,49.04163],[2.11908,49.04343],[2.11678,49.04447],[2.11343,49.04535],[2.11089,49.04559],[2.10723,49.04539]]}},
{"type":"Feature","properties":{"id":387,"ligne":"TRAIN H","mode":"train","couleur":"#84653d","deps":["95"],"epcis":["200058485"]},"geometry":{"type":"LineString","coordinates":[[2.21025,49.03531],[2.21813,49.02723],[2.21955,49.02624],[2.22232,49.02496]]}},
{"type":"Feature","properties":{"id":388,"ligne":"TRAIN H","mode":"train","couleur":"#84653d","deps":["95"],"epcis":["249500489"]},"geometry":{"type":"LineString","coordinates":[[2.28052,49.13258],[2.27296,49.13574],[2.26817,49.14063],[2.26768,49.14191],[2.26797,49.14324],[2.26894,49.14435],[2.27055,49.14529]]}},
{"type":"Feature","properties":{"id":389,"ligne":"TRAIN H","mode":"train","couleur":"#84653d","deps":["95"],"epcis":["249500455","249500489"]},"geometry":{"type":"LineString","coordinates":[[2.28792,49.11406],[2.28844,49.11729],[2.28947,49.12026],[2.28919,49.12245],[2.28531,49.12992],[2.28358,49.1313],[2.28052,49.13258]]}},
{"type":"Feature","properties":{"id":390,"ligne":"TRAIN H","mode":"train","couleur":"#84653d","deps":["95"],"epcis":["200056380"]},"geometry":{"type":"LineString","coordinates":[[2.32609,48.95987],[2.31658,48.96633]]}},
{"type":"Feature","properties":{"id":391,"ligne":"TRAIN H","mode":"train","couleur":"#84653d","deps":["95"],"epcis":["200056380"]},"geometry":{"type":"LineString","coordinates":[[2.31658,48.96633],[2.30714,48.97275]]}},
{"type":"Feature","properties":{"id":392,"ligne":"TRAIN H","mode":"train","couleur":"#84653d","deps":["95"],"epcis":["200056380"]},"geometry":{"type":"LineString","coordinates":[[2.30714,48.97275],[2.30425,48.97468],[2.30039,48.97676],[2.29602,48.97848],[2.29217,48.97952]]}},
{"type":"Feature","properties":{"id":393,"ligne":"TRAIN H","mode":"train","couleur":"#84653d","deps":["75","93"],"epcis":["200057867","75056"]},"geometry":{"type":"LineString","coordinates":[[2.35633,48.88092],[2.35773,48.88509],[2.35741,48.88908],[2.35457,48.89659],[2.35039,48.91757]]}},
{"type":"Feature","properties":{"id":394,"ligne":"TRAIN H","mode":"train","couleur":"#84653d","deps":["93"],"epcis":["200057867"]},"geometry":{"type":"LineString","coordinates":[[2.3456,48.93446],[2.34461,48.93884],[2.34295,48.94241],[2.3413,48.94412],[2.33667,48.94756],[2.33168,48.95499],[2.32846,48.9581]]}},
{"type":"Feature","properties":{"id":395,"ligne":"TRAIN H","mode":"train","couleur":"#84653d","deps":["95"],"epcis":["200058485"]},"geometry":{"type":"LineString","coordinates":[[2.26329,48.99031],[2.26551,48.98327],[2.26678,48.98212],[2.26985,48.98091]]}},
{"type":"Feature","properties":{"id":396,"ligne":"TRAIN H","mode":"train","couleur":"#84653d","deps":["95"],"epcis":["200058485"]},"geometry":{"type":"LineString","coordinates":[[2.25966,48.9961],[2.26214,48.99298],[2.26329,48.99031]]}},
{"type":"Feature","properties":{"id":397,"ligne":"TRAIN H","mode":"train","couleur":"#84653d","deps":["95"],"epcis":["200058485"]},"geometry":{"type":"LineString","coordinates":[[2.26985,48.98091],[2.26693,48.98159],[2.25747,48.985]]}},
{"type":"Feature","properties":{"id":398,"ligne":"TRAIN P","mode":"train","couleur":"#f58f53","deps":["77"],"epcis":["200072130","247700065"]},"geometry":{"type":"LineString","coordinates":[[3.00795,48.99842],[2.99453,48.9922],[2.98749,48.99044],[2.98458,48.98896],[2.9829,48.98737],[2.97352,48.97436]]}},
{"type":"Feature","properties":{"id":399,"ligne":"TRAIN P","mode":"train","couleur":"#f58f53","deps":["93"],"epcis":["200057875"]},"geometry":{"type":"LineString","coordinates":[[2.40036,48.89811],[2.40852,48.89861],[2.4175,48.89851],[2.43058,48.89887],[2.43383,48.89847],[2.43909,48.89682],[2.44158,48.89635],[2.44672,48.89626],[2.45836,48.89665]]}},
{"type":"Feature","properties":{"id":400,"ligne":"TRAIN P","mode":"train","couleur":"#f58f53","deps":["77"],"epcis":["200090504"]},"geometry":{"type":"LineString","coordinates":[[3.04294,48.8138],[3.03456,48.81608],[3.03125,48.81643],[3.02848,48.81633],[3.02496,48.81563],[3.00766,48.80918],[3.00408,48.80824],[3.00075,48.80762],[2.99822,48.80752],[2.99588,48.80783],[2.99311,48.80865]]}},
{"type":"Feature","properties":{"id":401,"ligne":"TRAIN V","mode":"train","couleur":"#9f9825","deps":["78"],"epcis":["247800584"]},"geometry":{"type":"LineString","coordinates":[[2.14697,48.77163],[2.14687,48.77009],[2.14743,48.76887],[2.1486,48.76766],[2.1498,48.76697],[2.15139,48.76645],[2.15891,48.765],[2.16395,48.76478]]}},
{"type":"Feature","properties":{"id":402,"ligne":"TRAIN V","mode":"train","couleur":"#9f9825","deps":["78","91"],"epcis":["247800584"]},"geometry":{"type":"LineString","coordinates":[[2.16395,48.76478],[2.16727,48.76465],[2.18128,48.76235],[2.19301,48.75884]]}},
{"type":"Feature","properties":{"id":403,"ligne":"TRAM 1","mode":"tram","couleur":"#0055c8","deps":["93"],"epcis":["200057875"]},"geometry":{"type":"LineString","coordinates":[[2.46033,48.89592],[2.46546,48.90042]]}},
{"type":"Feature","properties":{"id":404,"ligne":"TRAM 1","mode":"tram","couleur":"#0055c8","deps":["93"],"epcis":["200057867"]},"geometry":{"type":"LineString","coordinates":[[2.37823,48.93173],[2.37108,48.93359]]}},
{"type":"Feature","properties":{"id":405,"ligne":"TRAM 1","mode":"tram","couleur":"#0055c8","deps":["93"],"epcis":["200057867"]},"geometry":{"type":"LineString","coordinates":[[2.40207,48.92438],[2.39742,48.92559],[2.39626,48.92623],[2.39247,48.9274]]}},
{"type":"Feature","properties":{"id":406,"ligne":"TRAM 1","mode":"tram","couleur":"#0055c8","deps":["93"],"epcis":["200057867"]},"geometry":{"type":"LineString","coordinates":[[2.38476,48.92997],[2.38103,48.93137],[2.37823,48.93173]]}},
{"type":"Feature","properties":{"id":407,"ligne":"TRAIN U","mode":"train","couleur":"#b6134c","deps":["78"],"epcis":["200058782","247800584"]},"geometry":{"type":"LineString","coordinates":[[2.04462,48.78739],[2.06291,48.79652],[2.06649,48.79761],[2.07185,48.79871]]}},
{"type":"Feature","properties":{"id":408,"ligne":"TRAIN U","mode":"train","couleur":"#b6134c","deps":["78","92"],"epcis":["200057974","247800584"]},"geometry":{"type":"LineString","coordinates":[[2.13516,48.79514],[2.13794,48.79552],[2.15164,48.7962],[2.15509,48.79683],[2.16196,48.79874],[2.16496,48.80021],[2.16815,48.80302],[2.17061,48.80438],[2.17345,48.80526],[2.17919,48.80615],[2.18308,48.80763],[2.18571,48.80951],[2.18826,48.81257]]}},
{"type":"Feature","properties":{"id":409,"ligne":"RER E","mode":"rer","couleur":"#b94e9a","deps":["77"],"epcis":["200057958"]},"geometry":{"type":"LineString","coordinates":[[2.61919,48.80584],[2.65039,48.79565]]}},
{"type":"Feature","properties":{"id":410,"ligne":"TER NORMANDIE","mode":"train","couleur":"#aaaaaa","deps":["78"],"epcis":["200059889","200071074"]},"geometry":{"type":"LineString","coordinates":[[1.54177,48.94346],[1.54624,48.94551],[1.57971,48.95711],[1.58345,48.95882],[1.58997,48.96249],[1.59956,48.96583],[1.60347,48.9682],[1.62011,48.98164],[1.62211,48.98277],[1.62433,48.98359],[1.6273,48.98421],[1.63051,48.9844],[1.64709,48.98265],[1.65361,48.98228],[1.65845,48.98237],[1.66228,48.98277],[1.66681,48.98364],[1.68145,48.98835],[1.68746,48.98968],[1.69136,48.99009],[1.69915,48.99049],[1.70072,48.99031],[1.70302,48.9895]]}},
{"type":"Feature","properties":{"id":411,"ligne":"TRAIN J","mode":"train","couleur":"#cec73d","deps":["78"],"epcis":["200059889","200071074"]},"geometry":{"type":"LineString","coordinates":[[1.63017,48.99739],[1.62781,48.99821],[1.62471,48.99968],[1.62176,49.00165],[1.61927,49.0039],[1.61446,49.00894],[1.61051,49.01463],[1.59207,49.03648],[1.5902,49.03763],[1.58719,49.03864],[1.58422,49.03895],[1.58153,49.03876]]}},
{"type":"Feature","properties":{"id":412,"ligne":"TRAIN J","mode":"train","couleur":"#cec73d","deps":["95"],"epcis":["200035970"]},"geometry":{"type":"LineString","coordinates":[[1.97054,49.09965],[1.96607,49.10903],[1.96471,49.11102],[1.96312,49.1126],[1.96098,49.11416],[1.95233,49.11884],[1.95075,49.12049],[1.94933,49.12345]]}},
{"type":"Feature","properties":{"id":413,"ligne":"TRAIN J","mode":"train","couleur":"#cec73d","deps":["78"],"epcis":["200059889"]},"geometry":{"type":"LineString","coordinates":[[1.98314,48.98145],[1.98739,48.97843],[1.98959,48.97648],[1.99156,48.97405],[1.99296,48.97139],[1.99363,48.96919],[1.9996,48.93949]]}},
{"type":"Feature","properties":{"id":414,"ligne":"TRAIN J","mode":"train","couleur":"#cec73d","deps":["78","95"],"epcis":["200058485","200059889"]},"geometry":{"type":"LineString","coordinates":[[2.16191,48.99029],[2.15732,48.99243],[2.1548,48.99314],[2.11603,48.99967],[2.11173,48.99976],[2.108,48.99936],[2.09777,48.99663]]}},
{"type":"Feature","properties":{"id":415,"ligne":"TRAIN J","mode":"train","couleur":"#cec73d","deps":["95"],"epcis":["200035970","249500109"]},"geometry":{"type":"LineString","coordinates":[[2.0579,49.06297],[2.04297,49.06611],[2.03986,49.06703],[2.03804,49.0679],[2.03623,49.06912],[2.03249,49.073],[2.0312,49.07397],[2.02931,49.07481],[2.02495,49.07584]]}},
{"type":"Feature","properties":{"id":416,"ligne":"TRAIN J","mode":"train","couleur":"#cec73d","deps":["95"],"epcis":["249500109"]},"geometry":{"type":"LineString","coordinates":[[2.0952,49.04665],[2.08828,49.04849],[2.08638,49.04944],[2.08285,49.05183],[2.07515,49.05444],[2.07278,49.05591],[2.0698,49.05897],[2.06806,49.06003],[2.06271,49.06185],[2.0579,49.06297]]}},
{"type":"Feature","properties":{"id":417,"ligne":"TRAIN J","mode":"train","couleur":"#cec73d","deps":["92"],"epcis":["200057990"]},"geometry":{"type":"LineString","coordinates":[[2.2832,48.90598],[2.27928,48.90857]]}},
{"type":"Feature","properties":{"id":418,"ligne":"TRAIN J","mode":"train","couleur":"#cec73d","deps":["78"],"epcis":["200059889"]},"geometry":{"type":"LineString","coordinates":[[2.07539,48.99196],[2.0806,48.99216],[2.08297,48.99249],[2.09464,48.99575]]}},
{"type":"Feature","properties":{"id":419,"ligne":"TRAIN J","mode":"train","couleur":"#cec73d","deps":["78"],"epcis":["200059889"]},"geometry":{"type":"LineString","coordinates":[[2.04867,48.9746],[2.0524,48.97677],[2.05491,48.97885],[2.05677,48.98126],[2.05957,48.98664]]}},
{"type":"Feature","properties":{"id":420,"ligne":"TRAIN J","mode":"train","couleur":"#cec73d","deps":["78"],"epcis":["200059889"]},"geometry":{"type":"LineString","coordinates":[[1.90178,49.00576],[1.90622,49.00643],[1.9148,49.0062],[1.91924,49.0067]]}},
{"type":"Feature","properties":{"id":421,"ligne":"TER BOURGOGNE-FC","mode":"train","couleur":"#aaaaaa","deps":["77"],"epcis":["200023240","200023919"]},"geometry":{"type":"LineString","coordinates":[[2.70394,48.22955],[2.70707,48.22455],[2.70905,48.21997],[2.70961,48.21753],[2.70924,48.21362],[2.70974,48.21198],[2.7108,48.21045],[2.71421,48.20745],[2.71539,48.2055],[2.71568,48.20397],[2.71559,48.19786],[2.71611,48.19596],[2.71689,48.1945],[2.71803,48.19308],[2.71975,48.19157],[2.73625,48.18094]]}},
{"type":"Feature","properties":{"id":422,"ligne":"TER BOURGOGNE-FC","mode":"train","couleur":"#aaaaaa","deps":["77"],"epcis":["200059228"]},"geometry":{"type":"LineString","coordinates":[[2.58395,48.59556],[2.56958,48.62838]]}},
{"type":"Feature","properties":{"id":423,"ligne":"TER BOURGOGNE-FC","mode":"train","couleur":"#aaaaaa","deps":["77"],"epcis":["200059228"]},"geometry":{"type":"LineString","coordinates":[[2.59455,48.56495],[2.59265,48.56993],[2.5866,48.58969],[2.58395,48.59556]]}},
{"type":"Feature","properties":{"id":424,"ligne":"TER BOURGOGNE-FC","mode":"train","couleur":"#aaaaaa","deps":["77"],"epcis":["200072346","247700057"]},"geometry":{"type":"LineString","coordinates":[[2.69203,48.47552],[2.67587,48.48497],[2.67327,48.48732],[2.67028,48.49137],[2.66895,48.49392],[2.6682,48.49657],[2.66783,48.5076],[2.66603,48.51775],[2.66489,48.52019],[2.66276,48.52299]]}},
{"type":"Feature","properties":{"id":425,"ligne":"TER BOURGOGNE-FC","mode":"train","couleur":"#aaaaaa","deps":["77"],"epcis":["247700032"]},"geometry":{"type":"LineString","coordinates":[[2.79634,48.37952],[2.79931,48.3786]]}},
{"type":"Feature","properties":{"id":426,"ligne":"TER BOURGOGNE-FC","mode":"train","couleur":"#aaaaaa","deps":["77"],"epcis":["247700032","247700107"]},"geometry":{"type":"LineString","coordinates":[[2.81658,48.38269],[2.81992,48.3844],[2.82329,48.38542],[2.82696,48.38576],[2.83093,48.38538],[2.83381,48.38456],[2.83588,48.38357],[2.85134,48.37402],[2.85482,48.37246],[2.85772,48.37151],[2.86362,48.3704],[2.89589,48.36719],[2.89997,48.36748],[2.90406,48.36855],[2.92376,48.37741],[2.92754,48.37881],[2.93085,48.3796],[2.93618,48.38]]}},
{"type":"Feature","properties":{"id":427,"ligne":"TER BOURGOGNE-FC","mode":"train","couleur":"#aaaaaa","deps":["77"],"epcis":["200070779","200072346"]},"geometry":{"type":"LineString","coordinates":[[2.76072,48.44267],[2.76622,48.4482],[2.76783,48.45214],[2.77149,48.45824],[2.77336,48.46647],[2.77333,48.46929],[2.77178,48.47366],[2.76786,48.47916],[2.76575,48.48111],[2.763,48.48298],[2.75779,48.48548],[2.75552,48.48623],[2.75048,48.48737]]}},
{"type":"Feature","properties":{"id":428,"ligne":"CDGVAL","mode":"train","couleur":"#5cc5ed","deps":["77","95"],"epcis":["200055655"]},"geometry":{"type":"LineString","coordinates":[[2.54195,49.0134],[2.54243,49.00946],[2.54337,49.00895],[2.54483,49.00898]]}},
{"type":"Feature","properties":{"id":429,"ligne":"CDGVAL","mode":"train","couleur":"#5cc5ed","deps":["77"],"epcis":["200055655"]},"geometry":{"type":"LineString","coordinates":[[2.57064,49.01004],[2.57129,49.00473]]}},
{"type":"Feature","properties":{"id":430,"ligne":"TRAIN N","mode":"train","couleur":"#00b297","deps":["92"],"epcis":["200057974"]},"geometry":{"type":"LineString","coordinates":[[2.18928,48.8052],[2.19121,48.80677],[2.19319,48.80892],[2.19705,48.81479],[2.19999,48.8172],[2.20224,48.81838],[2.20475,48.81928],[2.21181,48.82086],[2.21486,48.82122]]}},
{"type":"Feature","properties":{"id":431,"ligne":"TRAIN N","mode":"train","couleur":"#00b297","deps":["78"],"epcis":["200058782"]},"geometry":{"type":"LineString","coordinates":[[1.92104,48.74348],[1.92929,48.74921],[1.93234,48.751],[1.93807,48.7536],[1.94305,48.75519]]}},
{"type":"Feature","properties":{"id":432,"ligne":"TRAIN N","mode":"train","couleur":"#00b297","deps":["78"],"epcis":["247800618"]},"geometry":{"type":"LineString","coordinates":[[1.8775,48.81533],[1.87905,48.81719],[1.87994,48.81939],[1.87998,48.8307],[1.88041,48.83268],[1.88233,48.83533],[1.88413,48.83664],[1.88605,48.83754],[1.89003,48.83851],[1.89373,48.83877],[1.89604,48.83867],[1.89887,48.83812],[1.90449,48.83595],[1.90833,48.83497],[1.9246,48.83351]]}},
{"type":"Feature","properties":{"id":433,"ligne":"RER A","mode":"rer","couleur":"#eb2132","deps":["78","95"],"epcis":["200059889","249500109"]},"geometry":{"type":"LineString","coordinates":[[2.07831,49.01413],[2.07876,49.012],[2.07845,49.01055],[2.07782,49.00959],[2.07545,49.00772],[2.07466,49.00678],[2.07343,49.00241],[2.07319,49.0005],[2.07349,48.99749],[2.0733,48.99435],[2.07395,48.99033]]}},
{"type":"Feature","properties":{"id":434,"ligne":"RER A","mode":"rer","couleur":"#eb2132","deps":["75"],"epcis":["75056"]},"geometry":{"type":"LineString","coordinates":[[2.34701,48.86182],[2.34542,48.86574],[2.34353,48.86758],[2.34028,48.86878],[2.33341,48.8704],[2.32993,48.87216]]}},
{"type":"Feature","properties":{"id":435,"ligne":"RER A","mode":"rer","couleur":"#eb2132","deps":["92"],"epcis":["200057982"]},"geometry":{"type":"LineString","coordinates":[[2.22321,48.89575],[2.22178,48.89693]]}},
{"type":"Feature","properties":{"id":436,"ligne":"RER A","mode":"rer","couleur":"#eb2132","deps":["92"],"epcis":["200057982"]},"geometry":{"type":"LineString","coordinates":[[2.22178,48.89693],[2.22057,48.89825],[2.21934,48.90098],[2.21858,48.90186],[2.21686,48.90204],[2.21356,48.90101]]}},
{"type":"Feature","properties":{"id":437,"ligne":"RER A","mode":"rer","couleur":"#eb2132","deps":["92"],"epcis":["200057982"]},"geometry":{"type":"LineString","coordinates":[[2.21356,48.90101],[2.19536,48.89513]]}},
{"type":"Feature","properties":{"id":438,"ligne":"RER A","mode":"rer","couleur":"#eb2132","deps":["95"],"epcis":["249500109"]},"geometry":{"type":"LineString","coordinates":[[2.011,49.04788],[2.01474,49.05019],[2.0181,49.05099],[2.02103,49.05096],[2.03429,49.04965]]}},
{"type":"Feature","properties":{"id":439,"ligne":"RER A","mode":"rer","couleur":"#eb2132","deps":["78"],"epcis":["200059889"]},"geometry":{"type":"LineString","coordinates":[[2.07395,48.99033],[2.07712,48.98366],[2.07784,48.9812],[2.07804,48.97935],[2.07773,48.97067]]}},
{"type":"Feature","properties":{"id":440,"ligne":"RER A","mode":"rer","couleur":"#eb2132","deps":["94"],"epcis":["200057941"]},"geometry":{"type":"LineString","coordinates":[[2.4887,48.8541],[2.48097,48.84965],[2.46921,48.84392],[2.46638,48.84355],[2.4617,48.84431]]}},
{"type":"Feature","properties":{"id":441,"ligne":"RER A","mode":"rer","couleur":"#eb2132","deps":["93","94"],"epcis":["200057941","200058790"]},"geometry":{"type":"LineString","coordinates":[[2.51431,48.85291],[2.51247,48.85487],[2.51012,48.85598],[2.49967,48.85745],[2.49686,48.85739],[2.49382,48.85675],[2.49185,48.85594],[2.4887,48.8541]]}},
{"type":"Feature","properties":{"id":442,"ligne":"RER A","mode":"rer","couleur":"#eb2132","deps":["77","93"],"epcis":["200057958","200058790"]},"geometry":{"type":"LineString","coordinates":[[2.61668,48.84351],[2.6098,48.84329],[2.60364,48.84224],[2.60105,48.84205],[2.58785,48.84337],[2.58458,48.84331],[2.58009,48.84288]]}},
{"type":"Feature","properties":{"id":443,"ligne":"RER A","mode":"rer","couleur":"#eb2132","deps":["77"],"epcis":["200057958","247700594"]},"geometry":{"type":"LineString","coordinates":[[2.70898,48.83654],[2.69236,48.83455],[2.68937,48.83449],[2.68655,48.83484],[2.68383,48.8356],[2.67456,48.84031],[2.67142,48.84122],[2.66821,48.8413],[2.66433,48.84064],[2.65513,48.83965]]}},
{"type":"Feature","properties":{"id":444,"ligne":"TRAIN K","mode":"train","couleur":"#9b9842","deps":["77"],"epcis":["200055655"]},"geometry":{"type":"LineString","coordinates":[[2.64241,48.97586],[2.66506,48.99139]]}},
{"type":"Feature","properties":{"id":445,"ligne":"TRAM 14","mode":"tram","couleur":"#00a092","deps":["77"],"epcis":["247700339"]},"geometry":{"type":"LineString","coordinates":[[2.81025,48.90307],[2.80634,48.90197],[2.80463,48.90086],[2.80413,48.9],[2.80409,48.89913],[2.80539,48.89733],[2.80653,48.89677],[2.80774,48.8965],[2.81229,48.89663],[2.81547,48.89611],[2.81749,48.89533],[2.82641,48.89086]]}},
{"type":"Feature","properties":{"id":446,"ligne":"TRAM 14","mode":"tram","couleur":"#00a092","deps":["77"],"epcis":["200090504","247700339"]},"geometry":{"type":"LineString","coordinates":[[2.85432,48.88268],[2.85697,48.87898],[2.85826,48.87664],[2.85973,48.87527],[2.86154,48.87445],[2.86827,48.87272],[2.87008,48.87197],[2.87544,48.86745],[2.88259,48.86356]]}},
{"type":"Feature","properties":{"id":447,"ligne":"METRO 4","mode":"metro","couleur":"#a0006e","deps":["75"],"epcis":["75056"]},"geometry":{"type":"LineString","coordinates":[[2.35788,48.87599],[2.35876,48.87919],[2.35579,48.87979]]}},
{"type":"Feature","properties":{"id":448,"ligne":"TER","mode":"train","couleur":"#888888","deps":["95"],"epcis":["249500109"]},"geometry":{"type":"LineString","coordinates":[[2.09018,49.01769],[2.09855,49.02539],[2.09958,49.0267],[2.1004,49.02844],[2.1019,49.03471],[2.10346,49.03896]]}},
{"type":"Feature","properties":{"id":449,"ligne":"METRO 8","mode":"metro","couleur":"#d282be","deps":["94"],"epcis":["200057941","200058006"]},"geometry":{"type":"LineString","coordinates":[[2.44941,48.79668],[2.44987,48.79844],[2.44933,48.80038],[2.44798,48.80193],[2.44557,48.80336]]}},
{"type":"Feature","properties":{"id":450,"ligne":"METRO 8","mode":"metro","couleur":"#d282be","deps":["75"],"epcis":["75056"]},"geometry":{"type":"LineString","coordinates":[[2.28795,48.84109],[2.28214,48.83873]]}},
{"type":"Feature","properties":{"id":451,"ligne":"METRO 8","mode":"metro","couleur":"#d282be","deps":["75"],"epcis":["75056"]},"geometry":{"type":"LineString","coordinates":[[2.36951,48.85344],[2.36893,48.85407],[2.36818,48.8571]]}},
{"type":"Feature","properties":{"id":452,"ligne":"TER GRAND-EST","mode":"train","couleur":"#aaaaaa","deps":["77","93"],"epcis":["200057958","200058790"]},"geometry":{"type":"LineString","coordinates":[[2.57984,48.82315],[2.60426,48.81096],[2.60798,48.80952],[2.61919,48.80584]]}},
{"type":"Feature","properties":{"id":453,"ligne":"TER GRAND-EST","mode":"train","couleur":"#aaaaaa","deps":["93","94"],"epcis":["200057941","200058790"]},"geometry":{"type":"LineString","coordinates":[[2.48576,48.86991],[2.4852,48.86677],[2.48532,48.86518],[2.48917,48.85427]]}},
{"type":"Feature","properties":{"id":454,"ligne":"TER GRAND-EST","mode":"train","couleur":"#aaaaaa","deps":["77"],"epcis":["200057958","247700594"]},"geometry":{"type":"LineString","coordinates":[[2.63759,48.87521],[2.66907,48.87671],[2.67258,48.87722],[2.68477,48.88003],[2.68987,48.88094],[2.69461,48.88146],[2.70601,48.88219]]}},
{"type":"Feature","properties":{"id":455,"ligne":"TER GRAND-EST","mode":"train","couleur":"#aaaaaa","deps":["77"],"epcis":["200072130","247700339"]},"geometry":{"type":"LineString","coordinates":[[2.81025,48.90307],[2.82868,48.90778],[2.83733,48.91109],[2.84019,48.91276],[2.84244,48.91446],[2.84496,48.91708],[2.85726,48.93364],[2.86781,48.94229],[2.86971,48.94427],[2.87083,48.94676],[2.87336,48.95693]]}},
{"type":"Feature","properties":{"id":456,"ligne":"METRO 6","mode":"metro","couleur":"#82dc73","deps":["75"],"epcis":["75056"]},"geometry":{"type":"LineString","coordinates":[[2.33714,48.8329],[2.34351,48.83113]]}},
{"type":"Feature","properties":{"id":457,"ligne":"METRO 6","mode":"metro","couleur":"#82dc73","deps":["75"],"epcis":["75056"]},"geometry":{"type":"LineString","coordinates":[[2.37283,48.83705],[2.37878,48.84017],[2.37991,48.84039]]}},
{"type":"Feature","properties":{"id":458,"ligne":"TER GRAND-EST","mode":"train","couleur":"#aaaaaa","deps":["93"],"epcis":["200057875"]},"geometry":{"type":"LineString","coordinates":[[2.46112,48.8966],[2.46441,48.8963],[2.48021,48.89395]]}},
{"type":"Feature","properties":{"id":459,"ligne":"TER GRAND-EST","mode":"train","couleur":"#aaaaaa","deps":["93"],"epcis":["200058790"]},"geometry":{"type":"LineString","coordinates":[[2.52543,48.88373],[2.53379,48.88032],[2.53836,48.87899],[2.54345,48.8781],[2.55288,48.87716]]}},
{"type":"Feature","properties":{"id":460,"ligne":"TER GRAND-EST","mode":"train","couleur":"#aaaaaa","deps":["77"],"epcis":["200023125","200072874"]},"geometry":{"type":"LineString","coordinates":[[2.86896,48.73494],[2.86491,48.73255],[2.86267,48.73162],[2.85785,48.73029],[2.85319,48.72963],[2.80424,48.72929],[2.80145,48.72967],[2.76586,48.73733],[2.75882,48.73949]]}},
{"type":"Feature","properties":{"id":461,"ligne":"TER GRAND-EST","mode":"train","couleur":"#aaaaaa","deps":["77"],"epcis":["200072874","200090504"]},"geometry":{"type":"LineString","coordinates":[[2.95373,48.81078],[2.94682,48.8118],[2.9396,48.81329],[2.93704,48.8136],[2.93212,48.8133],[2.92998,48.81276],[2.92802,48.81196],[2.92566,48.81052],[2.92007,48.80594],[2.91137,48.80115],[2.90906,48.79957],[2.90781,48.79837],[2.90663,48.79639],[2.90616,48.79427],[2.90632,48.79276],[2.90739,48.7895]]}},
{"type":"Feature","properties":{"id":462,"ligne":"TER GRAND-EST","mode":"train","couleur":"#aaaaaa","deps":["75"],"epcis":["75056"]},"geometry":{"type":"LineString","coordinates":[[2.35946,48.87738],[2.36083,48.87974],[2.36174,48.88228],[2.36773,48.89248],[2.37036,48.8949],[2.37382,48.89658]]}},
{"type":"Feature","properties":{"id":463,"ligne":"TER","mode":"train","couleur":"#aaaaaa","deps":["95"],"epcis":["249500489"]},"geometry":{"type":"LineString","coordinates":[[2.27782,49.14772],[2.27055,49.14529]]}},
{"type":"Feature","properties":{"id":464,"ligne":"TER","mode":"train","couleur":"#aaaaaa","deps":["93"],"epcis":["200057867"]},"geometry":{"type":"LineString","coordinates":[[2.33642,48.94783],[2.33168,48.95499],[2.32846,48.9581]]}},
{"type":"Feature","properties":{"id":465,"ligne":"TER","mode":"train","couleur":"#888888","deps":["95"],"epcis":["200057990","200058485"]},"geometry":{"type":"LineString","coordinates":[[2.26383,48.97099],[2.2641,48.96873],[2.26362,48.96657],[2.25563,48.95435],[2.25509,48.9527],[2.25508,48.95102]]}},
{"type":"Feature","properties":{"id":466,"ligne":"TER","mode":"train","couleur":"#888888","deps":["95"],"epcis":["200056380","200058485"]},"geometry":{"type":"LineString","coordinates":[[2.24284,49.01532],[2.24669,49.01219],[2.25966,48.9961]]}},
{"type":"Feature","properties":{"id":467,"ligne":"TER","mode":"train","couleur":"#888888","deps":["95"],"epcis":["249500455"]},"geometry":{"type":"LineString","coordinates":[[2.20545,49.0777],[2.20129,49.0724],[2.198,49.07006],[2.19724,49.06926],[2.19468,49.06351],[2.19124,49.05805]]}},
{"type":"Feature","properties":{"id":468,"ligne":"TER","mode":"train","couleur":"#888888","deps":["75"],"epcis":["75056"]},"geometry":{"type":"LineString","coordinates":[[2.29928,48.88604],[2.30075,48.88685],[2.30307,48.88909],[2.30459,48.89009],[2.31129,48.89323],[2.3156,48.89417]]}},
{"type":"Feature","properties":{"id":469,"ligne":"TER","mode":"train","couleur":"#888888","deps":["75"],"epcis":["75056"]},"geometry":{"type":"LineString","coordinates":[[2.36543,48.84253],[2.36502,48.8441],[2.36452,48.84468],[2.35799,48.84909],[2.34529,48.85353]]}},
{"type":"Feature","properties":{"id":470,"ligne":"TER","mode":"train","couleur":"#888888","deps":["75"],"epcis":["75056"]},"geometry":{"type":"LineString","coordinates":[[2.2898,48.85646],[2.28871,48.8548],[2.28642,48.85303]]}},
{"type":"Feature","properties":{"id":471,"ligne":"TER HAUTS-DE-FRANCE","mode":"train","couleur":"#888888","deps":["77"],"epcis":["200055655"]},"geometry":{"type":"LineString","coordinates":[[2.60314,48.95315],[2.61056,48.95492],[2.61381,48.95634],[2.64241,48.97586]]}},
{"type":"Feature","properties":{"id":472,"ligne":"TER","mode":"train","couleur":"#888888","deps":["95"],"epcis":["200056380","200058485"]},"geometry":{"type":"LineString","coordinates":[[2.28593,48.96359],[2.28262,48.96461],[2.28046,48.96564],[2.27926,48.96667],[2.27848,48.96811],[2.2784,48.96931],[2.27877,48.97038],[2.2816,48.9737],[2.28228,48.97487],[2.28236,48.97669],[2.28169,48.97797],[2.28035,48.97913],[2.27842,48.98],[2.27471,48.98054],[2.27208,48.98065]]}},
{"type":"Feature","properties":{"id":473,"ligne":"TER HAUTS-DE-FRANCE","mode":"train","couleur":"#888888","deps":["93"],"epcis":["200058097"]},"geometry":{"type":"LineString","coordinates":[[2.45477,48.93271],[2.47567,48.93231]]}},
{"type":"Feature","properties":{"id":474,"ligne":"TER","mode":"train","couleur":"#888888","deps":["91"],"epcis":["200056232"]},"geometry":{"type":"LineString","coordinates":[[2.27119,48.73385],[2.274,48.73489]]}},
{"type":"Feature","properties":{"id":475,"ligne":"TER","mode":"train","couleur":"#888888","deps":["78"],"epcis":["247800584"]},"geometry":{"type":"LineString","coordinates":[[2.15238,48.79653],[2.14835,48.79618],[2.14347,48.79656],[2.12904,48.80022]]}},
{"type":"Feature","properties":{"id":476,"ligne":"TER","mode":"train","couleur":"#888888","deps":["78"],"epcis":["200034130"]},"geometry":{"type":"LineString","coordinates":[[1.87185,48.89298],[1.86503,48.90391],[1.86241,48.90609],[1.85686,48.90955]]}},
{"type":"Feature","properties":{"id":477,"ligne":"TER","mode":"train","couleur":"#888888","deps":["78"],"epcis":["200059889"]},"geometry":{"type":"LineString","coordinates":[[1.84052,48.93872],[1.83826,48.94295],[1.83549,48.94724],[1.83181,48.95812],[1.82938,48.96086],[1.82594,48.96278],[1.82377,48.96344],[1.82116,48.96391],[1.81777,48.964],[1.80909,48.96334]]}},
{"type":"Feature","properties":{"id":478,"ligne":"TER NORMANDIE","mode":"train","couleur":"#aaaaaa","deps":["75"],"epcis":["75056"]},"geometry":{"type":"LineString","coordinates":[[2.32474,48.87684],[2.32185,48.88108],[2.31601,48.88678],[2.31373,48.88822]]}},
{"type":"Feature","properties":{"id":479,"ligne":"TER NORMANDIE","mode":"train","couleur":"#aaaaaa","deps":["78"],"epcis":["200058519"]},"geometry":{"type":"LineString","coordinates":[[2.09352,48.9554],[2.0972,48.95603],[2.10252,48.9577],[2.10996,48.95924],[2.1138,48.9594],[2.11933,48.95867],[2.12539,48.9573],[2.12856,48.95601],[2.14502,48.9455]]}},
{"type":"Feature","properties":{"id":480,"ligne":"TER NORMANDIE","mode":"train","couleur":"#aaaaaa","deps":["78"],"epcis":["200059889"]},"geometry":{"type":"LineString","coordinates":[[2.07539,48.99196],[2.0806,48.99216],[2.08297,48.99249],[2.09464,48.99575]]}},
{"type":"Feature","properties":{"id":481,"ligne":"TER NORMANDIE","mode":"train","couleur":"#aaaaaa","deps":["78"],"epcis":["200059889"]},"geometry":{"type":"LineString","coordinates":[[1.80909,48.96334],[1.79934,48.96311],[1.77361,48.96363],[1.76334,48.96432],[1.75571,48.96545],[1.74926,48.9672],[1.74226,48.97008],[1.73857,48.97197],[1.73357,48.97561],[1.72886,48.9783],[1.71521,48.98365]]}},
{"type":"Feature","properties":{"id":482,"ligne":"RER C","mode":"rer","couleur":"#ffcc30","deps":["75"],"epcis":["75056"]},"geometry":{"type":"LineString","coordinates":[[2.28642,48.85303],[2.27804,48.84716]]}},
{"type":"Feature","properties":{"id":483,"ligne":"RER C","mode":"rer","couleur":"#ffcc30","deps":["78"],"epcis":["247800584"]},"geometry":{"type":"LineString","coordinates":[[2.17139,48.80072],[2.16705,48.80024],[2.15684,48.79731]]}},
{"type":"Feature","properties":{"id":484,"ligne":"RER C","mode":"rer","couleur":"#ffcc30","deps":["78"],"epcis":["247800584"]},"geometry":{"type":"LineString","coordinates":[[2.14214,48.79572],[2.15129,48.79616],[2.15684,48.79731]]}},
{"type":"Feature","properties":{"id":485,"ligne":"RER C","mode":"rer","couleur":"#ffcc30","deps":["95"],"epcis":["200058485"]},"geometry":{"type":"LineString","coordinates":[[2.27208,48.98065],[2.269,48.98106],[2.26693,48.98159],[2.25747,48.985]]}},
{"type":"Feature","properties":{"id":486,"ligne":"RER C","mode":"rer","couleur":"#ffcc30","deps":["91"],"epcis":["200057859"]},"geometry":{"type":"LineString","coordinates":[[2.31274,48.65281],[2.31028,48.65149],[2.30835,48.64995],[2.30701,48.64839],[2.30598,48.64635],[2.30564,48.64345],[2.30683,48.63588]]}},
{"type":"Feature","properties":{"id":487,"ligne":"RER C","mode":"rer","couleur":"#ffcc30","deps":["78","92"],"epcis":["200057974","247800584"]},"geometry":{"type":"LineString","coordinates":[[2.24088,48.80749],[2.23932,48.80534],[2.23754,48.80375],[2.23576,48.80288],[2.23347,48.80245],[2.19115,48.79866],[2.18826,48.79874],[2.18368,48.79973]]}},
{"type":"Feature","properties":{"id":488,"ligne":"TER NORMANDIE","mode":"train","couleur":"#aaaaaa","deps":["95"],"epcis":["200056380"]},"geometry":{"type":"LineString","coordinates":[[2.30714,48.97275],[2.30425,48.97468],[2.30039,48.97676],[2.29602,48.97848],[2.29217,48.97952]]}},
{"type":"Feature","properties":{"id":489,"ligne":"TER NORMANDIE","mode":"train","couleur":"#aaaaaa","deps":["95"],"epcis":["200058485"]},"geometry":{"type":"LineString","coordinates":[[2.23428,48.99371],[2.1965,49.00777]]}},
{"type":"Feature","properties":{"id":490,"ligne":"TRAIN L","mode":"train","couleur":"#c4a4cc","deps":["78","92"],"epcis":["200057982","200058519"]},"geometry":{"type":"LineString","coordinates":[[2.18535,48.92038],[2.19278,48.91675],[2.19509,48.915],[2.19599,48.91291],[2.19558,48.91003],[2.19588,48.90818],[2.19689,48.906],[2.19836,48.9045],[2.20035,48.9035],[2.2077,48.90124],[2.21064,48.90096],[2.2133,48.90131]]}},
{"type":"Feature","properties":{"id":491,"ligne":"RER A","mode":"rer","couleur":"#eb2132","deps":["75"],"epcis":["75056"]},"geometry":{"type":"LineString","coordinates":[[2.37326,48.84414],[2.36003,48.85333],[2.35666,48.85481],[2.35019,48.85703],[2.34889,48.85821],[2.34701,48.86182]]}},
{"type":"Feature","properties":{"id":492,"ligne":"TRAIN N","mode":"train","couleur":"#00b297","deps":["78"],"epcis":["247800584"]},"geometry":{"type":"LineString","coordinates":[[2.06649,48.79761],[2.07185,48.79871]]}},
{"type":"Feature","properties":{"id":493,"ligne":"TRAIN J","mode":"train","couleur":"#cec73d","deps":[],"epcis":[]},"geometry":{"type":"LineString","coordinates":[[1.81827,49.28259],[1.81636,49.28362],[1.81422,49.28432],[1.8121,49.2847],[1.80935,49.28476],[1.80564,49.2841],[1.79776,49.28131],[1.7956,49.28092],[1.79355,49.28091],[1.79144,49.28126],[1.78958,49.28194],[1.78491,49.28539]]}},
{"type":"Feature","properties":{"id":494,"ligne":"TRAIN J","mode":"train","couleur":"#cec73d","deps":["95"],"epcis":["249500109"]},"geometry":{"type":"LineString","coordinates":[[2.09018,49.01769],[2.09855,49.02539],[2.09958,49.0267],[2.1004,49.02844],[2.1019,49.03471],[2.10346,49.03896]]}},
{"type":"Feature","properties":{"id":495,"ligne":"TER CENTRE-VDL","mode":"train","couleur":"#aaaaaa","deps":["91"],"epcis":["200057859","249100595"]},"geometry":{"type":"LineString","coordinates":[[2.12494,48.55093],[2.14414,48.55507],[2.15809,48.55896],[2.17038,48.56433]]}},
{"type":"Feature","properties":{"id":496,"ligne":"TER CENTRE-VDL","mode":"train","couleur":"#aaaaaa","deps":["94"],"epcis":["200058014"]},"geometry":{"type":"LineString","coordinates":[[2.4264,48.73983],[2.41811,48.75289]]}},
{"type":"Feature","properties":{"id":497,"ligne":"TER CENTRE-VDL","mode":"train","couleur":"#aaaaaa","deps":["91"],"epcis":["200056232","200058014"]},"geometry":{"type":"LineString","coordinates":[[2.34449,48.67078],[2.34204,48.67026],[2.33262,48.66948]]}},
{"type":"Feature","properties":{"id":498,"ligne":"TER CENTRE-VDL","mode":"train","couleur":"#aaaaaa","deps":["91"],"epcis":["200056232","200057859"]},"geometry":{"type":"LineString","coordinates":[[2.33262,48.66948],[2.33016,48.66887],[2.32772,48.66792],[2.32381,48.66551],[2.32205,48.66344],[2.3205,48.6598],[2.3186,48.657],[2.31577,48.65453],[2.31274,48.65281]]}},
{"type":"Feature","properties":{"id":499,"ligne":"TER CENTRE-VDL","mode":"train","couleur":"#aaaaaa","deps":["91"],"epcis":["200017846","249100553"]},"geometry":{"type":"LineString","coordinates":[[2.19458,48.49364],[2.19296,48.49135],[2.19152,48.48806],[2.19086,48.48483],[2.19073,48.47962],[2.18931,48.47627],[2.1867,48.47333],[2.17144,48.4598],[2.17003,48.4582],[2.16893,48.45641],[2.16821,48.45453],[2.16789,48.45235],[2.16796,48.45085],[2.16924,48.44602],[2.16902,48.44368],[2.16834,48.44211],[2.16718,48.44071],[2.16542,48.43941],[2.16335,48.43833],[2.15953,48.43692]]}},
{"type":"Feature","properties":{"id":500,"ligne":"TER BOURGOGNE-FC","mode":"train","couleur":"#aaaaaa","deps":[],"epcis":[]},"geometry":{"type":"LineString","coordinates":[[3.30279,48.02664],[3.29785,48.0198],[3.29651,48.01636],[3.29641,48.0141],[3.29682,48.01185],[3.29749,48.01021],[3.29914,48.00784],[3.3018,48.00546],[3.30567,48.00328],[3.32457,47.99626],[3.3279,47.99469],[3.33217,47.99161],[3.33959,47.98428]]}},
{"type":"Feature","properties":{"id":501,"ligne":"TER BOURGOGNE-FC","mode":"train","couleur":"#aaaaaa","deps":[],"epcis":[]},"geometry":{"type":"LineString","coordinates":[[3.26737,48.19836],[3.2676,48.19504],[3.26686,48.19232],[3.26143,48.1851],[3.25937,48.18078],[3.2588,48.17777],[3.25941,48.1749],[3.26081,48.17262],[3.26193,48.17146],[3.28531,48.1517],[3.2872,48.14979],[3.28903,48.14724],[3.29037,48.14399],[3.29076,48.14175],[3.29032,48.13758]]}},
{"type":"Feature","properties":{"id":502,"ligne":"TER BOURGOGNE-FC","mode":"train","couleur":"#aaaaaa","deps":["94"],"epcis":["200058006","200058014"]},"geometry":{"type":"LineString","coordinates":[[2.43867,48.7445],[2.43738,48.74807],[2.4344,48.75175],[2.43387,48.75316],[2.43345,48.76733],[2.43398,48.76926],[2.43531,48.77127]]}},
{"type":"Feature","properties":{"id":503,"ligne":"TRAIN P","mode":"train","couleur":"#f58f53","deps":["77"],"epcis":["200072130","247700339"]},"geometry":{"type":"LineString","coordinates":[[2.81025,48.90307],[2.82868,48.90778],[2.83733,48.91109],[2.84019,48.91276],[2.84244,48.91446],[2.84496,48.91708],[2.85726,48.93364],[2.86781,48.94229],[2.86971,48.94427],[2.87083,48.94676],[2.87336,48.95693]]}},
{"type":"Feature","properties":{"id":504,"ligne":"TRAIN P","mode":"train","couleur":"#f58f53","deps":["77"],"epcis":["200072130"]},"geometry":{"type":"LineString","coordinates":[[2.87336,48.95693],[2.8742,48.95958],[2.87624,48.96196],[2.87938,48.96368],[2.88104,48.96415],[2.88327,48.96444],[2.88621,48.96433],[2.93135,48.96009],[2.95006,48.96023]]}},
{"type":"Feature","properties":{"id":505,"ligne":"TRAIN P","mode":"train","couleur":"#f58f53","deps":["77"],"epcis":["200023125"]},"geometry":{"type":"LineString","coordinates":[[2.69025,48.77078],[2.69224,48.76732],[2.7042,48.75657],[2.70745,48.75496],[2.72108,48.75065],[2.7232,48.74949],[2.72723,48.74645]]}},
{"type":"Feature","properties":{"id":506,"ligne":"TRAIN P","mode":"train","couleur":"#f58f53","deps":["77"],"epcis":["200057958"]},"geometry":{"type":"LineString","coordinates":[[2.61919,48.80584],[2.65039,48.79565]]}},
{"type":"Feature","properties":{"id":507,"ligne":"TRAIN R","mode":"train","couleur":"#f49fb3","deps":["75"],"epcis":["75056"]},"geometry":{"type":"LineString","coordinates":[[2.39035,48.83632],[2.38828,48.83799],[2.38538,48.83966],[2.37766,48.84255],[2.37359,48.84476]]}},
{"type":"Feature","properties":{"id":508,"ligne":"TRAIN R","mode":"train","couleur":"#f49fb3","deps":["94"],"epcis":["200057941","200058006"]},"geometry":{"type":"LineString","coordinates":[[2.43224,48.78847],[2.43023,48.79339],[2.42967,48.79709],[2.42648,48.80205]]}},
{"type":"Feature","properties":{"id":509,"ligne":"TRAIN R","mode":"train","couleur":"#f49fb3","deps":["75","94"],"epcis":["200057941","200058006","75056"]},"geometry":{"type":"LineString","coordinates":[[2.42648,48.80205],[2.42363,48.80881],[2.42275,48.80983],[2.41962,48.81219],[2.41773,48.81399],[2.41356,48.81944],[2.40932,48.82257],[2.40434,48.82469],[2.40157,48.82627],[2.39901,48.82843],[2.39779,48.83081],[2.39701,48.83171],[2.39236,48.83457],[2.39035,48.83632]]}},
{"type":"Feature","properties":{"id":510,"ligne":"TRAIN R","mode":"train","couleur":"#f49fb3","deps":["94"],"epcis":["200057941","200058006"]},"geometry":{"type":"LineString","coordinates":[[2.43531,48.77127],[2.43603,48.7732],[2.43598,48.77555],[2.43487,48.78149],[2.43224,48.78847]]}},
{"type":"Feature","properties":{"id":511,"ligne":"TRAIN R","mode":"train","couleur":"#f49fb3","deps":["77"],"epcis":["247700107"]},"geometry":{"type":"LineString","coordinates":[[2.94252,48.37953],[2.93919,48.38001],[2.93618,48.38]]}},
{"type":"Feature","properties":{"id":512,"ligne":"METRO 8","mode":"metro","couleur":"#d282be","deps":["75"],"epcis":["75056"]},"geometry":{"type":"LineString","coordinates":[[2.38703,48.84713],[2.38488,48.84985],[2.38409,48.85018]]}},
{"type":"Feature","properties":{"id":513,"ligne":"METRO 8","mode":"metro","couleur":"#d282be","deps":["75"],"epcis":["75056"]},"geometry":{"type":"LineString","coordinates":[[2.40538,48.83479],[2.40623,48.83533],[2.40615,48.83569],[2.40233,48.83712]]}},
{"type":"Feature","properties":{"id":514,"ligne":"RER D","mode":"rer","couleur":"#008b5b","deps":["75","94"],"epcis":["200057941","200058006","75056"]},"geometry":{"type":"LineString","coordinates":[[2.42648,48.80205],[2.42363,48.80881],[2.42275,48.80983],[2.41818,48.81352],[2.41426,48.8187],[2.41206,48.82073],[2.40903,48.82272],[2.40434,48.82469],[2.40157,48.82627],[2.39901,48.82843],[2.39779,48.83081],[2.39701,48.83171],[2.3918,48.83498],[2.38828,48.83799],[2.3848,48.83993],[2.38044,48.8409],[2.3763,48.84249],[2.37392,48.84377]]}},
{"type":"Feature","properties":{"id":515,"ligne":"RER D","mode":"rer","couleur":"#008b5b","deps":["77"],"epcis":["247700057"]},"geometry":{"type":"LineString","coordinates":[[2.65499,48.52724],[2.64804,48.52873],[2.64308,48.53028],[2.63629,48.53341],[2.63031,48.53582],[2.62552,48.53878]]}},
{"type":"Feature","properties":{"id":516,"ligne":"RER D","mode":"rer","couleur":"#008b5b","deps":["77"],"epcis":["200059228"]},"geometry":{"type":"LineString","coordinates":[[2.59455,48.56495],[2.59265,48.56993],[2.5866,48.58969],[2.58395,48.59556]]}},
{"type":"Feature","properties":{"id":517,"ligne":"RER D","mode":"rer","couleur":"#008b5b","deps":["91"],"epcis":["200058477"]},"geometry":{"type":"LineString","coordinates":[[2.53313,48.68102],[2.52263,48.68517],[2.51962,48.68682],[2.51248,48.69302],[2.50668,48.69911]]}},
{"type":"Feature","properties":{"id":518,"ligne":"RER B","mode":"rer","couleur":"#5091cb","deps":["92"],"epcis":["200057966"]},"geometry":{"type":"LineString","coordinates":[[2.30099,48.75495],[2.30423,48.76169]]}},
{"type":"Feature","properties":{"id":519,"ligne":"RER B","mode":"rer","couleur":"#5091cb","deps":["92"],"epcis":["200057966"]},"geometry":{"type":"LineString","coordinates":[[2.30991,48.76956],[2.31028,48.77149],[2.30996,48.77557],[2.31231,48.78031]]}},
{"type":"Feature","properties":{"id":520,"ligne":"TER","mode":"train","couleur":"#aaaaaa","deps":["78"],"epcis":["247800584"]},"geometry":{"type":"LineString","coordinates":[[2.14214,48.79572],[2.15129,48.79616],[2.15684,48.79731]]}},
{"type":"Feature","properties":{"id":521,"ligne":"TER CENTRE-VDL","mode":"train","couleur":"#aaaaaa","deps":["92"],"epcis":["200057974"]},"geometry":{"type":"LineString","coordinates":[[2.18928,48.8052],[2.19121,48.80677],[2.19319,48.80892],[2.19705,48.81479],[2.19999,48.8172],[2.20224,48.81838],[2.20475,48.81928],[2.21181,48.82086],[2.21486,48.82122]]}},
{"type":"Feature","properties":{"id":522,"ligne":"TER CENTRE-VDL","mode":"train","couleur":"#aaaaaa","deps":["78"],"epcis":["200058782"]},"geometry":{"type":"LineString","coordinates":[[1.96003,48.83096],[1.97945,48.83049],[1.98251,48.83007],[1.98508,48.82929],[1.98758,48.82804],[1.99286,48.82365]]}},
{"type":"Feature","properties":{"id":523,"ligne":"TER CENTRE-VDL","mode":"train","couleur":"#aaaaaa","deps":["78"],"epcis":["247800550"]},"geometry":{"type":"LineString","coordinates":[[1.66901,48.82943],[1.67212,48.83022],[1.6747,48.83059],[1.6801,48.83066],[1.68318,48.83028],[1.70322,48.82658]]}},
{"type":"Feature","properties":{"id":524,"ligne":"TER CENTRE-VDL","mode":"train","couleur":"#aaaaaa","deps":["78"],"epcis":["200073344"]},"geometry":{"type":"LineString","coordinates":[[1.83294,48.64422],[1.83969,48.64898],[1.84137,48.65077],[1.8427,48.65286],[1.85659,48.6931]]}},
{"type":"Feature","properties":{"id":525,"ligne":"TER CENTRE-VDL","mode":"train","couleur":"#aaaaaa","deps":["78"],"epcis":["200033173","200058782","200073344"]},"geometry":{"type":"LineString","coordinates":[[1.89,48.72192],[1.92104,48.74348]]}},
{"type":"Feature","properties":{"id":526,"ligne":"METRO 1","mode":"metro","couleur":"#ffbe00","deps":["75"],"epcis":["75056"]},"geometry":{"type":"LineString","coordinates":[[2.32294,48.86629],[2.31982,48.86593],[2.31355,48.86791]]}},
{"type":"Feature","properties":{"id":527,"ligne":"METRO 1","mode":"metro","couleur":"#ffbe00","deps":["75"],"epcis":["75056"]},"geometry":{"type":"LineString","coordinates":[[2.31355,48.86791],[2.30861,48.86944]]}},
{"type":"Feature","properties":{"id":528,"ligne":"METRO 1","mode":"metro","couleur":"#ffbe00","deps":["75","94"],"epcis":["200057941","75056"]},"geometry":{"type":"LineString","coordinates":[[2.41876,48.84642],[2.40809,48.84734]]}},
{"type":"Feature","properties":{"id":529,"ligne":"METRO 1","mode":"metro","couleur":"#ffbe00","deps":["94"],"epcis":["200057941"]},"geometry":{"type":"LineString","coordinates":[[2.42921,48.84547],[2.41876,48.84642]]}},
{"type":"Feature","properties":{"id":530,"ligne":"METRO 1","mode":"metro","couleur":"#ffbe00","deps":["92"],"epcis":["200057982"]},"geometry":{"type":"LineString","coordinates":[[2.26052,48.88471],[2.24979,48.88814]]}},
{"type":"Feature","properties":{"id":531,"ligne":"METRO 1","mode":"metro","couleur":"#ffbe00","deps":["75"],"epcis":["75056"]},"geometry":{"type":"LineString","coordinates":[[2.30056,48.87202],[2.29765,48.87299],[2.29706,48.87446],[2.2959,48.87515]]}},
{"type":"Feature","properties":{"id":532,"ligne":"METRO 9","mode":"metro","couleur":"#d2d200","deps":["75"],"epcis":["75056"]},"geometry":{"type":"LineString","coordinates":[[2.26175,48.84506],[2.26408,48.8479]]}},
{"type":"Feature","properties":{"id":533,"ligne":"METRO 9","mode":"metro","couleur":"#d2d200","deps":["75"],"epcis":["75056"]},"geometry":{"type":"LineString","coordinates":[[2.27011,48.85549],[2.27415,48.85805]]}},
{"type":"Feature","properties":{"id":534,"ligne":"METRO 9","mode":"metro","couleur":"#d2d200","deps":["75"],"epcis":["75056"]},"geometry":{"type":"LineString","coordinates":[[2.36801,48.86502],[2.37394,48.86148]]}},
{"type":"Feature","properties":{"id":535,"ligne":"METRO 9","mode":"metro","couleur":"#d2d200","deps":["75"],"epcis":["75056"]},"geometry":{"type":"LineString","coordinates":[[2.29416,48.86479],[2.29973,48.86505],[2.30099,48.86477]]}},
{"type":"Feature","properties":{"id":536,"ligne":"METRO 9","mode":"metro","couleur":"#d2d200","deps":["75"],"epcis":["75056"]},"geometry":{"type":"LineString","coordinates":[[2.39588,48.84894],[2.39711,48.8492],[2.4004,48.8516],[2.40193,48.85198]]}},
{"type":"Feature","properties":{"id":537,"ligne":"METRO 9","mode":"metro","couleur":"#d2d200","deps":["75"],"epcis":["75056"]},"geometry":{"type":"LineString","coordinates":[[2.3847,48.85509],[2.38963,48.85217]]}},
{"type":"Feature","properties":{"id":538,"ligne":"METRO 9","mode":"metro","couleur":"#d2d200","deps":["75"],"epcis":["75056"]},"geometry":{"type":"LineString","coordinates":[[2.31002,48.87205],[2.31043,48.87275],[2.31474,48.87373]]}},
{"type":"Feature","properties":{"id":539,"ligne":"METRO 9","mode":"metro","couleur":"#d2d200","deps":["75"],"epcis":["75056"]},"geometry":{"type":"LineString","coordinates":[[2.3277,48.87371],[2.33446,48.8728]]}},
{"type":"Feature","properties":{"id":540,"ligne":"METRO 9","mode":"metro","couleur":"#d2d200","deps":["75"],"epcis":["75056"]},"geometry":{"type":"LineString","coordinates":[[2.34849,48.87059],[2.35382,48.8694]]}},
{"type":"Feature","properties":{"id":541,"ligne":"METRO 10","mode":"metro","couleur":"#dc9600","deps":["75"],"epcis":["75056"]},"geometry":{"type":"LineString","coordinates":[[2.26914,48.84715],[2.27038,48.84663],[2.27112,48.84663]]}},
{"type":"Feature","properties":{"id":542,"ligne":"METRO 10","mode":"metro","couleur":"#dc9600","deps":["75"],"epcis":["75056"]},"geometry":{"type":"LineString","coordinates":[[2.31701,48.84699],[2.31128,48.84533],[2.3094,48.84582],[2.3074,48.84707]]}},
{"type":"Feature","properties":{"id":543,"ligne":"METRO 10","mode":"metro","couleur":"#dc9600","deps":["75"],"epcis":["75056"]},"geometry":{"type":"LineString","coordinates":[[2.286,48.84653],[2.2784,48.84616]]}},
{"type":"Feature","properties":{"id":544,"ligne":"METRO 10","mode":"metro","couleur":"#dc9600","deps":["75"],"epcis":["75056"]},"geometry":{"type":"LineString","coordinates":[[2.34061,48.85194],[2.33629,48.85302],[2.3355,48.85302]]}},
{"type":"Feature","properties":{"id":545,"ligne":"METRO 10","mode":"metro","couleur":"#dc9600","deps":["75"],"epcis":["75056"]},"geometry":{"type":"LineString","coordinates":[[2.25774,48.84797],[2.26422,48.84793]]}},
{"type":"Feature","properties":{"id":546,"ligne":"METRO 13","mode":"metro","couleur":"#82c8e6","deps":["93"],"epcis":["200057867"]},"geometry":{"type":"LineString","coordinates":[[2.35604,48.92994],[2.35937,48.93678]]}},
{"type":"Feature","properties":{"id":547,"ligne":"ORLYVAL","mode":"train","couleur":"#5ec5ed","deps":["91","92"],"epcis":["200056232","200057966","200058014"]},"geometry":{"type":"LineString","coordinates":[[2.30099,48.75495],[2.30074,48.75396],[2.30093,48.75335],[2.30139,48.75275],[2.30252,48.75212],[2.31642,48.74739],[2.3265,48.74299],[2.33182,48.74182],[2.33795,48.73923],[2.3401,48.73889],[2.34375,48.7396],[2.34552,48.73961],[2.35022,48.73794],[2.3592,48.73711],[2.36055,48.73675],[2.36211,48.73548],[2.3639,48.73126],[2.36314,48.73031],[2.36001,48.72965]]}},
{"type":"Feature","properties":{"id":548,"ligne":"TRAIN P","mode":"train","couleur":"#f58f53","deps":["93","94"],"epcis":["200057941","200058790"]},"geometry":{"type":"LineString","coordinates":[[2.48576,48.86991],[2.4852,48.86677],[2.48532,48.86518],[2.48917,48.85427]]}},
{"type":"Feature","properties":{"id":549,"ligne":"TRAIN P","mode":"train","couleur":"#f58f53","deps":["77"],"epcis":["247700339","247700594"]},"geometry":{"type":"LineString","coordinates":[[2.70601,48.88219],[2.74473,48.88473],[2.74928,48.88548],[2.75236,48.88674],[2.75504,48.88867],[2.75652,48.89056],[2.75849,48.89494],[2.76061,48.89715],[2.76265,48.89841],[2.76442,48.89916],[2.77029,48.90073],[2.77499,48.90149],[2.77878,48.90162],[2.78142,48.90135],[2.79093,48.8997],[2.79506,48.89959],[2.79836,48.90012],[2.81025,48.90307]]}},
{"type":"Feature","properties":{"id":550,"ligne":"TRAIN P","mode":"train","couleur":"#f58f53","deps":["77"],"epcis":["200037133"]},"geometry":{"type":"LineString","coordinates":[[3.25537,48.52915],[3.25799,48.53023],[3.263,48.53093],[3.26508,48.53194],[3.2666,48.5337],[3.26704,48.5366],[3.26765,48.53803],[3.26863,48.53913],[3.27078,48.54062],[3.27249,48.54124],[3.27644,48.54158],[3.27824,48.54197],[3.28668,48.5453]]}},
{"type":"Feature","properties":{"id":551,"ligne":"TRAIN P","mode":"train","couleur":"#f58f53","deps":["93"],"epcis":["200057875"]},"geometry":{"type":"LineString","coordinates":[[2.46112,48.8966],[2.46441,48.8963],[2.48021,48.89395]]}},
{"type":"Feature","properties":{"id":552,"ligne":"TRAIN P","mode":"train","couleur":"#f58f53","deps":["93"],"epcis":["200058790"]},"geometry":{"type":"LineString","coordinates":[[2.52543,48.88373],[2.53379,48.88032],[2.53836,48.87899],[2.54345,48.8781],[2.55288,48.87716]]}},
{"type":"Feature","properties":{"id":553,"ligne":"TRAIN N","mode":"train","couleur":"#00b297","deps":["78"],"epcis":["200058782"]},"geometry":{"type":"LineString","coordinates":[[1.94305,48.75519],[1.95567,48.75799],[1.97416,48.76298],[1.97705,48.76399],[1.98371,48.76686],[1.99046,48.76921],[1.99769,48.77235],[2.00657,48.7748]]}},
{"type":"Feature","properties":{"id":554,"ligne":"TRAIN N","mode":"train","couleur":"#00b297","deps":["78"],"epcis":["200058782"]},"geometry":{"type":"LineString","coordinates":[[2.00657,48.7748],[2.03288,48.782],[2.03659,48.78343],[2.04462,48.78739]]}},
{"type":"Feature","properties":{"id":555,"ligne":"METRO 13","mode":"metro","couleur":"#82c8e6","deps":["75","92"],"epcis":["200057966","75056"]},"geometry":{"type":"LineString","coordinates":[[2.29846,48.82258],[2.30339,48.82657],[2.30553,48.8278]]}},
{"type":"Feature","properties":{"id":556,"ligne":"METRO 13","mode":"metro","couleur":"#82c8e6","deps":["92"],"epcis":["200057990"]},"geometry":{"type":"LineString","coordinates":[[2.30601,48.90323],[2.30232,48.90693],[2.30009,48.90817],[2.29752,48.91341],[2.29573,48.91554],[2.29469,48.91638]]}},
{"type":"Feature","properties":{"id":557,"ligne":"METRO 13","mode":"metro","couleur":"#82c8e6","deps":["75"],"epcis":["75056"]},"geometry":{"type":"LineString","coordinates":[[2.32724,48.8838],[2.32578,48.88718]]}},
{"type":"Feature","properties":{"id":558,"ligne":"METRO 13","mode":"metro","couleur":"#82c8e6","deps":["75"],"epcis":["75056"]},"geometry":{"type":"LineString","coordinates":[[2.31446,48.87377],[2.31434,48.87505],[2.31468,48.8753],[2.31916,48.87486],[2.32548,48.87542]]}},
{"type":"Feature","properties":{"id":559,"ligne":"METRO 13","mode":"metro","couleur":"#82c8e6","deps":["75"],"epcis":["75056"]},"geometry":{"type":"LineString","coordinates":[[2.32702,48.87963],[2.32724,48.8838]]}},
{"type":"Feature","properties":{"id":560,"ligne":"TER GRAND-EST","mode":"train","couleur":"#aaaaaa","deps":["77"],"epcis":["247700701"]},"geometry":{"type":"LineString","coordinates":[[3.01201,48.56195],[2.99978,48.57096],[2.98249,48.58288],[2.97734,48.58637],[2.97383,48.58815],[2.96944,48.58968],[2.89642,48.61051],[2.89255,48.61196],[2.88825,48.61402]]}},
{"type":"Feature","properties":{"id":561,"ligne":"TER GRAND-EST","mode":"train","couleur":"#aaaaaa","deps":["77"],"epcis":["200023125","200070779","200072874","247700701"]},"geometry":{"type":"LineString","coordinates":[[2.82517,48.64437],[2.78305,48.66479],[2.78061,48.66694],[2.76975,48.68147],[2.76785,48.68357],[2.76471,48.68549],[2.75567,48.68841],[2.75238,48.68988],[2.7496,48.69173],[2.74126,48.69869],[2.73965,48.70087],[2.73856,48.70364],[2.73208,48.7409],[2.73066,48.74351],[2.72723,48.74645]]}},
{"type":"Feature","properties":{"id":562,"ligne":"TER GRAND-EST","mode":"train","couleur":"#aaaaaa","deps":["93"],"epcis":["200057875"]},"geometry":{"type":"LineString","coordinates":[[2.40036,48.89811],[2.40852,48.89861],[2.4175,48.89851],[2.43058,48.89887],[2.43383,48.89847],[2.43909,48.89682],[2.44158,48.89635],[2.44672,48.89626],[2.45836,48.89665]]}},
{"type":"Feature","properties":{"id":563,"ligne":"RER B","mode":"rer","couleur":"#5091cb","deps":["75"],"epcis":["75056"]},"geometry":{"type":"LineString","coordinates":[[2.34402,48.85212],[2.34726,48.85421],[2.34885,48.85672],[2.34884,48.85805],[2.34701,48.86182]]}},
{"type":"Feature","properties":{"id":564,"ligne":"RER B","mode":"rer","couleur":"#5091cb","deps":["75"],"epcis":["75056"]},"geometry":{"type":"LineString","coordinates":[[2.3332,48.83307],[2.33287,48.83408],[2.33302,48.83496],[2.33628,48.83838],[2.3371,48.84003]]}},
{"type":"Feature","properties":{"id":565,"ligne":"RER B","mode":"rer","couleur":"#5091cb","deps":["75"],"epcis":["75056"]},"geometry":{"type":"LineString","coordinates":[[2.33898,48.82109],[2.33771,48.82342],[2.33582,48.82922],[2.33383,48.83143],[2.3332,48.83307]]}},
{"type":"Feature","properties":{"id":566,"ligne":"RER B","mode":"rer","couleur":"#5091cb","deps":["75","93"],"epcis":["200057867","75056"]},"geometry":{"type":"LineString","coordinates":[[2.35757,48.88176],[2.35798,48.88416],[2.35732,48.88955],[2.35457,48.89659],[2.35415,48.89948],[2.35286,48.90429],[2.35212,48.91085],[2.35267,48.91222],[2.35389,48.91339],[2.36247,48.91801]]}},
{"type":"Feature","properties":{"id":567,"ligne":"RER B","mode":"rer","couleur":"#5091cb","deps":["93"],"epcis":["200058097"]},"geometry":{"type":"LineString","coordinates":[[2.42579,48.93074],[2.43443,48.93227],[2.43823,48.93269],[2.45477,48.93271]]}},
{"type":"Feature","properties":{"id":568,"ligne":"RER B","mode":"rer","couleur":"#5091cb","deps":["93"],"epcis":["200058097"]},"geometry":{"type":"LineString","coordinates":[[2.45477,48.93271],[2.47567,48.93231]]}},
{"type":"Feature","properties":{"id":569,"ligne":"RER B","mode":"rer","couleur":"#5091cb","deps":["93"],"epcis":["200058097"]},"geometry":{"type":"LineString","coordinates":[[2.49551,48.9322],[2.50804,48.93225]]}},
{"type":"Feature","properties":{"id":570,"ligne":"TRAIN H","mode":"train","couleur":"#84653d","deps":["95"],"epcis":["200056380"]},"geometry":{"type":"LineString","coordinates":[[2.32609,48.95987],[2.32429,48.96129],[2.32365,48.96214],[2.32337,48.96339],[2.32392,48.96483],[2.32529,48.96599],[2.32835,48.96718],[2.32967,48.96798],[2.3354,48.97408],[2.33852,48.97605]]}},
{"type":"Feature","properties":{"id":571,"ligne":"TRAIN H","mode":"train","couleur":"#84653d","deps":["95"],"epcis":["200056380"]},"geometry":{"type":"LineString","coordinates":[[2.33852,48.97605],[2.35341,48.98432]]}},
{"type":"Feature","properties":{"id":572,"ligne":"TRAIN H","mode":"train","couleur":"#84653d","deps":["95"],"epcis":["200073013"]},"geometry":{"type":"LineString","coordinates":[[2.32292,49.06629],[2.32767,49.06853]]}},
{"type":"Feature","properties":{"id":573,"ligne":"TRAIN H","mode":"train","couleur":"#84653d","deps":["95"],"epcis":["249500109"]},"geometry":{"type":"LineString","coordinates":[[2.10511,49.04531],[2.10111,49.04565]]}},
{"type":"Feature","properties":{"id":574,"ligne":"METRO 12","mode":"metro","couleur":"#00643c","deps":["92"],"epcis":["200057974"]},"geometry":{"type":"LineString","coordinates":[[2.27367,48.82431],[2.27591,48.82504],[2.27941,48.82709]]}},
{"type":"Feature","properties":{"id":575,"ligne":"METRO 12","mode":"metro","couleur":"#00643c","deps":["75","92"],"epcis":["200057974","75056"]},"geometry":{"type":"LineString","coordinates":[[2.27941,48.82709],[2.28802,48.83245]]}},
{"type":"Feature","properties":{"id":576,"ligne":"METRO 12","mode":"metro","couleur":"#00643c","deps":["75"],"epcis":["75056"]},"geometry":{"type":"LineString","coordinates":[[2.32784,48.87567],[2.33311,48.87633]]}},
{"type":"Feature","properties":{"id":577,"ligne":"METRO 4","mode":"metro","couleur":"#a0006e","deps":["75"],"epcis":["75056"]},"geometry":{"type":"LineString","coordinates":[[2.3244,48.84378],[2.32433,48.84435],[2.32679,48.84688]]}},
{"type":"Feature","properties":{"id":578,"ligne":"RER E","mode":"rer","couleur":"#b94e9a","deps":["93"],"epcis":["200058790"]},"geometry":{"type":"LineString","coordinates":[[2.51316,48.88887],[2.52543,48.88373]]}},
{"type":"Feature","properties":{"id":579,"ligne":"RER E","mode":"rer","couleur":"#b94e9a","deps":["75","93"],"epcis":["200057875","75056"]},"geometry":{"type":"LineString","coordinates":[[2.37382,48.89658],[2.37702,48.8974],[2.37915,48.89766],[2.40036,48.89811]]}},
{"type":"Feature","properties":{"id":580,"ligne":"TER","mode":"train","couleur":"#888888","deps":["95"],"epcis":["249500430"]},"geometry":{"type":"LineString","coordinates":[[2.1417,49.06931],[2.14421,49.06975],[2.14687,49.06978],[2.15767,49.06831],[2.16322,49.06822],[2.16802,49.06876],[2.1753,49.07046]]}},
{"type":"Feature","properties":{"id":581,"ligne":"TER","mode":"train","couleur":"#888888","deps":["94"],"epcis":["200058014"]},"geometry":{"type":"LineString","coordinates":[[2.41752,48.74507],[2.41929,48.7498],[2.4191,48.75087],[2.41811,48.75289]]}},
{"type":"Feature","properties":{"id":582,"ligne":"TER NORMANDIE","mode":"train","couleur":"#aaaaaa","deps":["95"],"epcis":["249500109"]},"geometry":{"type":"LineString","coordinates":[[2.12826,49.03399],[2.12522,49.03681],[2.12154,49.04163],[2.11908,49.04343],[2.11678,49.04447],[2.11343,49.04535],[2.11089,49.04559],[2.10723,49.04539]]}},
{"type":"Feature","properties":{"id":583,"ligne":"TER NORMANDIE","mode":"train","couleur":"#aaaaaa","deps":["95"],"epcis":["249500109"]},"geometry":{"type":"LineString","coordinates":[[2.10511,49.04531],[2.10111,49.04565]]}},
{"type":"Feature","properties":{"id":584,"ligne":"RER C","mode":"rer","couleur":"#ffcc30","deps":["95"],"epcis":["249500109"]},"geometry":{"type":"LineString","coordinates":[[2.10511,49.04531],[2.10111,49.04565]]}},
{"type":"Feature","properties":{"id":585,"ligne":"RER D","mode":"rer","couleur":"#008b5b","deps":["91"],"epcis":["200058014"]},"geometry":{"type":"LineString","coordinates":[[2.38678,48.67609],[2.38323,48.67923],[2.38163,48.68233],[2.3815,48.68441],[2.38179,48.6862],[2.38247,48.68776],[2.38383,48.68957]]}},
{"type":"Feature","properties":{"id":586,"ligne":"TER HAUTS-DE-FRANCE","mode":"train","couleur":"#008b5b","deps":["93"],"epcis":["200057867"]},"geometry":{"type":"LineString","coordinates":[[2.3456,48.93446],[2.34461,48.93884],[2.34439,48.94121],[2.34484,48.94329],[2.3462,48.94538],[2.34816,48.94708],[2.3721,48.96376]]}},
{"type":"Feature","properties":{"id":587,"ligne":"TER NORMANDIE","mode":"train","couleur":"#aaaaaa","deps":["92","95"],"epcis":["200057990"]},"geometry":{"type":"LineString","coordinates":[[2.26097,48.9319],[2.26299,48.93662],[2.2631,48.93886],[2.26235,48.94076],[2.2579,48.9468]]}},
{"type":"Feature","properties":{"id":588,"ligne":"TER NORMANDIE","mode":"train","couleur":"#aaaaaa","deps":["95"],"epcis":["200057990"]},"geometry":{"type":"LineString","coordinates":[[2.2579,48.9468],[2.25609,48.94896],[2.25508,48.95102]]}},
{"type":"Feature","properties":{"id":589,"ligne":"TER NORMANDIE","mode":"train","couleur":"#aaaaaa","deps":["78"],"epcis":["200058519","200059889"]},"geometry":{"type":"LineString","coordinates":[[2.04107,48.93327],[2.08848,48.95415],[2.09103,48.95496],[2.09352,48.9554]]}},
{"type":"Feature","properties":{"id":590,"ligne":"TER NORMANDIE","mode":"train","couleur":"#aaaaaa","deps":["78"],"epcis":["200059889"]},"geometry":{"type":"LineString","coordinates":[[1.84835,48.97214],[1.91353,48.99259]]}},
{"type":"Feature","properties":{"id":591,"ligne":"TER NORMANDIE","mode":"train","couleur":"#aaaaaa","deps":["78"],"epcis":["200059889"]},"geometry":{"type":"LineString","coordinates":[[1.95548,48.99261],[1.96483,48.99013],[1.97009,48.98834],[1.97662,48.98539],[1.98314,48.98145]]}},
{"type":"Feature","properties":{"id":592,"ligne":"TER NORMANDIE","mode":"train","couleur":"#aaaaaa","deps":["95"],"epcis":["200057990"]},"geometry":{"type":"LineString","coordinates":[[2.25508,48.95102],[2.25446,48.95313],[2.25294,48.95468],[2.25073,48.95566],[2.24763,48.95603],[2.24595,48.95587],[2.2442,48.95541],[2.23253,48.95065]]}},
{"type":"Feature","properties":{"id":593,"ligne":"TRAIN U","mode":"train","couleur":"#b6134c","deps":["92"],"epcis":["200057982"]},"geometry":{"type":"LineString","coordinates":[[2.21762,48.8461],[2.21776,48.8476],[2.21676,48.85403],[2.21645,48.85882],[2.21718,48.8618],[2.22103,48.87171]]}},
{"type":"Feature","properties":{"id":594,"ligne":"TRAIN U","mode":"train","couleur":"#b6134c","deps":["92"],"epcis":["200057982"]},"geometry":{"type":"LineString","coordinates":[[2.22103,48.87171],[2.22273,48.8737],[2.23369,48.88338]]}},
{"type":"Feature","properties":{"id":595,"ligne":"TRAIN U","mode":"train","couleur":"#b6134c","deps":["78"],"epcis":["200058782"]},"geometry":{"type":"LineString","coordinates":[[1.94305,48.75519],[1.95567,48.75799],[1.97416,48.76298],[1.97705,48.76399],[1.98371,48.76686],[1.99046,48.76921],[1.99769,48.77235],[2.00657,48.7748]]}},
{"type":"Feature","properties":{"id":596,"ligne":"TER HAUTS-DE-FRANCE","mode":"train","couleur":"#aaaaaa","deps":["95"],"epcis":["200056380"]},"geometry":{"type":"LineString","coordinates":[[2.33683,49.03297],[2.32956,49.03451],[2.32705,49.03582],[2.32585,49.0374],[2.32292,49.04517]]}},
{"type":"Feature","properties":{"id":597,"ligne":"TER HAUTS-DE-FRANCE","mode":"train","couleur":"#aaaaaa","deps":["95"],"epcis":["200055655","200056380"]},"geometry":{"type":"LineString","coordinates":[[2.36868,48.99601],[2.36896,48.99802],[2.36864,49.0],[2.36302,49.01367],[2.36317,49.01539],[2.36454,49.01916],[2.36448,49.02066],[2.36363,49.02211],[2.36222,49.02321]]}},
{"type":"Feature","properties":{"id":598,"ligne":"TER HAUTS-DE-FRANCE","mode":"train","couleur":"#aaaaaa","deps":["95"],"epcis":["200056380"]},"geometry":{"type":"LineString","coordinates":[[2.33852,48.97605],[2.35341,48.98432]]}},
{"type":"Feature","properties":{"id":599,"ligne":"RER A","mode":"rer","couleur":"#eb2132","deps":["78"],"epcis":["200058519"]},"geometry":{"type":"LineString","coordinates":[[2.12936,48.95558],[2.14502,48.9455]]}},
{"type":"Feature","properties":{"id":600,"ligne":"TRAM 2","mode":"tram","couleur":"#a0006e","deps":["92"],"epcis":["200057982"]},"geometry":{"type":"LineString","coordinates":[[2.22596,48.876],[2.23387,48.88333]]}},
{"type":"Feature","properties":{"id":601,"ligne":"TRAM 2","mode":"tram","couleur":"#a0006e","deps":["75","92"],"epcis":["200057974","75056"]},"geometry":{"type":"LineString","coordinates":[[2.27124,48.83475],[2.26888,48.83467],[2.2677,48.83431],[2.26593,48.83255],[2.26477,48.83196],[2.26318,48.82989]]}},
{"type":"Feature","properties":{"id":602,"ligne":"TRAM 2","mode":"tram","couleur":"#a0006e","deps":["92"],"epcis":["200057982"]},"geometry":{"type":"LineString","coordinates":[[2.23721,48.89212],[2.23866,48.89387],[2.24025,48.89484],[2.24008,48.89666]]}},
{"type":"Feature","properties":{"id":603,"ligne":"TRAM 2","mode":"tram","couleur":"#a0006e","deps":["92"],"epcis":["200057990"]},"geometry":{"type":"LineString","coordinates":[[2.22957,48.91405],[2.22481,48.91751]]}},
{"type":"Feature","properties":{"id":604,"ligne":"TRAM 2","mode":"tram","couleur":"#a0006e","deps":["92"],"epcis":["200057990"]},"geometry":{"type":"LineString","coordinates":[[2.23399,48.9108],[2.22957,48.91405]]}},
{"type":"Feature","properties":{"id":605,"ligne":"TRAM 1","mode":"tram","couleur":"#0055c8","deps":["93"],"epcis":["200057867"]},"geometry":{"type":"LineString","coordinates":[[2.33957,48.93577],[2.34647,48.93616]]}},
{"type":"Feature","properties":{"id":606,"ligne":"TRAM 1","mode":"tram","couleur":"#0055c8","deps":["92"],"epcis":["200057990"]},"geometry":{"type":"LineString","coordinates":[[2.30709,48.93345],[2.30183,48.93327]]}},
{"type":"Feature","properties":{"id":607,"ligne":"METRO 2","mode":"metro","couleur":"#0055c8","deps":["75"],"epcis":["75056"]},"geometry":{"type":"LineString","coordinates":[[2.33338,48.88356],[2.33823,48.88223]]}},
{"type":"Feature","properties":{"id":608,"ligne":"METRO 2","mode":"metro","couleur":"#0055c8","deps":["75"],"epcis":["75056"]},"geometry":{"type":"LineString","coordinates":[[2.39468,48.85623],[2.398,48.85191]]}},
{"type":"Feature","properties":{"id":609,"ligne":"METRO 5","mode":"metro","couleur":"#ff5a00","deps":["75"],"epcis":["75056"]},"geometry":{"type":"LineString","coordinates":[[2.36737,48.88433],[2.36923,48.88403],[2.37073,48.88306],[2.37193,48.88319]]}},
{"type":"Feature","properties":{"id":610,"ligne":"METRO 5","mode":"metro","couleur":"#ff5a00","deps":["75"],"epcis":["75056"]},"geometry":{"type":"LineString","coordinates":[[2.37193,48.88319],[2.37872,48.88497]]}},
{"type":"Feature","properties":{"id":611,"ligne":"METRO 5","mode":"metro","couleur":"#ff5a00","deps":["93"],"epcis":["200057875"]},"geometry":{"type":"LineString","coordinates":[[2.42533,48.89545],[2.42722,48.89589],[2.43148,48.8976],[2.44286,48.89986],[2.44751,48.90105],[2.4485,48.90168],[2.44915,48.90264],[2.44919,48.90637]]}},
{"type":"Feature","properties":{"id":612,"ligne":"METRO 5","mode":"metro","couleur":"#ff5a00","deps":["75"],"epcis":["75056"]},"geometry":{"type":"LineString","coordinates":[[2.35558,48.83097],[2.35624,48.83122],[2.35633,48.83216],[2.35857,48.83515]]}},
{"type":"Feature","properties":{"id":613,"ligne":"METRO 7","mode":"metro","couleur":"#ff82b4","deps":["75"],"epcis":["75056"]},"geometry":{"type":"LineString","coordinates":[[2.37346,48.88797],[2.37709,48.89091]]}},
{"type":"Feature","properties":{"id":614,"ligne":"METRO 7","mode":"metro","couleur":"#ff82b4","deps":["75"],"epcis":["75056"]},"geometry":{"type":"LineString","coordinates":[[2.37709,48.89091],[2.38216,48.89466]]}},
{"type":"Feature","properties":{"id":615,"ligne":"METRO 7","mode":"metro","couleur":"#ff82b4","deps":["75"],"epcis":["75056"]},"geometry":{"type":"LineString","coordinates":[[2.38216,48.89466],[2.38551,48.89739]]}},
{"type":"Feature","properties":{"id":616,"ligne":"METRO 7","mode":"metro","couleur":"#ff82b4","deps":["75"],"epcis":["75056"]},"geometry":{"type":"LineString","coordinates":[[2.33395,48.87325],[2.34058,48.87497]]}},
{"type":"Feature","properties":{"id":617,"ligne":"METRO 7","mode":"metro","couleur":"#ff82b4","deps":["75"],"epcis":["75056"]},"geometry":{"type":"LineString","coordinates":[[2.35725,48.82643],[2.35564,48.83143]]}},
{"type":"Feature","properties":{"id":618,"ligne":"METRO 7","mode":"metro","couleur":"#ff82b4","deps":["75"],"epcis":["75056"]},"geometry":{"type":"LineString","coordinates":[[2.35971,48.81922],[2.35936,48.81958]]}},
{"type":"Feature","properties":{"id":619,"ligne":"METRO 7","mode":"metro","couleur":"#ff82b4","deps":["75"],"epcis":["75056"]},"geometry":{"type":"LineString","coordinates":[[2.34457,48.87601],[2.34878,48.8771]]}},
{"type":"Feature","properties":{"id":620,"ligne":"METRO 11","mode":"metro","couleur":"#6e491e","deps":["75"],"epcis":["75056"]},"geometry":{"type":"LineString","coordinates":[[2.34804,48.85763],[2.34947,48.85728],[2.35101,48.85745]]}},
{"type":"Feature","properties":{"id":621,"ligne":"METRO 11","mode":"metro","couleur":"#6e491e","deps":["75"],"epcis":["75056"]},"geometry":{"type":"LineString","coordinates":[[2.36507,48.868],[2.37109,48.86996]]}},
{"type":"Feature","properties":{"id":622,"ligne":"METRO 11","mode":"metro","couleur":"#6e491e","deps":["75"],"epcis":["75056"]},"geometry":{"type":"LineString","coordinates":[[2.37109,48.86996],[2.37659,48.87185]]}},
{"type":"Feature","properties":{"id":623,"ligne":"METRO 11","mode":"metro","couleur":"#6e491e","deps":["75"],"epcis":["75056"]},"geometry":{"type":"LineString","coordinates":[[2.38532,48.87388],[2.38682,48.87457],[2.38832,48.87473],[2.38942,48.87511]]}},
{"type":"Feature","properties":{"id":624,"ligne":"METRO 3","mode":"metro","couleur":"#6e6e00","deps":["75"],"epcis":["75056"]},"geometry":{"type":"LineString","coordinates":[[2.34655,48.86751],[2.34138,48.86865]]}},
{"type":"Feature","properties":{"id":625,"ligne":"METRO 3","mode":"metro","couleur":"#6e6e00","deps":["75"],"epcis":["75056"]},"geometry":{"type":"LineString","coordinates":[[2.37974,48.86429],[2.37458,48.86525]]}},
{"type":"Feature","properties":{"id":626,"ligne":"METRO 3","mode":"metro","couleur":"#6e6e00","deps":["75"],"epcis":["75056"]},"geometry":{"type":"LineString","coordinates":[[2.35674,48.86559],[2.35584,48.86552],[2.35136,48.8665]]}},
{"type":"Feature","properties":{"id":627,"ligne":"METRO 3","mode":"metro","couleur":"#6e6e00","deps":["75"],"epcis":["75056"]},"geometry":{"type":"LineString","coordinates":[[2.30905,48.88289],[2.30467,48.88381]]}},
{"type":"Feature","properties":{"id":628,"ligne":"METRO 3","mode":"metro","couleur":"#6e6e00","deps":["92"],"epcis":["200057982"]},"geometry":{"type":"LineString","coordinates":[[2.28808,48.88871],[2.28501,48.89208]]}},
{"type":"Feature","properties":{"id":629,"ligne":"METRO 3","mode":"metro","couleur":"#6e6e00","deps":["75"],"epcis":["75056"]},"geometry":{"type":"LineString","coordinates":[[2.32227,48.87877],[2.32164,48.87958],[2.31702,48.88109],[2.31608,48.88123],[2.31472,48.88109]]}},
{"type":"Feature","properties":{"id":630,"ligne":"METRO 3","mode":"metro","couleur":"#6e6e00","deps":["75"],"epcis":["75056"]},"geometry":{"type":"LineString","coordinates":[[2.33149,48.87131],[2.32754,48.87351]]}},
{"type":"Feature","properties":{"id":631,"ligne":"METRO 7bis","mode":"metro","couleur":"#82dc73","deps":["75"],"epcis":["75056"]},"geometry":{"type":"LineString","coordinates":[[2.3745,48.88067],[2.37977,48.87821],[2.38161,48.87851]]}},
{"type":"Feature","properties":{"id":632,"ligne":"METRO 7bis","mode":"metro","couleur":"#82dc73","deps":["75"],"epcis":["75056"]},"geometry":{"type":"LineString","coordinates":[[2.38857,48.87949],[2.3895,48.87955],[2.39289,48.88187],[2.39401,48.88182]]}},
{"type":"Feature","properties":{"id":633,"ligne":"TRAM 7","mode":"tram","couleur":"#6e491e","deps":["91","94"],"epcis":["200058014"]},"geometry":{"type":"LineString","coordinates":[[2.37175,48.71451],[2.37266,48.71548],[2.37186,48.7177],[2.37103,48.71893],[2.37061,48.72393],[2.36826,48.72955]]}},
{"type":"Feature","properties":{"id":634,"ligne":"TRAM 7","mode":"tram","couleur":"#6e491e","deps":["94"],"epcis":["200058014"]},"geometry":{"type":"LineString","coordinates":[[2.36741,48.77894],[2.36716,48.78311]]}},
{"type":"Feature","properties":{"id":635,"ligne":"TRAM 7","mode":"tram","couleur":"#6e491e","deps":["94"],"epcis":["200058014"]},"geometry":{"type":"LineString","coordinates":[[2.36195,48.75281],[2.36263,48.7532],[2.36517,48.7534],[2.3665,48.75394],[2.36834,48.75531],[2.36837,48.7567]]}},
{"type":"Feature","properties":{"id":636,"ligne":"TRAM 6","mode":"tram","couleur":"#ff0000","deps":["78"],"epcis":["247800584"]},"geometry":{"type":"LineString","coordinates":[[2.1788,48.78512],[2.17698,48.78406],[2.17687,48.78364],[2.17862,48.7823],[2.18049,48.78199]]}},
{"type":"Feature","properties":{"id":637,"ligne":"TRAM 6","mode":"tram","couleur":"#ff0000","deps":["92"],"epcis":["200057966"]},"geometry":{"type":"LineString","coordinates":[[2.28906,48.8042],[2.29409,48.80717]]}},
{"type":"Feature","properties":{"id":638,"ligne":"TRAM 6","mode":"tram","couleur":"#ff0000","deps":["92"],"epcis":["200057966"]},"geometry":{"type":"LineString","coordinates":[[2.25446,48.7867],[2.26339,48.79033]]}},
{"type":"Feature","properties":{"id":639,"ligne":"TRAM 6","mode":"tram","couleur":"#ff0000","deps":["92"],"epcis":["200057966"]},"geometry":{"type":"LineString","coordinates":[[2.23983,48.78073],[2.23935,48.78055],[2.23902,48.78066],[2.23791,48.78481],[2.23713,48.7849]]}},
{"type":"Feature","properties":{"id":640,"ligne":"TRAM 6","mode":"tram","couleur":"#ff0000","deps":["92"],"epcis":["200057966","200057974"]},"geometry":{"type":"LineString","coordinates":[[2.23098,48.7835],[2.23509,48.78461],[2.23713,48.7849]]}},
{"type":"Feature","properties":{"id":641,"ligne":"TRAM 8","mode":"tram","couleur":"#6e6e00","deps":["93"],"epcis":["200057867"]},"geometry":{"type":"LineString","coordinates":[[2.30199,48.95583],[2.30318,48.95599],[2.30434,48.95651],[2.30705,48.95504],[2.30755,48.95505],[2.30787,48.95544]]}},
{"type":"Feature","properties":{"id":642,"ligne":"TRAM 3a","mode":"tram","couleur":"#ff5a00","deps":["75"],"epcis":["75056"]},"geometry":{"type":"LineString","coordinates":[[2.40666,48.83552],[2.40784,48.83669],[2.40887,48.83986]]}},
{"type":"Feature","properties":{"id":643,"ligne":"TRAM 3a","mode":"tram","couleur":"#ff5a00","deps":["75"],"epcis":["75056"]},"geometry":{"type":"LineString","coordinates":[[2.41011,48.8437],[2.41093,48.84663],[2.41063,48.84685],[2.40955,48.84695]]}},
{"type":"Feature","properties":{"id":644,"ligne":"TRAM 3a","mode":"tram","couleur":"#ff5a00","deps":["75"],"epcis":["75056"]},"geometry":{"type":"LineString","coordinates":[[2.27117,48.83808],[2.27463,48.83692],[2.27812,48.83612]]}},
{"type":"Feature","properties":{"id":645,"ligne":"TRAM 3a","mode":"tram","couleur":"#ff5a00","deps":["75"],"epcis":["75056"]},"geometry":{"type":"LineString","coordinates":[[2.36402,48.81976],[2.37005,48.82183]]}},
{"type":"Feature","properties":{"id":646,"ligne":"TRAM 3a","mode":"tram","couleur":"#ff5a00","deps":["75"],"epcis":["75056"]},"geometry":{"type":"LineString","coordinates":[[2.32551,48.82315],[2.33334,48.82151]]}},
{"type":"Feature","properties":{"id":647,"ligne":"TRAM 3a","mode":"tram","couleur":"#ff5a00","deps":["75"],"epcis":["75056"]},"geometry":{"type":"LineString","coordinates":[[2.36402,48.81976],[2.3624,48.8193],[2.36013,48.81905]]}},
{"type":"Feature","properties":{"id":648,"ligne":"TRAM 3b","mode":"tram","couleur":"#00643c","deps":["75"],"epcis":["75056"]},"geometry":{"type":"LineString","coordinates":[[2.39774,48.89388],[2.39591,48.89731],[2.39497,48.89743]]}},
{"type":"Feature","properties":{"id":649,"ligne":"TRAM 3b","mode":"tram","couleur":"#00643c","deps":["75"],"epcis":["75056"]},"geometry":{"type":"LineString","coordinates":[[2.39497,48.89743],[2.3933,48.89734],[2.39238,48.89694],[2.39035,48.89734],[2.38658,48.89743]]}},
{"type":"Feature","properties":{"id":650,"ligne":"TRAM 3b","mode":"tram","couleur":"#00643c","deps":["75"],"epcis":["75056"]},"geometry":{"type":"LineString","coordinates":[[2.38054,48.89873],[2.37524,48.89862],[2.37435,48.89764],[2.37338,48.89755]]}},
{"type":"Feature","properties":{"id":651,"ligne":"TRAM 3b","mode":"tram","couleur":"#00643c","deps":["75"],"epcis":["75056"]},"geometry":{"type":"LineString","coordinates":[[2.40898,48.86752],[2.40862,48.8721]]}},
{"type":"Feature","properties":{"id":652,"ligne":"TRAM 3b","mode":"tram","couleur":"#00643c","deps":["75"],"epcis":["75056"]},"geometry":{"type":"LineString","coordinates":[[2.407,48.87663],[2.40618,48.87771],[2.40221,48.87854],[2.40123,48.87946]]}},
{"type":"Feature","properties":{"id":653,"ligne":"TRAM 3b","mode":"tram","couleur":"#00643c","deps":["75"],"epcis":["75056"]},"geometry":{"type":"LineString","coordinates":[[2.39568,48.88901],[2.39578,48.88974],[2.39816,48.89039],[2.39852,48.89071],[2.39774,48.89388]]}},
{"type":"Feature","properties":{"id":654,"ligne":"TRAM 3b","mode":"tram","couleur":"#00643c","deps":["75"],"epcis":["75056"]},"geometry":{"type":"LineString","coordinates":[[2.35838,48.89839],[2.35171,48.89833]]}},
{"type":"Feature","properties":{"id":655,"ligne":"TRAM 5","mode":"tram","couleur":"#640082","deps":["93"],"epcis":["200057867"]},"geometry":{"type":"LineString","coordinates":[[2.35673,48.94213],[2.35633,48.93895]]}},
{"type":"Feature","properties":{"id":656,"ligne":"TRAM 5","mode":"tram","couleur":"#640082","deps":["95"],"epcis":["200055655"]},"geometry":{"type":"LineString","coordinates":[[2.37742,48.97667],[2.37224,48.97749]]}},
{"type":"Feature","properties":{"id":657,"ligne":"TRAM 5","mode":"tram","couleur":"#640082","deps":["95"],"epcis":["200055655"]},"geometry":{"type":"LineString","coordinates":[[2.38505,48.97852],[2.3802,48.97928]]}},
{"type":"Feature","properties":{"id":658,"ligne":"TRAM 3b","mode":"tram","couleur":"#00643c","deps":["75"],"epcis":["75056"]},"geometry":{"type":"LineString","coordinates":[[2.35171,48.89833],[2.34508,48.89804]]}},
{"type":"Feature","properties":{"id":659,"ligne":"TRAM 3b","mode":"tram","couleur":"#00643c","deps":["75"],"epcis":["75056"]},"geometry":{"type":"LineString","coordinates":[[2.32983,48.89767],[2.32491,48.89755]]}},
{"type":"Feature","properties":{"id":660,"ligne":"TRAM 3b","mode":"tram","couleur":"#00643c","deps":["75"],"epcis":["75056"]},"geometry":{"type":"LineString","coordinates":[[2.3188,48.89631],[2.31423,48.89462]]}},
{"type":"Feature","properties":{"id":661,"ligne":"TRAM 3b","mode":"tram","couleur":"#00643c","deps":["75"],"epcis":["75056"]},"geometry":{"type":"LineString","coordinates":[[2.28551,48.88115],[2.28391,48.87794]]}},
{"type":"Feature","properties":{"id":662,"ligne":"TRAM 1","mode":"tram","couleur":"#0055c8","deps":["92"],"epcis":["200057990"]},"geometry":{"type":"LineString","coordinates":[[2.28372,48.93021],[2.27434,48.92725]]}},
{"type":"Feature","properties":{"id":663,"ligne":"TRAM 4","mode":"tram","couleur":"#dc9600","deps":["93"],"epcis":["200058790"]},"geometry":{"type":"LineString","coordinates":[[2.52405,48.90663],[2.52755,48.91029],[2.53229,48.90853]]}},
{"type":"Feature","properties":{"id":664,"ligne":"TRAIN K","mode":"train","couleur":"#9b9842","deps":["93"],"epcis":["200058097"]},"geometry":{"type":"LineString","coordinates":[[2.53471,48.93628],[2.55144,48.94018],[2.56645,48.94418]]}},
{"type":"Feature","properties":{"id":665,"ligne":"METRO 14","mode":"metro","couleur":"#640082","deps":["91","94"],"epcis":["200058014"]},"geometry":{"type":"LineString","coordinates":[[2.36259,48.72808],[2.36229,48.73131],[2.36259,48.73262],[2.3633,48.73352],[2.37024,48.73903],[2.37153,48.74044],[2.37277,48.74315],[2.37284,48.74698]]}},
{"type":"Feature","properties":{"id":666,"ligne":"METRO 14","mode":"metro","couleur":"#640082","deps":["94"],"epcis":["200058014"]},"geometry":{"type":"LineString","coordinates":[[2.37284,48.74698],[2.37266,48.74959],[2.37202,48.75134],[2.37101,48.75285],[2.367,48.75697],[2.36657,48.75795],[2.36649,48.75955]]}},
{"type":"Feature","properties":{"id":667,"ligne":"TER BOURGOGNE-FC","mode":"train","couleur":"#aaaaaa","deps":[],"epcis":[]},"geometry":{"type":"LineString","coordinates":[[3.07175,48.34261],[3.11567,48.32854],[3.13042,48.32402]]}},
{"type":"Feature","properties":{"id":668,"ligne":"TER CENTRE-VDL","mode":"train","couleur":"#aaaaaa","deps":[],"epcis":[]},"geometry":{"type":"LineString","coordinates":[[1.59267,48.58677],[1.59256,48.58499],[1.59381,48.57826],[1.59283,48.55652],[1.59382,48.55123],[1.59323,48.5488],[1.59008,48.54267]]}},
{"type":"Feature","properties":{"id":669,"ligne":"METRO 1","mode":"metro","couleur":"#ffbe00","deps":["75"],"epcis":["75056"]},"geometry":{"type":"LineString","coordinates":[[2.37377,48.84587],[2.3728,48.84574],[2.37237,48.84589],[2.36991,48.85151],[2.36867,48.85201]]}},
{"type":"Feature","properties":{"id":670,"ligne":"METRO 4","mode":"metro","couleur":"#a0006e","deps":["75"],"epcis":["75056"]},"geometry":{"type":"LineString","coordinates":[[2.34732,48.85494],[2.34789,48.8559],[2.348,48.85693],[2.34745,48.85891],[2.34677,48.85972]]}},
{"type":"Feature","properties":{"id":671,"ligne":"RER C","mode":"rer","couleur":"#ffcc30","deps":["91"],"epcis":["200057859"]},"geometry":{"type":"LineString","coordinates":[[2.22345,48.58272],[2.22572,48.58332],[2.23331,48.58613],[2.23544,48.58632],[2.24107,48.58601]]}},
{"type":"Feature","properties":{"id":672,"ligne":"TER NORMANDIE","mode":"train","couleur":"#aaaaaa","deps":[],"epcis":[]},"geometry":{"type":"LineString","coordinates":[[1.81827,49.28259],[1.81636,49.28362],[1.81422,49.28432],[1.8121,49.2847],[1.80935,49.28476],[1.80564,49.2841],[1.79776,49.28131],[1.7956,49.28092],[1.79355,49.28091],[1.79144,49.28126],[1.78958,49.28194],[1.78491,49.28539]]}},
{"type":"Feature","properties":{"id":673,"ligne":"TER NORMANDIE","mode":"train","couleur":"#aaaaaa","deps":[],"epcis":[]},"geometry":{"type":"LineString","coordinates":[[1.92061,49.20229],[1.92103,49.20535],[1.91974,49.2078],[1.91778,49.20935],[1.91244,49.21202],[1.90957,49.21397],[1.90758,49.21622],[1.90549,49.22067]]}},
{"type":"Feature","properties":{"id":674,"ligne":"TER NORMANDIE","mode":"train","couleur":"#aaaaaa","deps":["95"],"epcis":["200035970"]},"geometry":{"type":"LineString","coordinates":[[1.93693,49.16267],[1.93685,49.16467],[1.93567,49.16853],[1.93497,49.16978],[1.93283,49.17207],[1.92997,49.17946],[1.92761,49.18191],[1.92216,49.18529],[1.92115,49.18631],[1.92026,49.18782],[1.91862,49.19421],[1.92061,49.20229]]}},
{"type":"Feature","properties":{"id":675,"ligne":"TRAIN L","mode":"train","couleur":"#c4a4cc","deps":["78"],"epcis":["200058519"]},"geometry":{"type":"LineString","coordinates":[[2.07672,48.86806],[2.07558,48.86708],[2.07419,48.86499],[2.07301,48.8641],[2.07079,48.86337],[2.06674,48.86284],[2.06493,48.86293],[2.06329,48.86331],[2.05995,48.86516],[2.05838,48.86571],[2.05329,48.86588],[2.0521,48.86643],[2.05128,48.86737]]}},
{"type":"Feature","properties":{"id":676,"ligne":"TRAM 9","mode":"tram","couleur":"#3c91dc","deps":["94"],"epcis":["200058014"]},"geometry":{"type":"LineString","coordinates":[[2.38151,48.79882],[2.38621,48.79289]]}},
{"type":"Feature","properties":{"id":677,"ligne":"TRAM 9","mode":"tram","couleur":"#3c91dc","deps":["94"],"epcis":["200058014"]},"geometry":{"type":"LineString","coordinates":[[2.38824,48.79043],[2.39199,48.78567]]}},
{"type":"Feature","properties":{"id":678,"ligne":"TRAM 9","mode":"tram","couleur":"#3c91dc","deps":["94"],"epcis":["200058014"]},"geometry":{"type":"LineString","coordinates":[[2.39199,48.78567],[2.39384,48.78301]]}},
{"type":"Feature","properties":{"id":679,"ligne":"TRAM 9","mode":"tram","couleur":"#3c91dc","deps":["94"],"epcis":["200058014"]},"geometry":{"type":"LineString","coordinates":[[2.39636,48.77867],[2.39906,48.77425],[2.39936,48.77299]]}},
{"type":"Feature","properties":{"id":680,"ligne":"TRAM 9","mode":"tram","couleur":"#3c91dc","deps":["94"],"epcis":["200058014"]},"geometry":{"type":"LineString","coordinates":[[2.41695,48.75211],[2.41874,48.74914],[2.41782,48.74744],[2.41632,48.74694]]}},
{"type":"Feature","properties":{"id":681,"ligne":"TRAM 13","mode":"tram","couleur":"#8d653d","deps":["78"],"epcis":["200058519"]},"geometry":{"type":"LineString","coordinates":[[2.06997,48.89474],[2.06995,48.89309],[2.07084,48.89154],[2.07382,48.88844],[2.07792,48.88551],[2.07887,48.88451],[2.07944,48.88296],[2.07918,48.88099]]}},
{"type":"Feature","properties":{"id":682,"ligne":"TRAM 13","mode":"tram","couleur":"#8d653d","deps":["78"],"epcis":["200058519"]},"geometry":{"type":"LineString","coordinates":[[2.07297,48.9032],[2.07308,48.90801],[2.07461,48.90914],[2.07468,48.91222],[2.07549,48.91259],[2.08168,48.91392]]}},
{"type":"Feature","properties":{"id":683,"ligne":"TRAM 13","mode":"tram","couleur":"#8d653d","deps":["78"],"epcis":["200058519"]},"geometry":{"type":"LineString","coordinates":[[2.07918,48.88099],[2.07838,48.87971],[2.07606,48.87764],[2.06871,48.87215]]}},
{"type":"Feature","properties":{"id":684,"ligne":"TRAM 12","mode":"tram","couleur":"#a50034","deps":["91"],"epcis":["200056232"]},"geometry":{"type":"LineString","coordinates":[[2.27264,48.72343],[2.27559,48.71417],[2.27757,48.71111],[2.28012,48.70855]]}},
{"type":"Feature","properties":{"id":685,"ligne":"TRAM 12","mode":"tram","couleur":"#a50034","deps":["91"],"epcis":["200056232"]},"geometry":{"type":"LineString","coordinates":[[2.30784,48.70068],[2.3101,48.69993],[2.31221,48.69884],[2.31377,48.69767],[2.31507,48.69621],[2.31575,48.69451],[2.31636,48.68833],[2.31763,48.68571]]}},
{"type":"Feature","properties":{"id":686,"ligne":"TRAM 12","mode":"tram","couleur":"#a50034","deps":["91"],"epcis":["200059228"]},"geometry":{"type":"LineString","coordinates":[[2.41545,48.62213],[2.41736,48.62272],[2.42109,48.62496],[2.42284,48.62505],[2.42759,48.62468]]}},
{"type":"Feature","properties":{"id":687,"ligne":"TRAM 12","mode":"tram","couleur":"#a50034","deps":["91"],"epcis":["200057859","200058014"]},"geometry":{"type":"LineString","coordinates":[[2.35474,48.66789],[2.35959,48.66682],[2.36262,48.66532]]}},
{"type":"Feature","properties":{"id":688,"ligne":"TRAM 12","mode":"tram","couleur":"#a50034","deps":["91"],"epcis":["200059228"]},"geometry":{"type":"LineString","coordinates":[[2.40758,48.62508],[2.41252,48.62238],[2.41389,48.62209],[2.41545,48.62213]]}},
{"type":"Feature","properties":{"id":689,"ligne":"TRAM 12","mode":"tram","couleur":"#a50034","deps":["91"],"epcis":["200058014","200059228"]},"geometry":{"type":"LineString","coordinates":[[2.37385,48.65902],[2.37737,48.65653],[2.37884,48.6548],[2.38125,48.65432],[2.3834,48.65213]]}},
{"type":"Feature","properties":{"id":690,"ligne":"CABLE 1","mode":"train","couleur":"#3c91dc","deps":["94"],"epcis":["200058006","200058014"]},"geometry":{"type":"LineString","coordinates":[[2.46456,48.76872],[2.47068,48.75269]]}},
{"type":"Feature","properties":{"id":691,"ligne":"TRAM 4","mode":"tram","couleur":"#dc9600","deps":["93"],"epcis":["200058097","200058790"]},"geometry":{"type":"LineString","coordinates":[[2.51633,48.9218],[2.51867,48.92457],[2.51912,48.9265]]}},
{"type":"Feature","properties":{"id":692,"ligne":"TRAM 4","mode":"tram","couleur":"#dc9600","deps":["93"],"epcis":["200058790"]},"geometry":{"type":"LineString","coordinates":[[2.51506,48.9161],[2.51464,48.91762],[2.51472,48.91909],[2.51521,48.92035],[2.51633,48.9218]]}},
{"type":"Feature","properties":{"id":693,"ligne":"RER C","mode":"rer","couleur":"#ffcc30","deps":["91","92"],"epcis":["200056232","200057966"]},"geometry":{"type":"LineString","coordinates":[[2.274,48.73489],[2.27847,48.7364],[2.28436,48.73781],[2.29139,48.74067],[2.30293,48.74397],[2.30555,48.74508],[2.30902,48.7472],[2.31082,48.74775],[2.31271,48.74794]]}},
{"type":"Feature","properties":{"id":694,"ligne":"RER C","mode":"rer","couleur":"#ffcc30","deps":["94"],"epcis":["200058014"]},"geometry":{"type":"LineString","coordinates":[[2.37311,48.74835],[2.38409,48.75269],[2.38647,48.75302],[2.38925,48.7528],[2.39109,48.75227],[2.39315,48.7511],[2.39766,48.74607],[2.40291,48.74188]]}},
{"type":"Feature","properties":{"id":695,"ligne":"RER C","mode":"rer","couleur":"#ffcc30","deps":["94"],"epcis":["200058014"]},"geometry":{"type":"LineString","coordinates":[[2.40291,48.74188],[2.40476,48.74065],[2.4074,48.73954],[2.40979,48.73921],[2.41239,48.73942],[2.41484,48.74033],[2.41633,48.74147],[2.41726,48.74304],[2.41752,48.74507]]}},
{"type":"Feature","properties":{"id":696,"ligne":"RER C","mode":"rer","couleur":"#ffcc30","deps":["94"],"epcis":["200058014"]},"geometry":{"type":"LineString","coordinates":[[2.41752,48.74507],[2.41929,48.7498],[2.4191,48.75087],[2.41811,48.75289]]}},
{"type":"Feature","properties":{"id":697,"ligne":"RER C","mode":"rer","couleur":"#ffcc30","deps":["91"],"epcis":["200017846","249100553"]},"geometry":{"type":"LineString","coordinates":[[2.19458,48.49364],[2.19296,48.49135],[2.19152,48.48806],[2.19086,48.48483],[2.19073,48.47962],[2.18931,48.47627],[2.1867,48.47333],[2.17144,48.4598],[2.17003,48.4582],[2.16893,48.45641],[2.16821,48.45453],[2.16789,48.45235],[2.16796,48.45085],[2.16924,48.44602],[2.16902,48.44368],[2.16834,48.44211],[2.16718,48.44071],[2.16542,48.43941],[2.16335,48.43833],[2.15953,48.43692]]}},
{"type":"Feature","properties":{"id":698,"ligne":"RER C","mode":"rer","couleur":"#ffcc30","deps":["91"],"epcis":["200057859"]},"geometry":{"type":"LineString","coordinates":[[2.24107,48.58601],[2.24727,48.58565],[2.25021,48.58592],[2.26621,48.59112]]}},
{"type":"Feature","properties":{"id":699,"ligne":"RER C","mode":"rer","couleur":"#ffcc30","deps":["94"],"epcis":["200058014"]},"geometry":{"type":"LineString","coordinates":[[2.40959,48.78223],[2.40854,48.78708],[2.40683,48.79219],[2.40535,48.79554],[2.40271,48.80021]]}},
{"type":"Feature","properties":{"id":700,"ligne":"RER C","mode":"rer","couleur":"#ffcc30","deps":["91"],"epcis":["200057859","249100553"]},"geometry":{"type":"LineString","coordinates":[[2.29092,48.56559],[2.29333,48.53867],[2.29261,48.53588],[2.29008,48.53289]]}},
{"type":"Feature","properties":{"id":701,"ligne":"RER C","mode":"rer","couleur":"#ffcc30","deps":["75"],"epcis":["75056"]},"geometry":{"type":"LineString","coordinates":[[2.28642,48.85303],[2.28504,48.85236],[2.28325,48.85227],[2.28104,48.85279],[2.27949,48.85365]]}},
{"type":"Feature","properties":{"id":702,"ligne":"RER C","mode":"rer","couleur":"#ffcc30","deps":["75"],"epcis":["75056"]},"geometry":{"type":"LineString","coordinates":[[2.27949,48.85365],[2.27563,48.8561],[2.27479,48.85697]]}},
{"type":"Feature","properties":{"id":703,"ligne":"RER C","mode":"rer","couleur":"#ffcc30","deps":["92","93"],"epcis":["200057867","200057990"]},"geometry":{"type":"LineString","coordinates":[[2.32263,48.90457],[2.32156,48.90813],[2.31953,48.91097],[2.31825,48.91377],[2.31529,48.91796],[2.31384,48.92087]]}},
{"type":"Feature","properties":{"id":704,"ligne":"RER B","mode":"rer","couleur":"#5091cb","deps":["92"],"epcis":["200057966"]},"geometry":{"type":"LineString","coordinates":[[2.29765,48.78136],[2.30873,48.77912],[2.31108,48.77934],[2.31231,48.78031]]}},
{"type":"Feature","properties":{"id":705,"ligne":"RER B","mode":"rer","couleur":"#5091cb","deps":["91"],"epcis":["200056232"]},"geometry":{"type":"LineString","coordinates":[[2.23731,48.70814],[2.2382,48.70974],[2.24116,48.7127],[2.24381,48.71473],[2.24567,48.71695]]}},
{"type":"Feature","properties":{"id":706,"ligne":"RER B","mode":"rer","couleur":"#5091cb","deps":["78","91"],"epcis":["200033173","200056232"]},"geometry":{"type":"LineString","coordinates":[[2.07124,48.70275],[2.08442,48.704],[2.08767,48.70399],[2.09203,48.70329],[2.09798,48.70122]]}},
{"type":"Feature","properties":{"id":707,"ligne":"RER B","mode":"rer","couleur":"#5091cb","deps":["93"],"epcis":["200058097"]},"geometry":{"type":"LineString","coordinates":[[2.50804,48.93225],[2.51584,48.93186],[2.5193,48.93207],[2.52195,48.93259],[2.53471,48.93628]]}},
{"type":"Feature","properties":{"id":708,"ligne":"RER D","mode":"rer","couleur":"#008b5b","deps":["91"],"epcis":["200059228"]},"geometry":{"type":"LineString","coordinates":[[2.41521,48.65898],[2.40464,48.66311],[2.40132,48.66506],[2.39753,48.66792]]}},
{"type":"Feature","properties":{"id":709,"ligne":"RER D","mode":"rer","couleur":"#008b5b","deps":["91"],"epcis":["200059228"]},"geometry":{"type":"LineString","coordinates":[[2.39753,48.66792],[2.40019,48.66538],[2.40078,48.66419],[2.40101,48.66261],[2.40037,48.66025],[2.39678,48.65485]]}},
{"type":"Feature","properties":{"id":710,"ligne":"RER D","mode":"rer","couleur":"#008b5b","deps":["77"],"epcis":["247700057"]},"geometry":{"type":"LineString","coordinates":[[2.65499,48.52724],[2.64998,48.52821],[2.64786,48.52809],[2.64563,48.52736],[2.64279,48.52536],[2.63958,48.524],[2.63745,48.52344],[2.63,48.52235],[2.62715,48.52166],[2.61792,48.51776],[2.61552,48.51698],[2.60414,48.51514],[2.5993,48.51515]]}},
{"type":"Feature","properties":{"id":711,"ligne":"RER D","mode":"rer","couleur":"#008b5b","deps":["77"],"epcis":["247700057"]},"geometry":{"type":"LineString","coordinates":[[2.5993,48.51515],[2.59623,48.51548],[2.59351,48.5162],[2.59201,48.51684],[2.58701,48.51989],[2.58309,48.52369],[2.58068,48.52538],[2.57709,48.52752],[2.57207,48.52975]]}},
{"type":"Feature","properties":{"id":712,"ligne":"RER D","mode":"rer","couleur":"#008b5b","deps":["95"],"epcis":["200055655"]},"geometry":{"type":"LineString","coordinates":[[2.47803,49.03318],[2.46217,49.02316]]}},
{"type":"Feature","properties":{"id":713,"ligne":"RER D","mode":"rer","couleur":"#008b5b","deps":["91"],"epcis":["249100157"]},"geometry":{"type":"LineString","coordinates":[[2.38721,48.37138],[2.38633,48.36757],[2.38577,48.36649],[2.3809,48.36225],[2.37953,48.36003],[2.37928,48.35859],[2.3795,48.357],[2.38148,48.35291],[2.3818,48.35119],[2.38141,48.34953],[2.38009,48.34696],[2.37973,48.34432],[2.37882,48.34166]]}},
{"type":"Feature","properties":{"id":714,"ligne":"RER D","mode":"rer","couleur":"#008b5b","deps":["91"],"epcis":["249100546"]},"geometry":{"type":"LineString","coordinates":[[2.4321,48.5706],[2.41843,48.56558],[2.41615,48.56452],[2.41415,48.5631],[2.40721,48.55713],[2.39795,48.55182],[2.39446,48.55073],[2.38738,48.54995],[2.38577,48.5495],[2.38367,48.54852],[2.37806,48.54409],[2.37642,48.54244],[2.37534,48.54052],[2.37398,48.53586],[2.37052,48.5315]]}},
{"type":"Feature","properties":{"id":715,"ligne":"TRAM 2","mode":"tram","couleur":"#a0006e","deps":["75"],"epcis":["75056"]},"geometry":{"type":"LineString","coordinates":[[2.28147,48.8317],[2.27685,48.83331]]}},
{"type":"Feature","properties":{"id":716,"ligne":"TRAM 2","mode":"tram","couleur":"#a0006e","deps":["92"],"epcis":["200057974"]},"geometry":{"type":"LineString","coordinates":[[2.2386,48.81917],[2.23656,48.81922],[2.23475,48.81974],[2.23239,48.82119],[2.23132,48.82231]]}},
{"type":"Feature","properties":{"id":717,"ligne":"TRAM 2","mode":"tram","couleur":"#a0006e","deps":["92"],"epcis":["200057982"]},"geometry":{"type":"LineString","coordinates":[[2.22123,48.84985],[2.22016,48.85414],[2.2206,48.85747]]}},
{"type":"Feature","properties":{"id":718,"ligne":"TRAM 2","mode":"tram","couleur":"#a0006e","deps":["92"],"epcis":["200057974"]},"geometry":{"type":"LineString","coordinates":[[2.23132,48.82231],[2.22626,48.82703],[2.22557,48.828],[2.22531,48.82901]]}},
{"type":"Feature","properties":{"id":719,"ligne":"TRAM 2","mode":"tram","couleur":"#a0006e","deps":["92"],"epcis":["200057982"]},"geometry":{"type":"LineString","coordinates":[[2.22141,48.86824],[2.22095,48.87025],[2.22139,48.87165],[2.22596,48.876]]}},
{"type":"Feature","properties":{"id":720,"ligne":"TRAIN R","mode":"train","couleur":"#f49fb3","deps":["77"],"epcis":["200023919"]},"geometry":{"type":"LineString","coordinates":[[2.73625,48.18094],[2.74154,48.17752],[2.74341,48.17603],[2.75946,48.16004],[2.7611,48.15759],[2.76238,48.15424],[2.76273,48.14722]]}},
{"type":"Feature","properties":{"id":721,"ligne":"TRAIN R","mode":"train","couleur":"#f49fb3","deps":["77"],"epcis":["200072346","247700032"]},"geometry":{"type":"LineString","coordinates":[[2.738,48.33648],[2.71893,48.33695],[2.71139,48.3367],[2.70489,48.33589],[2.70078,48.33508],[2.69248,48.33268]]}},
{"type":"Feature","properties":{"id":722,"ligne":"TRAIN R","mode":"train","couleur":"#f49fb3","deps":["77"],"epcis":["200059228"]},"geometry":{"type":"LineString","coordinates":[[2.56958,48.62838],[2.55753,48.65495],[2.54755,48.6679]]}},
{"type":"Feature","properties":{"id":723,"ligne":"TRAIN R","mode":"train","couleur":"#f49fb3","deps":["77"],"epcis":["200072346","247700057"]},"geometry":{"type":"LineString","coordinates":[[2.69504,48.48708],[2.69225,48.48793],[2.68969,48.48907],[2.68788,48.49036],[2.68688,48.49155],[2.68619,48.49345],[2.68625,48.4998],[2.68582,48.5013],[2.67897,48.51027]]}},
{"type":"Feature","properties":{"id":724,"ligne":"TRAIN L","mode":"train","couleur":"#c4a4cc","deps":["92"],"epcis":["200057974"]},"geometry":{"type":"LineString","coordinates":[[2.18826,48.81257],[2.19179,48.81658],[2.19691,48.81955],[2.19875,48.82113],[2.19994,48.82318],[2.20072,48.82724]]}},
{"type":"Feature","properties":{"id":725,"ligne":"TRAIN L","mode":"train","couleur":"#c4a4cc","deps":["92"],"epcis":["200057982"]},"geometry":{"type":"LineString","coordinates":[[2.23702,48.89219],[2.23565,48.88978],[2.23508,48.88574],[2.23369,48.88338]]}},
{"type":"Feature","properties":{"id":726,"ligne":"TRAIN H","mode":"train","couleur":"#84653d","deps":["95"],"epcis":["249500430"]},"geometry":{"type":"LineString","coordinates":[[2.20182,49.09107],[2.20098,49.08931]]}},
{"type":"Feature","properties":{"id":727,"ligne":"TRAIN H","mode":"train","couleur":"#84653d","deps":["95"],"epcis":["249500430","249500455"]},"geometry":{"type":"LineString","coordinates":[[2.21002,49.11478],[2.20835,49.1108],[2.20759,49.10296],[2.20182,49.09107]]}},
{"type":"Feature","properties":{"id":728,"ligne":"TRAIN H","mode":"train","couleur":"#84653d","deps":["95"],"epcis":["249500455"]},"geometry":{"type":"LineString","coordinates":[[2.20545,49.0777],[2.20129,49.0724],[2.198,49.07006],[2.19724,49.06926],[2.19468,49.06351],[2.19124,49.05805]]}},
{"type":"Feature","properties":{"id":729,"ligne":"TRAIN H","mode":"train","couleur":"#84653d","deps":[],"epcis":[]},"geometry":{"type":"LineString","coordinates":[[2.3623,49.16678],[2.36423,49.16967],[2.36625,49.17351],[2.36696,49.1765],[2.36539,49.19475],[2.36585,49.19678],[2.36741,49.19919],[2.37003,49.20125],[2.37348,49.20273],[2.3773,49.20348]]}},
{"type":"Feature","properties":{"id":730,"ligne":"TRAIN H","mode":"train","couleur":"#84653d","deps":["95"],"epcis":["200073013","249500455"]},"geometry":{"type":"LineString","coordinates":[[2.32767,49.06853],[2.32957,49.06987],[2.3316,49.07228],[2.33215,49.07337],[2.3322,49.07487],[2.33173,49.07597],[2.3307,49.07707],[2.32577,49.07954],[2.32437,49.08088],[2.32377,49.08262],[2.32442,49.08631],[2.32353,49.08807],[2.3223,49.08909],[2.31905,49.09051],[2.31768,49.09141],[2.31562,49.09443],[2.31461,49.09537],[2.31283,49.09629],[2.30911,49.09717],[2.30782,49.0977],[2.30653,49.09857],[2.30369,49.10131],[2.29953,49.10285],[2.29645,49.10432],[2.29154,49.10527],[2.2892,49.10628],[2.28779,49.10769],[2.28728,49.10902],[2.28792,49.11406]]}},
{"type":"Feature","properties":{"id":731,"ligne":"TRAIN H","mode":"train","couleur":"#84653d","deps":["95"],"epcis":["200056380","200058485"]},"geometry":{"type":"LineString","coordinates":[[2.29217,48.97952],[2.28812,48.98019],[2.28392,48.98054],[2.27675,48.98047],[2.27208,48.98065]]}},
{"type":"Feature","properties":{"id":732,"ligne":"TRAIN H","mode":"train","couleur":"#84653d","deps":["95"],"epcis":["200058485"]},"geometry":{"type":"LineString","coordinates":[[2.22938,49.02177],[2.2404,49.01681],[2.24284,49.01532]]}},
{"type":"Feature","properties":{"id":733,"ligne":"TRAIN H","mode":"train","couleur":"#84653d","deps":["93"],"epcis":["200057867"]},"geometry":{"type":"LineString","coordinates":[[2.35039,48.91757],[2.34885,48.92206],[2.3456,48.93446]]}},
{"type":"Feature","properties":{"id":734,"ligne":"TRAIN H","mode":"train","couleur":"#84653d","deps":["95"],"epcis":["200058485"]},"geometry":{"type":"LineString","coordinates":[[2.1965,49.00777],[2.15466,49.01914]]}},
{"type":"Feature","properties":{"id":735,"ligne":"TRAIN P","mode":"train","couleur":"#f58f53","deps":["77"],"epcis":["247700701"]},"geometry":{"type":"LineString","coordinates":[[3.01201,48.56195],[2.99978,48.57096],[2.98249,48.58288],[2.97733,48.58637],[2.97383,48.58815],[2.96944,48.58968],[2.89642,48.61051],[2.89255,48.61196],[2.88825,48.61402]]}},
{"type":"Feature","properties":{"id":736,"ligne":"TRAIN P","mode":"train","couleur":"#f58f53","deps":["77"],"epcis":["247700065"]},"geometry":{"type":"LineString","coordinates":[[3.06269,49.09188],[3.06482,49.08962],[3.06596,49.08792],[3.06653,49.08612],[3.0665,49.08411],[3.06589,49.08235],[3.06065,49.0726],[3.05839,49.06033],[3.05364,49.04975],[3.05323,49.04753],[3.05269,49.03668],[3.05215,49.03476],[3.0506,49.03251],[3.04842,49.03079],[3.03176,49.02176]]}},
{"type":"Feature","properties":{"id":737,"ligne":"TRAIN P","mode":"train","couleur":"#f58f53","deps":["93"],"epcis":["200057875"]},"geometry":{"type":"LineString","coordinates":[[2.45836,48.89665],[2.46112,48.8966]]}},
{"type":"Feature","properties":{"id":738,"ligne":"TRAIN P","mode":"train","couleur":"#f58f53","deps":["77"],"epcis":["200090504"]},"geometry":{"type":"LineString","coordinates":[[3.08165,48.80787],[3.07564,48.8108],[3.07206,48.81199],[3.06923,48.81202],[3.0623,48.81029],[3.05796,48.81001],[3.05492,48.81044],[3.04294,48.8138]]}},
{"type":"Feature","properties":{"id":739,"ligne":"TRAIN P","mode":"train","couleur":"#f58f53","deps":["77"],"epcis":["200072874"]},"geometry":{"type":"LineString","coordinates":[[2.90739,48.7895],[2.90787,48.78688],[2.90749,48.78501],[2.9068,48.78363],[2.89215,48.76874],[2.87458,48.74],[2.87248,48.7377],[2.86896,48.73494]]}},
{"type":"Feature","properties":{"id":740,"ligne":"METRO 6","mode":"metro","couleur":"#82dc73","deps":["75"],"epcis":["75056"]},"geometry":{"type":"LineString","coordinates":[[2.40129,48.84506],[2.39827,48.84538],[2.3968,48.84731],[2.39546,48.84737]]}},
{"type":"Feature","properties":{"id":741,"ligne":"TRAM 1","mode":"tram","couleur":"#0055c8","deps":["93"],"epcis":["200057867"]},"geometry":{"type":"LineString","coordinates":[[2.40662,48.92271],[2.40461,48.92369],[2.40207,48.92438]]}},
{"type":"Feature","properties":{"id":742,"ligne":"TRAIN U","mode":"train","couleur":"#b6134c","deps":["78"],"epcis":["247800584"]},"geometry":{"type":"LineString","coordinates":[[2.07185,48.79871],[2.0751,48.79871],[2.07817,48.7982],[2.08507,48.79557],[2.0887,48.79472],[2.09234,48.79457],[2.10351,48.7957],[2.10546,48.79573],[2.10827,48.79525],[2.11248,48.7937],[2.11508,48.79304],[2.12337,48.79201],[2.1261,48.79207],[2.12836,48.79251],[2.13336,48.79467],[2.13516,48.79514]]}},
{"type":"Feature","properties":{"id":743,"ligne":"RER E","mode":"rer","couleur":"#b94e9a","deps":["93","94"],"epcis":["200057941","200058790"]},"geometry":{"type":"LineString","coordinates":[[2.48576,48.86991],[2.4852,48.86677],[2.48532,48.86518],[2.48917,48.85427]]}},
{"type":"Feature","properties":{"id":744,"ligne":"TER NORMANDIE","mode":"train","couleur":"#aaaaaa","deps":["92"],"epcis":["200057990"]},"geometry":{"type":"LineString","coordinates":[[2.2832,48.90598],[2.27928,48.90857]]}},
{"type":"Feature","properties":{"id":745,"ligne":"TRAIN J","mode":"train","couleur":"#cec73d","deps":["95"],"epcis":["200035970"]},"geometry":{"type":"LineString","coordinates":[[2.00372,49.08049],[1.98415,49.08987],[1.98208,49.09059],[1.97805,49.09156],[1.97569,49.09257],[1.97397,49.09377],[1.97274,49.09513],[1.97054,49.09965]]}},
{"type":"Feature","properties":{"id":746,"ligne":"TRAIN J","mode":"train","couleur":"#cec73d","deps":["78"],"epcis":["200059889"]},"geometry":{"type":"LineString","coordinates":[[1.78397,48.97929],[1.78961,48.97934],[1.79558,48.97995],[1.79962,48.98072],[1.80891,48.98298]]}},
{"type":"Feature","properties":{"id":747,"ligne":"TRAIN J","mode":"train","couleur":"#cec73d","deps":["92"],"epcis":["200057990"]},"geometry":{"type":"LineString","coordinates":[[2.27928,48.90857],[2.2716,48.91425]]}},
{"type":"Feature","properties":{"id":748,"ligne":"TRAIN J","mode":"train","couleur":"#cec73d","deps":["92","95"],"epcis":["200057990"]},"geometry":{"type":"LineString","coordinates":[[2.26097,48.9319],[2.26299,48.93662],[2.2631,48.93886],[2.26235,48.94076],[2.2579,48.9468]]}},
{"type":"Feature","properties":{"id":749,"ligne":"TRAIN J","mode":"train","couleur":"#cec73d","deps":["92"],"epcis":["200057990"]},"geometry":{"type":"LineString","coordinates":[[2.25935,48.92392],[2.25897,48.9252],[2.25898,48.92696],[2.26097,48.9319]]}},
{"type":"Feature","properties":{"id":750,"ligne":"TRAIN J","mode":"train","couleur":"#cec73d","deps":["78"],"epcis":["200059889"]},"geometry":{"type":"LineString","coordinates":[[1.80909,48.96334],[1.81701,48.96407],[1.82705,48.96587],[1.83355,48.96753],[1.84835,48.97214]]}},
{"type":"Feature","properties":{"id":751,"ligne":"TRAIN J","mode":"train","couleur":"#cec73d","deps":["78"],"epcis":["200059889"]},"geometry":{"type":"LineString","coordinates":[[1.95548,48.99261],[1.96483,48.99013],[1.97009,48.98834],[1.97662,48.98539],[1.98314,48.98145]]}},
{"type":"Feature","properties":{"id":752,"ligne":"TRAIN J","mode":"train","couleur":"#cec73d","deps":["78"],"epcis":["200059889"]},"geometry":{"type":"LineString","coordinates":[[1.9996,48.93949],[2.00022,48.9374],[2.00126,48.93559],[2.00276,48.93383],[2.00482,48.93217],[2.00741,48.93075],[2.01079,48.92937],[2.01383,48.92847],[2.01718,48.92781],[2.02266,48.92751],[2.02827,48.92821],[2.03242,48.92948],[2.04107,48.93327]]}},
{"type":"Feature","properties":{"id":753,"ligne":"TRAIN J","mode":"train","couleur":"#cec73d","deps":["78"],"epcis":["200059889"]},"geometry":{"type":"LineString","coordinates":[[2.02752,48.97037],[2.03346,48.96999],[2.03854,48.97052],[2.04367,48.97202],[2.04867,48.9746]]}},
{"type":"Feature","properties":{"id":754,"ligne":"TRAIN J","mode":"train","couleur":"#cec73d","deps":["78"],"epcis":["200059889"]},"geometry":{"type":"LineString","coordinates":[[1.96355,49.00713],[1.97151,49.00422],[1.98093,48.99898],[2.00078,48.98474],[2.00433,48.98248],[2.00593,48.98107]]}},
{"type":"Feature","properties":{"id":755,"ligne":"TRAIN J","mode":"train","couleur":"#cec73d","deps":["78"],"epcis":["200059889"]},"geometry":{"type":"LineString","coordinates":[[1.91924,49.0067],[1.92546,49.00757],[1.93334,49.00951],[1.94813,49.01014],[1.95144,49.00998],[1.95757,49.00899],[1.96355,49.00713]]}},
{"type":"Feature","properties":{"id":756,"ligne":"TER BOURGOGNE-FC","mode":"train","couleur":"#aaaaaa","deps":["77"],"epcis":["200023919"]},"geometry":{"type":"LineString","coordinates":[[2.73625,48.18094],[2.74154,48.17752],[2.74341,48.17603],[2.75946,48.16004],[2.7611,48.15759],[2.76238,48.15424],[2.76273,48.14722]]}},
{"type":"Feature","properties":{"id":757,"ligne":"TER BOURGOGNE-FC","mode":"train","couleur":"#aaaaaa","deps":["77"],"epcis":["200023240"]},"geometry":{"type":"LineString","coordinates":[[2.68565,48.26776],[2.69003,48.26362],[2.69223,48.26047],[2.69278,48.25889],[2.69301,48.25567],[2.69351,48.25416],[2.70203,48.23801],[2.70282,48.23232],[2.70394,48.22955]]}},
{"type":"Feature","properties":{"id":758,"ligne":"TER BOURGOGNE-FC","mode":"train","couleur":"#aaaaaa","deps":["77"],"epcis":["200072346","247700032"]},"geometry":{"type":"LineString","coordinates":[[2.79634,48.37952],[2.79372,48.38092],[2.79203,48.38231],[2.78782,48.38886],[2.78593,48.3905],[2.78379,48.39169],[2.78168,48.39246],[2.77908,48.39302],[2.76403,48.39431]]}},
{"type":"Feature","properties":{"id":759,"ligne":"TER BOURGOGNE-FC","mode":"train","couleur":"#aaaaaa","deps":["91"],"epcis":["200058477"]},"geometry":{"type":"LineString","coordinates":[[2.53313,48.68102],[2.52263,48.68517],[2.51962,48.68682],[2.51248,48.69302],[2.50668,48.69911]]}},
{"type":"Feature","properties":{"id":760,"ligne":"TER BOURGOGNE-FC","mode":"train","couleur":"#aaaaaa","deps":["77"],"epcis":["200072346"]},"geometry":{"type":"LineString","coordinates":[[2.72666,48.41638],[2.72833,48.41925],[2.73513,48.42588],[2.73714,48.42918],[2.73802,48.43209],[2.73821,48.43453],[2.73779,48.43745],[2.7365,48.44059],[2.73475,48.44308],[2.73231,48.44553],[2.70792,48.46522],[2.69203,48.47552]]}},
{"type":"Feature","properties":{"id":761,"ligne":"TER BOURGOGNE-FC","mode":"train","couleur":"#aaaaaa","deps":["77"],"epcis":["247700032"]},"geometry":{"type":"LineString","coordinates":[[2.79931,48.3786],[2.80361,48.37817],[2.80593,48.37831],[2.8079,48.3787],[2.81105,48.37978],[2.81658,48.38269]]}},
{"type":"Feature","properties":{"id":762,"ligne":"TER BOURGOGNE-FC","mode":"train","couleur":"#aaaaaa","deps":["77"],"epcis":["247700107"]},"geometry":{"type":"LineString","coordinates":[[2.93618,48.38],[2.9328,48.37989],[2.93019,48.3803],[2.92854,48.38104],[2.9244,48.38391],[2.92253,48.38449],[2.92036,48.38468],[2.9182,48.38439],[2.90348,48.38007],[2.89638,48.37864]]}},
{"type":"Feature","properties":{"id":763,"ligne":"TER HAUTS-DE-FRANCE","mode":"train","couleur":"#aaaaaa","deps":["95"],"epcis":["249500489"]},"geometry":{"type":"LineString","coordinates":[[2.28175,49.14897],[2.28397,49.15027],[2.28489,49.15201],[2.2848,49.15303],[2.28415,49.15414],[2.28222,49.15541],[2.26978,49.15748],[2.25839,49.16116],[2.25581,49.1613],[2.24975,49.16068],[2.24724,49.16092],[2.23926,49.16391],[2.23728,49.16486],[2.23592,49.16604],[2.23098,49.17207],[2.22381,49.17839],[2.22043,49.18289],[2.2188,49.18428],[2.21322,49.18786],[2.20487,49.19688],[2.19923,49.20065],[2.19545,49.20187],[2.18449,49.20908],[2.18156,49.21053],[2.17884,49.21122],[2.17005,49.21243],[2.15662,49.21231],[2.14769,49.21328],[2.14376,49.21468],[2.14154,49.21613],[2.13981,49.21842],[2.13362,49.23034],[2.13276,49.23263],[2.13224,49.2367],[2.13153,49.25251],[2.1318,49.25626],[2.1325,49.25864],[2.13385,49.2608],[2.13677,49.26371],[2.13926,49.2667],[2.14075,49.26942],[2.14146,49.27181],[2.14152,49.27396],[2.14,49.27934],[2.13704,49.28654],[2.13028,49.29589],[2.12905,49.29911],[2.12939,49.3022],[2.13339,49.32153],[2.13373,49.32453],[2.13358,49.32635],[2.13301,49.32771],[2.12819,49.33233],[2.12129,49.33826],[2.11906,49.34055],[2.11631,49.34681],[2.11427,49.35491],[2.11667,49.36343],[2.1178,49.3653],[2.12745,49.37252],[2.12809,49.37323],[2.12858,49.37449],[2.12841,49.38151],[2.12869,49.38376],[2.134,49.39836],[2.13545,49.4131],[2.13515,49.41502],[2.13443,49.41657],[2.13349,49.4175],[2.13105,49.41862],[2.12523,49.42048],[2.10585,49.42489],[2.10039,49.42558],[2.08851,49.4262]]}},
{"type":"Feature","properties":{"id":764,"ligne":"TRAIN N","mode":"train","couleur":"#00b297","deps":["92"],"epcis":["200057966","200057974"]},"geometry":{"type":"LineString","coordinates":[[2.24092,48.81488],[2.25011,48.813],[2.25444,48.8126],[2.27449,48.81424]]}},
{"type":"Feature","properties":{"id":765,"ligne":"TRAIN N","mode":"train","couleur":"#00b297","deps":["78"],"epcis":["247800618"]},"geometry":{"type":"LineString","coordinates":[[1.81647,48.8026],[1.82072,48.80229],[1.82384,48.80235],[1.86185,48.80518],[1.86468,48.80558],[1.8681,48.80668],[1.87106,48.80847],[1.8775,48.81533]]}},
{"type":"Feature","properties":{"id":766,"ligne":"TRAIN N","mode":"train","couleur":"#00b297","deps":["78"],"epcis":["247800550"]},"geometry":{"type":"LineString","coordinates":[[1.6027,48.79603],[1.61325,48.79576],[1.61638,48.7963],[1.61949,48.79745],[1.62265,48.7996],[1.63202,48.80865],[1.65201,48.82292],[1.65441,48.82409],[1.66901,48.82943]]}},
{"type":"Feature","properties":{"id":767,"ligne":"TRAIN N","mode":"train","couleur":"#00b297","deps":["78"],"epcis":["247800550"]},"geometry":{"type":"LineString","coordinates":[[1.66901,48.82943],[1.67212,48.83022],[1.6747,48.83059],[1.6801,48.83066],[1.68318,48.83028],[1.70322,48.82658]]}},
{"type":"Feature","properties":{"id":768,"ligne":"RER A","mode":"rer","couleur":"#eb2132","deps":["78"],"epcis":["200058519","200059889"]},"geometry":{"type":"LineString","coordinates":[[2.07773,48.97067],[2.07776,48.96681],[2.0787,48.96389],[2.08249,48.95776],[2.08402,48.95658],[2.08607,48.95567],[2.08823,48.95536],[2.09005,48.95551],[2.09606,48.95798],[2.10002,48.95925],[2.10358,48.95998],[2.11098,48.96044],[2.11619,48.96006],[2.12142,48.95901],[2.12613,48.95737],[2.12936,48.95558]]}},
{"type":"Feature","properties":{"id":769,"ligne":"RER A","mode":"rer","couleur":"#eb2132","deps":["94"],"epcis":["200057941"]},"geometry":{"type":"LineString","coordinates":[[2.47272,48.8062],[2.47542,48.80553],[2.48059,48.80489],[2.48296,48.80494],[2.48635,48.80538]]}},
{"type":"Feature","properties":{"id":770,"ligne":"RER A","mode":"rer","couleur":"#eb2132","deps":["92"],"epcis":["200057982"]},"geometry":{"type":"LineString","coordinates":[[2.2386,48.89169],[2.23429,48.89295],[2.22899,48.89314],[2.22716,48.89349],[2.22493,48.89445],[2.22321,48.89575]]}},
{"type":"Feature","properties":{"id":771,"ligne":"RER A","mode":"rer","couleur":"#eb2132","deps":["75","92"],"epcis":["200057982","75056"]},"geometry":{"type":"LineString","coordinates":[[2.29477,48.8742],[2.29012,48.87508],[2.26002,48.88463],[2.2541,48.8875],[2.24962,48.88834],[2.2386,48.89169]]}},
{"type":"Feature","properties":{"id":772,"ligne":"RER A","mode":"rer","couleur":"#eb2132","deps":["78"],"epcis":["200058519"]},"geometry":{"type":"LineString","coordinates":[[2.12212,48.89797],[2.11968,48.90028],[2.11644,48.90193],[2.11433,48.90257],[2.10939,48.90349],[2.10523,48.90395],[2.10115,48.90359],[2.09845,48.90285],[2.09671,48.90211],[2.0952,48.90075],[2.09484,48.89808]]}},
{"type":"Feature","properties":{"id":773,"ligne":"RER A","mode":"rer","couleur":"#eb2132","deps":["92"],"epcis":["200057982"]},"geometry":{"type":"LineString","coordinates":[[2.19536,48.89513],[2.17258,48.88757]]}},
{"type":"Feature","properties":{"id":774,"ligne":"RER A","mode":"rer","couleur":"#eb2132","deps":["78"],"epcis":["200058519","200059889"]},"geometry":{"type":"LineString","coordinates":[[2.04107,48.93327],[2.08848,48.95415],[2.09103,48.95496],[2.09352,48.9554]]}},
{"type":"Feature","properties":{"id":775,"ligne":"TRAIN K","mode":"train","couleur":"#9b9842","deps":["77"],"epcis":["200033090","200055655"]},"geometry":{"type":"LineString","coordinates":[[2.69922,49.03228],[2.71039,49.04659],[2.74047,49.09184],[2.74469,49.09612]]}},
{"type":"Feature","properties":{"id":776,"ligne":"TRAIN K","mode":"train","couleur":"#9b9842","deps":["77"],"epcis":["200055655"]},"geometry":{"type":"LineString","coordinates":[[2.60314,48.95315],[2.61056,48.95492],[2.61381,48.95634],[2.64241,48.97586]]}},
{"type":"Feature","properties":{"id":777,"ligne":"TRAIN K","mode":"train","couleur":"#9b9842","deps":["77"],"epcis":["200055655"]},"geometry":{"type":"LineString","coordinates":[[2.66506,48.99139],[2.66998,48.99506],[2.68025,49.00811]]}},
{"type":"Feature","properties":{"id":778,"ligne":"TRAM 14","mode":"tram","couleur":"#00a092","deps":["77"],"epcis":["247700339"]},"geometry":{"type":"LineString","coordinates":[[2.82641,48.89086],[2.83737,48.88738],[2.85074,48.88524],[2.85287,48.88426],[2.85432,48.88268]]}},
{"type":"Feature","properties":{"id":779,"ligne":"METRO 4","mode":"metro","couleur":"#a0006e","deps":["75"],"epcis":["75056"]},"geometry":{"type":"LineString","coordinates":[[2.35447,48.86963],[2.35615,48.87262]]}},
{"type":"Feature","properties":{"id":780,"ligne":"METRO 4","mode":"metro","couleur":"#a0006e","deps":["75"],"epcis":["75056"]},"geometry":{"type":"LineString","coordinates":[[2.35579,48.87979],[2.3522,48.88067],[2.34967,48.88342]]}},
{"type":"Feature","properties":{"id":781,"ligne":"METRO 8","mode":"metro","couleur":"#d282be","deps":["75"],"epcis":["75056"]},"geometry":{"type":"LineString","coordinates":[[2.36721,48.86117],[2.36666,48.86326]]}},
{"type":"Feature","properties":{"id":782,"ligne":"METRO 8","mode":"metro","couleur":"#d282be","deps":["75"],"epcis":["75056"]},"geometry":{"type":"LineString","coordinates":[[2.36666,48.86326],[2.36465,48.86655],[2.36276,48.8676]]}},
{"type":"Feature","properties":{"id":783,"ligne":"TER GRAND-EST","mode":"train","couleur":"#aaaaaa","deps":["93","94"],"epcis":["200057941","200058790"]},"geometry":{"type":"LineString","coordinates":[[2.54268,48.82327],[2.5464,48.82433],[2.55614,48.82797],[2.55932,48.82866],[2.56288,48.82892],[2.5666,48.82861],[2.56999,48.82781],[2.57245,48.82684],[2.57984,48.82315]]}},
{"type":"Feature","properties":{"id":784,"ligne":"TER GRAND-EST","mode":"train","couleur":"#aaaaaa","deps":["77"],"epcis":["200057958"]},"geometry":{"type":"LineString","coordinates":[[2.58333,48.87414],[2.59057,48.87351],[2.59683,48.8734],[2.63759,48.87521]]}},
{"type":"Feature","properties":{"id":785,"ligne":"TER GRAND-EST","mode":"train","couleur":"#aaaaaa","deps":["77"],"epcis":["247700339","247700594"]},"geometry":{"type":"LineString","coordinates":[[2.70601,48.88219],[2.74473,48.88473],[2.74928,48.88548],[2.75236,48.88674],[2.75504,48.88867],[2.75652,48.89056],[2.75849,48.89494],[2.76061,48.89715],[2.76265,48.89841],[2.76442,48.89916],[2.77029,48.90073],[2.77499,48.90149],[2.77878,48.90162],[2.78142,48.90135],[2.79093,48.8997],[2.79506,48.89959],[2.79836,48.90012],[2.81025,48.90307]]}},
{"type":"Feature","properties":{"id":786,"ligne":"METRO 4","mode":"metro","couleur":"#a0006e","deps":["75"],"epcis":["75056"]},"geometry":{"type":"LineString","coordinates":[[2.34967,48.88342],[2.34956,48.88671]]}},
{"type":"Feature","properties":{"id":787,"ligne":"METRO 6","mode":"metro","couleur":"#82dc73","deps":["75"],"epcis":["75056"]},"geometry":{"type":"LineString","coordinates":[[2.32128,48.8421],[2.32263,48.8419],[2.32638,48.84066]]}},
{"type":"Feature","properties":{"id":788,"ligne":"METRO 6","mode":"metro","couleur":"#82dc73","deps":["75"],"epcis":["75056"]},"geometry":{"type":"LineString","coordinates":[[2.38962,48.83904],[2.3957,48.83955]]}},
{"type":"Feature","properties":{"id":789,"ligne":"METRO 6","mode":"metro","couleur":"#82dc73","deps":["75"],"epcis":["75056"]},"geometry":{"type":"LineString","coordinates":[[2.3957,48.83955],[2.39994,48.83975],[2.40043,48.84009],[2.40092,48.84134]]}},
{"type":"Feature","properties":{"id":790,"ligne":"METRO 6","mode":"metro","couleur":"#82dc73","deps":["75"],"epcis":["75056"]},"geometry":{"type":"LineString","coordinates":[[2.31281,48.84268],[2.31499,48.84053],[2.31991,48.84195],[2.32128,48.8421]]}},
{"type":"Feature","properties":{"id":791,"ligne":"METRO 6","mode":"metro","couleur":"#82dc73","deps":["75"],"epcis":["75056"]},"geometry":{"type":"LineString","coordinates":[[2.28581,48.85745],[2.28933,48.85394]]}},
{"type":"Feature","properties":{"id":792,"ligne":"TER GRAND-EST","mode":"train","couleur":"#aaaaaa","deps":["93"],"epcis":["200058790"]},"geometry":{"type":"LineString","coordinates":[[2.51316,48.88887],[2.52543,48.88373]]}},
{"type":"Feature","properties":{"id":793,"ligne":"TER GRAND-EST","mode":"train","couleur":"#aaaaaa","deps":["77"],"epcis":["200090504"]},"geometry":{"type":"LineString","coordinates":[[2.88259,48.86356],[2.88433,48.86294],[2.89681,48.86028],[2.90574,48.85956]]}},
{"type":"Feature","properties":{"id":794,"ligne":"TER GRAND-EST","mode":"train","couleur":"#aaaaaa","deps":["77"],"epcis":["200090504","247700339"]},"geometry":{"type":"LineString","coordinates":[[2.85432,48.88268],[2.85697,48.87898],[2.85826,48.87664],[2.85973,48.87527],[2.86154,48.87445],[2.86827,48.87272],[2.87008,48.87197],[2.87544,48.86745],[2.88259,48.86356]]}},
{"type":"Feature","properties":{"id":795,"ligne":"TER GRAND-EST","mode":"train","couleur":"#aaaaaa","deps":["77"],"epcis":["200090504"]},"geometry":{"type":"LineString","coordinates":[[3.04294,48.8138],[3.03456,48.81608],[3.03125,48.81643],[3.02848,48.81633],[3.02496,48.81563],[3.00766,48.80918],[3.00408,48.80824],[3.00075,48.80762],[2.99822,48.80752],[2.99588,48.80783],[2.99311,48.80865]]}},
{"type":"Feature","properties":{"id":796,"ligne":"TER GRAND-EST","mode":"train","couleur":"#aaaaaa","deps":["77"],"epcis":["200037133"]},"geometry":{"type":"LineString","coordinates":[[3.28668,48.5453],[3.28859,48.54645],[3.29599,48.55339],[3.29899,48.55482],[3.3018,48.55543]]}},
{"type":"Feature","properties":{"id":797,"ligne":"TER GRAND-EST","mode":"train","couleur":"#aaaaaa","deps":["77"],"epcis":["247700065"]},"geometry":{"type":"LineString","coordinates":[[3.03176,49.02176],[3.02432,49.01773],[3.02248,49.01635],[3.01346,49.00242],[3.01093,49.00007],[3.00795,48.99842]]}},
{"type":"Feature","properties":{"id":798,"ligne":"TER GRAND-EST","mode":"train","couleur":"#aaaaaa","deps":["77"],"epcis":["247700065"]},"geometry":{"type":"LineString","coordinates":[[3.07563,49.13547],[3.0748,49.12893],[3.07294,49.12374],[3.07016,49.1193],[3.05978,49.10591],[3.05833,49.10298],[3.05803,49.09994],[3.0586,49.09744],[3.06009,49.09476],[3.06269,49.09188]]}},
{"type":"Feature","properties":{"id":799,"ligne":"TER HAUTS-DE-FRANCE","mode":"train","couleur":"#aaaaaa","deps":[],"epcis":[]},"geometry":{"type":"LineString","coordinates":[[2.3773,49.20348],[2.39586,49.20608],[2.39819,49.20658],[2.41703,49.21379]]}},
{"type":"Feature","properties":{"id":800,"ligne":"TER HAUTS-DE-FRANCE","mode":"train","couleur":"#aaaaaa","deps":["95"],"epcis":["200073013","249500455"]},"geometry":{"type":"LineString","coordinates":[[2.32767,49.06853],[2.32957,49.06987],[2.3316,49.07228],[2.33215,49.07337],[2.3322,49.07487],[2.33173,49.07597],[2.3307,49.07707],[2.32577,49.07954],[2.32437,49.08088],[2.32377,49.08262],[2.32442,49.08631],[2.32353,49.08807],[2.3223,49.08909],[2.31905,49.09051],[2.31768,49.09141],[2.31562,49.09443],[2.31461,49.09537],[2.31283,49.09629],[2.30911,49.09717],[2.30782,49.0977],[2.30653,49.09857],[2.30369,49.10131],[2.29953,49.10285],[2.29645,49.10432],[2.29154,49.10527],[2.2892,49.10628],[2.28779,49.10769],[2.28728,49.10902],[2.28792,49.11406]]}},
{"type":"Feature","properties":{"id":801,"ligne":"TER HAUTS-DE-FRANCE","mode":"train","couleur":"#aaaaaa","deps":["75","93"],"epcis":["200057867","75056"]},"geometry":{"type":"LineString","coordinates":[[2.35633,48.88092],[2.35773,48.88509],[2.35741,48.88908],[2.35457,48.89659],[2.35039,48.91757]]}},
{"type":"Feature","properties":{"id":802,"ligne":"TER","mode":"train","couleur":"#aaaaaa","deps":["93"],"epcis":["200057867"]},"geometry":{"type":"LineString","coordinates":[[2.3456,48.93446],[2.34461,48.93884]]}},
{"type":"Feature","properties":{"id":803,"ligne":"TER","mode":"train","couleur":"#888888","deps":["95"],"epcis":["200058485","249500455"]},"geometry":{"type":"LineString","coordinates":[[2.19124,49.05805],[2.19032,49.05633],[2.19048,49.05481],[2.19124,49.05378],[2.19435,49.05182],[2.19584,49.05042],[2.19679,49.04826],[2.19709,49.04543]]}},
{"type":"Feature","properties":{"id":804,"ligne":"TER","mode":"train","couleur":"#888888","deps":["78"],"epcis":["247800584"]},"geometry":{"type":"LineString","coordinates":[[2.14214,48.79572],[2.14551,48.79577],[2.14739,48.79556],[2.14945,48.79489],[2.15106,48.79378],[2.15215,48.79175],[2.15168,48.78827],[2.15187,48.78692],[2.1527,48.7856],[2.15493,48.78359],[2.15571,48.78189],[2.1556,48.78057],[2.15484,48.77925],[2.151,48.77557],[2.14798,48.7732],[2.14697,48.77163]]}},
{"type":"Feature","properties":{"id":805,"ligne":"TER","mode":"train","couleur":"#888888","deps":["91"],"epcis":["200056232"]},"geometry":{"type":"LineString","coordinates":[[2.25832,48.726],[2.26207,48.72909],[2.26307,48.72965]]}},
{"type":"Feature","properties":{"id":806,"ligne":"TER","mode":"train","couleur":"#888888","deps":["78","91"],"epcis":["247800584"]},"geometry":{"type":"LineString","coordinates":[[2.16395,48.76478],[2.16727,48.76465],[2.18128,48.76235],[2.19301,48.75884]]}},
{"type":"Feature","properties":{"id":807,"ligne":"TER","mode":"train","couleur":"#888888","deps":["78"],"epcis":["247800618"]},"geometry":{"type":"LineString","coordinates":[[1.9246,48.83351],[1.91751,48.83429],[1.91432,48.83485],[1.89985,48.83875],[1.89712,48.83988],[1.89471,48.84184],[1.89139,48.84686],[1.89026,48.84806],[1.88883,48.84902],[1.88106,48.85277],[1.8793,48.85404],[1.87669,48.85728],[1.8756,48.86]]}},
{"type":"Feature","properties":{"id":808,"ligne":"TER","mode":"train","couleur":"#888888","deps":["78"],"epcis":["200034130","247800618"]},"geometry":{"type":"LineString","coordinates":[[1.8756,48.86],[1.87418,48.86488],[1.87409,48.86621],[1.87454,48.86775],[1.87631,48.87109],[1.87659,48.87363],[1.87185,48.89298]]}},
{"type":"Feature","properties":{"id":809,"ligne":"TER","mode":"train","couleur":"#888888","deps":["75"],"epcis":["75056"]},"geometry":{"type":"LineString","coordinates":[[2.28443,48.87791],[2.29928,48.88604]]}},
{"type":"Feature","properties":{"id":810,"ligne":"TER","mode":"train","couleur":"#888888","deps":["91","94"],"epcis":["200058014"]},"geometry":{"type":"LineString","coordinates":[[2.35163,48.7402],[2.35679,48.74166],[2.37311,48.74835]]}},
{"type":"Feature","properties":{"id":811,"ligne":"TER","mode":"train","couleur":"#888888","deps":["91","92","94"],"epcis":["200056232","200057966","200058014"]},"geometry":{"type":"LineString","coordinates":[[2.31271,48.74794],[2.3142,48.74785],[2.316,48.74743],[2.32797,48.74216],[2.33839,48.73892],[2.34138,48.7388],[2.35163,48.7402]]}},
{"type":"Feature","properties":{"id":812,"ligne":"TER","mode":"train","couleur":"#888888","deps":["75"],"epcis":["75056"]},"geometry":{"type":"LineString","coordinates":[[2.31251,48.86288],[2.30099,48.86266]]}},
{"type":"Feature","properties":{"id":813,"ligne":"TER","mode":"train","couleur":"#888888","deps":["75"],"epcis":["75056"]},"geometry":{"type":"LineString","coordinates":[[2.28642,48.85303],[2.28504,48.85236],[2.28325,48.85227],[2.28104,48.85279],[2.27949,48.85365]]}},
{"type":"Feature","properties":{"id":814,"ligne":"TER","mode":"train","couleur":"#888888","deps":["75"],"epcis":["75056"]},"geometry":{"type":"LineString","coordinates":[[2.27481,48.86983],[2.27699,48.87302],[2.27827,48.87427],[2.27984,48.87522],[2.2825,48.87625],[2.28443,48.87791]]}},
{"type":"Feature","properties":{"id":815,"ligne":"TER HAUTS-DE-FRANCE","mode":"train","couleur":"#888888","deps":["93"],"epcis":["200058097"]},"geometry":{"type":"LineString","coordinates":[[2.53471,48.93628],[2.55144,48.94018],[2.56645,48.94418]]}},
{"type":"Feature","properties":{"id":816,"ligne":"TER HAUTS-DE-FRANCE","mode":"train","couleur":"#888888","deps":["77","93"],"epcis":["200055655","200058097"]},"geometry":{"type":"LineString","coordinates":[[2.56645,48.94418],[2.58502,48.94892],[2.60314,48.95315]]}},
{"type":"Feature","properties":{"id":817,"ligne":"TER HAUTS-DE-FRANCE","mode":"train","couleur":"#888888","deps":["93"],"epcis":["200058097"]},"geometry":{"type":"LineString","coordinates":[[2.42579,48.93074],[2.43443,48.93227],[2.43823,48.93269],[2.45477,48.93271]]}},
{"type":"Feature","properties":{"id":818,"ligne":"TER HAUTS-DE-FRANCE","mode":"train","couleur":"#888888","deps":["77"],"epcis":["200055655"]},"geometry":{"type":"LineString","coordinates":[[2.66506,48.99139],[2.66998,48.99506],[2.68025,49.00811]]}},
{"type":"Feature","properties":{"id":819,"ligne":"TER","mode":"train","couleur":"#888888","deps":["92"],"epcis":["200057974"]},"geometry":{"type":"LineString","coordinates":[[2.25789,48.81934],[2.25565,48.81858],[2.25128,48.81761],[2.24935,48.81668],[2.24774,48.81518],[2.24602,48.81215],[2.24242,48.80932],[2.24088,48.80749]]}},
{"type":"Feature","properties":{"id":820,"ligne":"TER","mode":"train","couleur":"#888888","deps":["75"],"epcis":["75056"]},"geometry":{"type":"LineString","coordinates":[[2.27804,48.84716],[2.27576,48.84525],[2.27168,48.84089],[2.27046,48.83909]]}},
{"type":"Feature","properties":{"id":821,"ligne":"TER CENTRE-VDL","mode":"train","couleur":"#888888","deps":["78"],"epcis":["247800584"]},"geometry":{"type":"LineString","coordinates":[[2.06649,48.79761],[2.07185,48.79871]]}},
{"type":"Feature","properties":{"id":822,"ligne":"TER","mode":"train","couleur":"#888888","deps":["78","92"],"epcis":["200057974","247800584"]},"geometry":{"type":"LineString","coordinates":[[2.24088,48.80749],[2.23932,48.80534],[2.23754,48.80375],[2.23576,48.80288],[2.23347,48.80245],[2.19115,48.79866],[2.18826,48.79874],[2.18368,48.79973]]}},
{"type":"Feature","properties":{"id":823,"ligne":"TER NORMANDIE","mode":"train","couleur":"#aaaaaa","deps":["78"],"epcis":["200059889"]},"geometry":{"type":"LineString","coordinates":[[2.04867,48.9746],[2.0524,48.97677],[2.05491,48.97885],[2.05677,48.98126],[2.05957,48.98664]]}},
{"type":"Feature","properties":{"id":824,"ligne":"TER NORMANDIE","mode":"train","couleur":"#aaaaaa","deps":["78"],"epcis":["200059889"]},"geometry":{"type":"LineString","coordinates":[[1.71521,48.98365],[1.71699,48.98295],[1.71943,48.98233],[1.72395,48.98199],[1.72999,48.98287],[1.73581,48.98458],[1.73878,48.98501],[1.74178,48.98501],[1.74779,48.98417]]}},
{"type":"Feature","properties":{"id":825,"ligne":"TER NORMANDIE","mode":"train","couleur":"#aaaaaa","deps":["78"],"epcis":["200059889"]},"geometry":{"type":"LineString","coordinates":[[1.80891,48.98298],[1.83452,48.98924],[1.84089,48.99169],[1.84316,48.99213],[1.84513,48.99224]]}},
{"type":"Feature","properties":{"id":826,"ligne":"RER C","mode":"rer","couleur":"#ffcc30","deps":["95"],"epcis":["249500109"]},"geometry":{"type":"LineString","coordinates":[[2.10111,49.04565],[2.0952,49.04665]]}},
{"type":"Feature","properties":{"id":827,"ligne":"RER C","mode":"rer","couleur":"#ffcc30","deps":["95"],"epcis":["200058485"]},"geometry":{"type":"LineString","coordinates":[[2.1965,49.00777],[2.15466,49.01914]]}},
{"type":"Feature","properties":{"id":828,"ligne":"RER C","mode":"rer","couleur":"#ffcc30","deps":["95"],"epcis":["200058485"]},"geometry":{"type":"LineString","coordinates":[[2.25747,48.985],[2.23428,48.99371]]}},
{"type":"Feature","properties":{"id":829,"ligne":"RER C","mode":"rer","couleur":"#ffcc30","deps":["91"],"epcis":["200057859"]},"geometry":{"type":"LineString","coordinates":[[2.30206,48.60674],[2.29795,48.59906]]}},
{"type":"Feature","properties":{"id":830,"ligne":"RER C","mode":"rer","couleur":"#ffcc30","deps":["91"],"epcis":["200058014"]},"geometry":{"type":"LineString","coordinates":[[2.34449,48.67078],[2.34633,48.67141],[2.34853,48.67258],[2.35035,48.674],[2.35248,48.67645]]}},
{"type":"Feature","properties":{"id":831,"ligne":"RER C","mode":"rer","couleur":"#ffcc30","deps":["91"],"epcis":["200058014"]},"geometry":{"type":"LineString","coordinates":[[2.38285,48.68976],[2.38612,48.69288],[2.39535,48.7029],[2.40042,48.70914],[2.40363,48.71263]]}},
{"type":"Feature","properties":{"id":832,"ligne":"TER NORMANDIE","mode":"train","couleur":"#aaaaaa","deps":["95"],"epcis":["249500109"]},"geometry":{"type":"LineString","coordinates":[[2.10111,49.04565],[2.0952,49.04665]]}},
{"type":"Feature","properties":{"id":833,"ligne":"TER NORMANDIE","mode":"train","couleur":"#aaaaaa","deps":["95"],"epcis":["200056380"]},"geometry":{"type":"LineString","coordinates":[[2.32609,48.95987],[2.31658,48.96633]]}},
{"type":"Feature","properties":{"id":834,"ligne":"TER NORMANDIE","mode":"train","couleur":"#aaaaaa","deps":["95"],"epcis":["200056380"]},"geometry":{"type":"LineString","coordinates":[[2.31658,48.96633],[2.30714,48.97275]]}},
{"type":"Feature","properties":{"id":835,"ligne":"TER","mode":"train","couleur":"#aaaaaa","deps":["95"],"epcis":["200058485"]},"geometry":{"type":"LineString","coordinates":[[2.27208,48.98065],[2.26985,48.98091]]}},
{"type":"Feature","properties":{"id":836,"ligne":"TER NORMANDIE","mode":"train","couleur":"#aaaaaa","deps":["95"],"epcis":["249500109"]},"geometry":{"type":"LineString","coordinates":[[2.12826,49.03399],[2.12522,49.03681],[2.12154,49.04163],[2.11863,49.04367],[2.11588,49.04477],[2.11263,49.04546],[2.11045,49.04559],[2.10511,49.04531]]}},
{"type":"Feature","properties":{"id":837,"ligne":"TER","mode":"train","couleur":"#aaaaaa","deps":["95"],"epcis":["249500109"]},"geometry":{"type":"LineString","coordinates":[[2.10511,49.04531],[2.10111,49.04565]]}},
{"type":"Feature","properties":{"id":838,"ligne":"TER NORMANDIE","mode":"train","couleur":"#aaaaaa","deps":["95"],"epcis":["200058485"]},"geometry":{"type":"LineString","coordinates":[[2.1965,49.00777],[2.15466,49.01914]]}},
{"type":"Feature","properties":{"id":839,"ligne":"TRAIN L","mode":"train","couleur":"#c4a4cc","deps":["92"],"epcis":["200057982","200057990"]},"geometry":{"type":"LineString","coordinates":[[2.23968,48.90963],[2.24846,48.9124],[2.25114,48.91304],[2.25439,48.91357],[2.25733,48.91364]]}},
{"type":"Feature","properties":{"id":840,"ligne":"TRAIN L","mode":"train","couleur":"#c4a4cc","deps":["78"],"epcis":["200058519"]},"geometry":{"type":"LineString","coordinates":[[2.14502,48.9455],[2.15309,48.94004],[2.15709,48.93774]]}},
{"type":"Feature","properties":{"id":841,"ligne":"TRAIN L","mode":"train","couleur":"#c4a4cc","deps":["95"],"epcis":["249500109"]},"geometry":{"type":"LineString","coordinates":[[2.03429,49.04965],[2.05927,49.04715],[2.06419,49.04688],[2.06673,49.04633],[2.06831,49.04568],[2.06958,49.04482],[2.07322,49.041],[2.07953,49.03646]]}},
{"type":"Feature","properties":{"id":842,"ligne":"TRAIN N","mode":"train","couleur":"#00b297","deps":["78"],"epcis":["247800584"]},"geometry":{"type":"LineString","coordinates":[[2.07185,48.79871],[2.0751,48.79871],[2.07817,48.7982],[2.08507,48.79557],[2.0887,48.79472],[2.09234,48.79457],[2.10351,48.7957],[2.10546,48.79573],[2.10827,48.79525],[2.11248,48.7937],[2.11508,48.79304],[2.12337,48.79201],[2.1261,48.79207],[2.12836,48.79251],[2.13336,48.79467],[2.13516,48.79514]]}},
{"type":"Feature","properties":{"id":843,"ligne":"TRAIN H","mode":"train","couleur":"#84653d","deps":[],"epcis":[]},"geometry":{"type":"LineString","coordinates":[[2.41703,49.21379],[2.42325,49.21636],[2.42637,49.21861],[2.43441,49.2297],[2.44845,49.24484]]}},
{"type":"Feature","properties":{"id":844,"ligne":"TRAIN H","mode":"train","couleur":"#84653d","deps":["95"],"epcis":["200058485"]},"geometry":{"type":"LineString","coordinates":[[2.27208,48.98065],[2.26985,48.98091]]}},
{"type":"Feature","properties":{"id":845,"ligne":"TRAIN H","mode":"train","couleur":"#84653d","deps":["95"],"epcis":["200056380"]},"geometry":{"type":"LineString","coordinates":[[2.36222,49.02321],[2.34896,49.03026],[2.34689,49.03089],[2.33683,49.03297]]}},
{"type":"Feature","properties":{"id":846,"ligne":"TRAIN J","mode":"train","couleur":"#cec73d","deps":[],"epcis":[]},"geometry":{"type":"LineString","coordinates":[[1.90549,49.22067],[1.9008,49.23148],[1.90039,49.23978],[1.90002,49.24127],[1.89945,49.24215],[1.89809,49.24337],[1.89413,49.24525],[1.89237,49.24666],[1.89142,49.2485],[1.89143,49.25154],[1.89059,49.25363],[1.88632,49.25852],[1.88399,49.26003],[1.88088,49.26082],[1.8731,49.2612]]}},
{"type":"Feature","properties":{"id":847,"ligne":"TER CENTRE-VDL","mode":"train","couleur":"#aaaaaa","deps":[],"epcis":[]},"geometry":{"type":"LineString","coordinates":[[1.77958,48.44525],[1.73603,48.39613],[1.69646,48.3604],[1.65925,48.30944],[1.6543,48.30366],[1.65208,48.29973],[1.64208,48.28594],[1.63909,48.28372],[1.62212,48.27508]]}},
{"type":"Feature","properties":{"id":848,"ligne":"TER CENTRE-VDL","mode":"train","couleur":"#aaaaaa","deps":["91"],"epcis":["200057859"]},"geometry":{"type":"LineString","coordinates":[[2.30683,48.63588],[2.3088,48.62232],[2.30873,48.62008],[2.30778,48.61718],[2.30206,48.60674]]}},
{"type":"Feature","properties":{"id":849,"ligne":"TER BOURGOGNE-FC","mode":"train","couleur":"#aaaaaa","deps":[],"epcis":[]},"geometry":{"type":"LineString","coordinates":[[3.39331,47.97372],[3.39689,47.97403],[3.39988,47.97397],[3.40235,47.97371],[3.40559,47.97304],[3.44891,47.95854],[3.45287,47.95752],[3.4562,47.95701],[3.45946,47.95679],[3.46349,47.95689],[3.50602,47.96052],[3.51289,47.96089]]}},
{"type":"Feature","properties":{"id":850,"ligne":"TER BOURGOGNE-FC","mode":"train","couleur":"#aaaaaa","deps":[],"epcis":[]},"geometry":{"type":"LineString","coordinates":[[3.13042,48.32402],[3.1893,48.30516],[3.19236,48.30407],[3.19433,48.30309],[3.19788,48.30061],[3.19964,48.29867],[3.2006,48.29712],[3.20127,48.29549],[3.20169,48.29323],[3.20125,48.2886],[3.20177,48.28628]]}},
{"type":"Feature","properties":{"id":851,"ligne":"TER BOURGOGNE-FC","mode":"train","couleur":"#aaaaaa","deps":["77"],"epcis":["247700057"]},"geometry":{"type":"LineString","coordinates":[[2.67897,48.51027],[2.67693,48.51517],[2.67552,48.51694],[2.673,48.51816],[2.66854,48.51891],[2.66649,48.51954],[2.66517,48.52041],[2.66276,48.52299]]}},
{"type":"Feature","properties":{"id":852,"ligne":"TER BOURGOGNE-FC","mode":"train","couleur":"#aaaaaa","deps":["77"],"epcis":["200072346","247700057"]},"geometry":{"type":"LineString","coordinates":[[2.69504,48.48708],[2.69225,48.48793],[2.68969,48.48907],[2.68788,48.49036],[2.68688,48.49155],[2.68619,48.49345],[2.68625,48.4998],[2.68582,48.5013],[2.67897,48.51027]]}},
{"type":"Feature","properties":{"id":853,"ligne":"TER BOURGOGNE-FC","mode":"train","couleur":"#aaaaaa","deps":["75"],"epcis":["75056"]},"geometry":{"type":"LineString","coordinates":[[2.39035,48.83632],[2.38828,48.83799],[2.38538,48.83966],[2.37766,48.84255],[2.37359,48.84476]]}},
{"type":"Feature","properties":{"id":854,"ligne":"TRAIN K","mode":"train","couleur":"#9b9842","deps":[],"epcis":[]},"geometry":{"type":"LineString","coordinates":[[2.83811,49.20088],[2.87514,49.22808],[2.87772,49.22946],[2.88054,49.23036],[2.88291,49.23083],[2.88737,49.23102]]}},
{"type":"Feature","properties":{"id":855,"ligne":"TRAIN P","mode":"train","couleur":"#f58f53","deps":["77"],"epcis":["200023125","200057958"]},"geometry":{"type":"LineString","coordinates":[[2.65039,48.79565],[2.67843,48.78648],[2.68199,48.78492],[2.68399,48.78344],[2.68561,48.78138],[2.69025,48.77078]]}},
{"type":"Feature","properties":{"id":856,"ligne":"TRAIN P","mode":"train","couleur":"#f58f53","deps":["93","94"],"epcis":["200057941","200058790"]},"geometry":{"type":"LineString","coordinates":[[2.54268,48.82327],[2.5464,48.82433],[2.55614,48.82797],[2.55932,48.82866],[2.56288,48.82892],[2.5666,48.82861],[2.56999,48.82781],[2.57245,48.82684],[2.57984,48.82315]]}},
{"type":"Feature","properties":{"id":857,"ligne":"TRAIN R","mode":"train","couleur":"#f49fb3","deps":["77"],"epcis":["247700057"]},"geometry":{"type":"LineString","coordinates":[[2.66276,48.52299],[2.66155,48.52416],[2.65981,48.52532],[2.65724,48.52652],[2.65499,48.52724]]}},
{"type":"Feature","properties":{"id":858,"ligne":"METRO 8","mode":"metro","couleur":"#d282be","deps":["75"],"epcis":["75056"]},"geometry":{"type":"LineString","coordinates":[[2.39618,48.83945],[2.39048,48.84407]]}},
{"type":"Feature","properties":{"id":859,"ligne":"METRO 8","mode":"metro","couleur":"#d282be","deps":["75"],"epcis":["75056"]},"geometry":{"type":"LineString","coordinates":[[2.39048,48.84407],[2.38703,48.84713]]}},
{"type":"Feature","properties":{"id":860,"ligne":"METRO 8","mode":"metro","couleur":"#d282be","deps":["75"],"epcis":["75056"]},"geometry":{"type":"LineString","coordinates":[[2.40031,48.83274],[2.40538,48.83479]]}},
{"type":"Feature","properties":{"id":861,"ligne":"RER D","mode":"rer","couleur":"#008b5b","deps":["94"],"epcis":["200058014"]},"geometry":{"type":"LineString","coordinates":[[2.44623,48.73064],[2.446,48.73515],[2.44529,48.73796],[2.44406,48.73942],[2.44077,48.74189],[2.43867,48.7445]]}},
{"type":"Feature","properties":{"id":862,"ligne":"RER D","mode":"rer","couleur":"#008b5b","deps":["77"],"epcis":["200059228","247700057"]},"geometry":{"type":"LineString","coordinates":[[2.62552,48.53878],[2.61173,48.54815],[2.59756,48.56075],[2.59604,48.56245],[2.59455,48.56495]]}},
{"type":"Feature","properties":{"id":863,"ligne":"RER D","mode":"rer","couleur":"#008b5b","deps":["77","91"],"epcis":["200058477","200059228"]},"geometry":{"type":"LineString","coordinates":[[2.54755,48.6679],[2.54068,48.67621],[2.53737,48.67878],[2.53313,48.68102]]}},
{"type":"Feature","properties":{"id":864,"ligne":"RER D","mode":"rer","couleur":"#008b5b","deps":["91"],"epcis":["200058477"]},"geometry":{"type":"LineString","coordinates":[[2.48424,48.70661],[2.47811,48.70573],[2.47341,48.70572],[2.46948,48.70628],[2.46228,48.70824]]}},
{"type":"Feature","properties":{"id":865,"ligne":"RER B","mode":"rer","couleur":"#5091cb","deps":["75"],"epcis":["75056"]},"geometry":{"type":"LineString","coordinates":[[2.34701,48.86182],[2.34556,48.86568],[2.34544,48.8676],[2.34574,48.86888],[2.35015,48.87522],[2.35632,48.87976],[2.35757,48.88176]]}},
{"type":"Feature","properties":{"id":866,"ligne":"RER B","mode":"rer","couleur":"#5091cb","deps":["92"],"epcis":["200057966"]},"geometry":{"type":"LineString","coordinates":[[2.29592,48.74302],[2.29747,48.7444],[2.29853,48.74607],[2.30013,48.75265],[2.30099,48.75495]]}},
{"type":"Feature","properties":{"id":867,"ligne":"RER B","mode":"rer","couleur":"#5091cb","deps":["92"],"epcis":["200057966"]},"geometry":{"type":"LineString","coordinates":[[2.30423,48.76169],[2.30569,48.76407],[2.3091,48.76805],[2.30991,48.76956]]}},
{"type":"Feature","properties":{"id":868,"ligne":"TER CENTRE-VDL","mode":"train","couleur":"#aaaaaa","deps":["92"],"epcis":["200057974"]},"geometry":{"type":"LineString","coordinates":[[2.22981,48.81895],[2.24092,48.81488]]}},
{"type":"Feature","properties":{"id":869,"ligne":"TER CENTRE-VDL","mode":"train","couleur":"#aaaaaa","deps":["75","92"],"epcis":["200057974","75056"]},"geometry":{"type":"LineString","coordinates":[[2.29206,48.81839],[2.29529,48.82044],[2.32051,48.84119]]}},
{"type":"Feature","properties":{"id":870,"ligne":"TER CENTRE-VDL","mode":"train","couleur":"#aaaaaa","deps":["78"],"epcis":["247800584"]},"geometry":{"type":"LineString","coordinates":[[2.13516,48.79514],[2.13794,48.79552],[2.14214,48.79572]]}},
{"type":"Feature","properties":{"id":871,"ligne":"TER CENTRE-VDL","mode":"train","couleur":"#aaaaaa","deps":["78"],"epcis":["200058782","247800584"]},"geometry":{"type":"LineString","coordinates":[[2.04462,48.78739],[2.06207,48.79614],[2.06649,48.79761]]}},
{"type":"Feature","properties":{"id":872,"ligne":"TER CENTRE-VDL","mode":"train","couleur":"#aaaaaa","deps":["78"],"epcis":["247800584"]},"geometry":{"type":"LineString","coordinates":[[2.07185,48.79871],[2.0751,48.79871],[2.07817,48.7982],[2.08507,48.79557],[2.0887,48.79472],[2.09234,48.79457],[2.10351,48.7957],[2.10546,48.79573],[2.10827,48.79525],[2.11248,48.7937],[2.11508,48.79304],[2.12337,48.79201],[2.1261,48.79207],[2.12836,48.79251],[2.13336,48.79467],[2.13516,48.79514]]}},
{"type":"Feature","properties":{"id":873,"ligne":"TER CENTRE-VDL","mode":"train","couleur":"#aaaaaa","deps":["92"],"epcis":["200057966","200057974"]},"geometry":{"type":"LineString","coordinates":[[2.24092,48.81488],[2.25011,48.813],[2.25444,48.8126],[2.27449,48.81424]]}},
{"type":"Feature","properties":{"id":874,"ligne":"RER E","mode":"rer","couleur":"#b94e9a","deps":["77"],"epcis":["200023125"]},"geometry":{"type":"LineString","coordinates":[[2.69025,48.77078],[2.69224,48.76732],[2.7042,48.75657],[2.70745,48.75496],[2.72108,48.75065],[2.7232,48.74949],[2.72723,48.74645]]}},
{"type":"Feature","properties":{"id":875,"ligne":"RER E","mode":"rer","couleur":"#b94e9a","deps":["77"],"epcis":["200023125"]},"geometry":{"type":"LineString","coordinates":[[2.75882,48.73949],[2.74911,48.7426],[2.74611,48.74328],[2.74278,48.74349],[2.73525,48.74309],[2.73236,48.74346],[2.73026,48.74418],[2.72723,48.74645]]}},
{"type":"Feature","properties":{"id":876,"ligne":"RER E","mode":"rer","couleur":"#b94e9a","deps":["93","94"],"epcis":["200057941","200058790"]},"geometry":{"type":"LineString","coordinates":[[2.54268,48.82327],[2.5464,48.82433],[2.55614,48.82797],[2.55932,48.82866],[2.56288,48.82892],[2.5666,48.82861],[2.56999,48.82781],[2.57245,48.82684],[2.57984,48.82315]]}},
{"type":"Feature","properties":{"id":877,"ligne":"RER E","mode":"rer","couleur":"#b94e9a","deps":["94"],"epcis":["200057941"]},"geometry":{"type":"LineString","coordinates":[[2.51186,48.82485],[2.53474,48.82267],[2.53821,48.82267],[2.54268,48.82327]]}},
{"type":"Feature","properties":{"id":878,"ligne":"RER E","mode":"rer","couleur":"#b94e9a","deps":["93"],"epcis":["200057875"]},"geometry":{"type":"LineString","coordinates":[[2.45836,48.89665],[2.46112,48.8966]]}},
{"type":"Feature","properties":{"id":879,"ligne":"RER E","mode":"rer","couleur":"#b94e9a","deps":["93"],"epcis":["200057875","200058790"]},"geometry":{"type":"LineString","coordinates":[[2.46112,48.8966],[2.46667,48.89574],[2.46907,48.89492],[2.47053,48.89409],[2.47197,48.89288],[2.48121,48.88253]]}},
{"type":"Feature","properties":{"id":880,"ligne":"METRO 1","mode":"metro","couleur":"#ffbe00","deps":["75"],"epcis":["75056"]},"geometry":{"type":"LineString","coordinates":[[2.33013,48.86434],[2.3242,48.86625],[2.32294,48.86629]]}},
{"type":"Feature","properties":{"id":881,"ligne":"METRO 1","mode":"metro","couleur":"#ffbe00","deps":["75"],"epcis":["75056"]},"geometry":{"type":"LineString","coordinates":[[2.3458,48.85929],[2.34111,48.86081]]}},
{"type":"Feature","properties":{"id":882,"ligne":"METRO 1","mode":"metro","couleur":"#ffbe00","deps":["92"],"epcis":["200057982"]},"geometry":{"type":"LineString","coordinates":[[2.27224,48.88102],[2.26052,48.88471]]}},
{"type":"Feature","properties":{"id":883,"ligne":"METRO 1","mode":"metro","couleur":"#ffbe00","deps":["75","92"],"epcis":["200057982","75056"]},"geometry":{"type":"LineString","coordinates":[[2.28316,48.87755],[2.27224,48.88102]]}},
{"type":"Feature","properties":{"id":884,"ligne":"METRO 1","mode":"metro","couleur":"#ffbe00","deps":["75"],"epcis":["75056"]},"geometry":{"type":"LineString","coordinates":[[2.2959,48.87515],[2.2945,48.87521],[2.29263,48.87461],[2.29013,48.87534]]}},
{"type":"Feature","properties":{"id":885,"ligne":"METRO 9","mode":"metro","couleur":"#d2d200","deps":["75"],"epcis":["75056"]},"geometry":{"type":"LineString","coordinates":[[2.26408,48.8479],[2.2662,48.84899],[2.26818,48.8525]]}},
{"type":"Feature","properties":{"id":886,"ligne":"METRO 9","mode":"metro","couleur":"#d2d200","deps":["75"],"epcis":["75056"]},"geometry":{"type":"LineString","coordinates":[[2.25712,48.83796],[2.25805,48.84021],[2.25961,48.84241]]}},
{"type":"Feature","properties":{"id":887,"ligne":"METRO 9","mode":"metro","couleur":"#d2d200","deps":["75"],"epcis":["75056"]},"geometry":{"type":"LineString","coordinates":[[2.26818,48.8525],[2.27011,48.85549]]}},
{"type":"Feature","properties":{"id":888,"ligne":"METRO 9","mode":"metro","couleur":"#d2d200","deps":["75"],"epcis":["75056"]},"geometry":{"type":"LineString","coordinates":[[2.28624,48.86307],[2.2879,48.86318],[2.29416,48.86479]]}},
{"type":"Feature","properties":{"id":889,"ligne":"METRO 9","mode":"metro","couleur":"#d2d200","deps":["75"],"epcis":["75056"]},"geometry":{"type":"LineString","coordinates":[[2.36293,48.86778],[2.36801,48.86502]]}},
{"type":"Feature","properties":{"id":890,"ligne":"METRO 9","mode":"metro","couleur":"#d2d200","deps":["75"],"epcis":["75056"]},"geometry":{"type":"LineString","coordinates":[[2.30099,48.86477],[2.30222,48.86493],[2.30951,48.8687]]}},
{"type":"Feature","properties":{"id":891,"ligne":"METRO 9","mode":"metro","couleur":"#d2d200","deps":["75"],"epcis":["75056"]},"geometry":{"type":"LineString","coordinates":[[2.322,48.87448],[2.3277,48.87371]]}},
{"type":"Feature","properties":{"id":892,"ligne":"METRO 9","mode":"metro","couleur":"#d2d200","deps":["75"],"epcis":["75056"]},"geometry":{"type":"LineString","coordinates":[[2.34456,48.87126],[2.34849,48.87059]]}},
{"type":"Feature","properties":{"id":893,"ligne":"METRO 9","mode":"metro","couleur":"#d2d200","deps":["75"],"epcis":["75056"]},"geometry":{"type":"LineString","coordinates":[[2.35382,48.8694],[2.35817,48.86856],[2.36204,48.86809],[2.36293,48.86778]]}},
{"type":"Feature","properties":{"id":894,"ligne":"METRO 9","mode":"metro","couleur":"#d2d200","deps":["75"],"epcis":["75056"]},"geometry":{"type":"LineString","coordinates":[[2.31474,48.87373],[2.32016,48.87461],[2.322,48.87448]]}},
{"type":"Feature","properties":{"id":895,"ligne":"METRO 9","mode":"metro","couleur":"#d2d200","deps":["75"],"epcis":["75056"]},"geometry":{"type":"LineString","coordinates":[[2.30951,48.8687],[2.31005,48.86929],[2.31002,48.87205]]}},
{"type":"Feature","properties":{"id":896,"ligne":"METRO 10","mode":"metro","couleur":"#dc9600","deps":["75"],"epcis":["75056"]},"geometry":{"type":"LineString","coordinates":[[2.29502,48.847],[2.286,48.84653]]}},
{"type":"Feature","properties":{"id":897,"ligne":"METRO 10","mode":"metro","couleur":"#dc9600","deps":["75","92"],"epcis":["200057974","75056"]},"geometry":{"type":"LineString","coordinates":[[2.23889,48.84201],[2.25476,48.84523]]}},
{"type":"Feature","properties":{"id":898,"ligne":"METRO 10","mode":"metro","couleur":"#dc9600","deps":["75"],"epcis":["75056"]},"geometry":{"type":"LineString","coordinates":[[2.35492,48.84615],[2.35322,48.84583],[2.35162,48.84666]]}},
{"type":"Feature","properties":{"id":899,"ligne":"METRO 10","mode":"metro","couleur":"#dc9600","deps":["75"],"epcis":["75056"]},"geometry":{"type":"LineString","coordinates":[[2.25476,48.84523],[2.25593,48.84565],[2.25658,48.8469],[2.25774,48.84797]]}},
{"type":"Feature","properties":{"id":900,"ligne":"METRO 10","mode":"metro","couleur":"#dc9600","deps":["75"],"epcis":["75056"]},"geometry":{"type":"LineString","coordinates":[[2.27112,48.84663],[2.26644,48.8452]]}},
{"type":"Feature","properties":{"id":901,"ligne":"METRO 10","mode":"metro","couleur":"#dc9600","deps":["75"],"epcis":["75056"]},"geometry":{"type":"LineString","coordinates":[[2.26162,48.84525],[2.25612,48.84538],[2.25476,48.84523]]}},
{"type":"Feature","properties":{"id":902,"ligne":"METRO 12","mode":"metro","couleur":"#00643c","deps":["75"],"epcis":["75056"]},"geometry":{"type":"LineString","coordinates":[[2.32878,48.84494],[2.32778,48.84846]]}},
{"type":"Feature","properties":{"id":903,"ligne":"METRO 12","mode":"metro","couleur":"#00643c","deps":["75"],"epcis":["75056"]},"geometry":{"type":"LineString","coordinates":[[2.29623,48.8371],[2.30111,48.83952]]}},
{"type":"Feature","properties":{"id":904,"ligne":"METRO 13","mode":"metro","couleur":"#82c8e6","deps":["75","92"],"epcis":["200057990","75056"]},"geometry":{"type":"LineString","coordinates":[[2.31377,48.89425],[2.31243,48.89535],[2.30967,48.8991],[2.30601,48.90323]]}},
{"type":"Feature","properties":{"id":905,"ligne":"METRO 13","mode":"metro","couleur":"#82c8e6","deps":["75"],"epcis":["75056"]},"geometry":{"type":"LineString","coordinates":[[2.32578,48.88718],[2.32576,48.88791],[2.32722,48.89221]]}},
{"type":"Feature","properties":{"id":906,"ligne":"TRAIN N","mode":"train","couleur":"#00b297","deps":["78"],"epcis":["200059889"]},"geometry":{"type":"LineString","coordinates":[[1.80909,48.96334],[1.79934,48.96311],[1.77361,48.96363],[1.76334,48.96432],[1.75571,48.96545],[1.74926,48.9672],[1.74226,48.97008],[1.73857,48.97197],[1.73357,48.97561],[1.72886,48.9783],[1.71521,48.98365]]}},
{"type":"Feature","properties":{"id":907,"ligne":"METRO 13","mode":"metro","couleur":"#82c8e6","deps":["92"],"epcis":["200057966"]},"geometry":{"type":"LineString","coordinates":[[2.30168,48.81075],[2.29708,48.81531]]}},
{"type":"Feature","properties":{"id":908,"ligne":"METRO 13","mode":"metro","couleur":"#82c8e6","deps":["75"],"epcis":["75056"]},"geometry":{"type":"LineString","coordinates":[[2.31862,48.83423],[2.32305,48.83675],[2.32249,48.83863]]}},
{"type":"Feature","properties":{"id":909,"ligne":"METRO 13","mode":"metro","couleur":"#82c8e6","deps":["92"],"epcis":["200057966"]},"geometry":{"type":"LineString","coordinates":[[2.29708,48.81531],[2.29552,48.81746],[2.29537,48.81945],[2.29601,48.82056],[2.29846,48.82258]]}},
{"type":"Feature","properties":{"id":910,"ligne":"METRO 13","mode":"metro","couleur":"#82c8e6","deps":["75","93"],"epcis":["200057867","75056"]},"geometry":{"type":"LineString","coordinates":[[2.32894,48.89737],[2.33183,48.90609]]}},
{"type":"Feature","properties":{"id":911,"ligne":"METRO 13","mode":"metro","couleur":"#82c8e6","deps":["92"],"epcis":["200057990"]},"geometry":{"type":"LineString","coordinates":[[2.29469,48.91638],[2.29019,48.91909],[2.28755,48.92132],[2.28628,48.9231]]}},
{"type":"Feature","properties":{"id":912,"ligne":"METRO 13","mode":"metro","couleur":"#82c8e6","deps":["93"],"epcis":["200057867"]},"geometry":{"type":"LineString","coordinates":[[2.34261,48.91901],[2.35604,48.92994]]}},
{"type":"Feature","properties":{"id":913,"ligne":"METRO 13","mode":"metro","couleur":"#82c8e6","deps":["92"],"epcis":["200057990"]},"geometry":{"type":"LineString","coordinates":[[2.28628,48.9231],[2.28474,48.92595],[2.28449,48.93011],[2.28417,48.93076]]}},
{"type":"Feature","properties":{"id":914,"ligne":"TER","mode":"train","couleur":"#aaaaaa","deps":["93"],"epcis":["200057875"]},"geometry":{"type":"LineString","coordinates":[[2.45836,48.89665],[2.46112,48.8966]]}},
{"type":"Feature","properties":{"id":915,"ligne":"TER GRAND-EST","mode":"train","couleur":"#aaaaaa","deps":["77"],"epcis":["200072130","200090504","247700065"]},"geometry":{"type":"LineString","coordinates":[[2.97352,48.97436],[2.97575,48.97611],[2.97867,48.97745],[2.98151,48.97817],[2.9851,48.97847],[2.98909,48.97805],[3.00331,48.97444],[3.00663,48.97311],[3.00946,48.971],[3.01077,48.96925],[3.01302,48.96439],[3.01436,48.96289],[3.01579,48.96178],[3.01803,48.9606],[3.02049,48.95977],[3.02321,48.95928],[3.02611,48.95916]]}},
{"type":"Feature","properties":{"id":916,"ligne":"TER GRAND-EST","mode":"train","couleur":"#aaaaaa","deps":["77"],"epcis":["200090504"]},"geometry":{"type":"LineString","coordinates":[[3.12491,48.95082],[3.12943,48.95199],[3.13362,48.95411],[3.13605,48.95615],[3.14099,48.96232],[3.14415,48.96526],[3.14672,48.96697],[3.15229,48.96981],[3.15452,48.97121],[3.1566,48.97298],[3.16033,48.97709],[3.16249,48.97873],[3.16647,48.98059],[3.17016,48.98181],[3.17484,48.98244],[3.17975,48.98214],[3.21587,48.97457],[3.2193,48.97403]]}},
{"type":"Feature","properties":{"id":917,"ligne":"RER B","mode":"rer","couleur":"#5091cb","deps":["94"],"epcis":["200058014"]},"geometry":{"type":"LineString","coordinates":[[2.3222,48.79334],[2.3247,48.79385],[2.32669,48.79503],[2.32756,48.79627],[2.32814,48.79889]]}},
{"type":"Feature","properties":{"id":918,"ligne":"TRAIN H","mode":"train","couleur":"#84653d","deps":["95"],"epcis":["200055655","200056380"]},"geometry":{"type":"LineString","coordinates":[[2.35341,48.98432],[2.36486,48.9908],[2.36727,48.9932],[2.36868,48.99601]]}},
{"type":"Feature","properties":{"id":919,"ligne":"METRO 12","mode":"metro","couleur":"#00643c","deps":["75"],"epcis":["75056"]},"geometry":{"type":"LineString","coordinates":[[2.30795,48.84151],[2.31245,48.84287]]}},
{"type":"Feature","properties":{"id":920,"ligne":"METRO 12","mode":"metro","couleur":"#00643c","deps":["75"],"epcis":["75056"]},"geometry":{"type":"LineString","coordinates":[[2.32317,48.8585],[2.321,48.86079]]}},
{"type":"Feature","properties":{"id":921,"ligne":"METRO 12","mode":"metro","couleur":"#00643c","deps":["75"],"epcis":["75056"]},"geometry":{"type":"LineString","coordinates":[[2.321,48.86079],[2.32015,48.86169],[2.32011,48.86221],[2.32318,48.86617]]}},
{"type":"Feature","properties":{"id":922,"ligne":"METRO 12","mode":"metro","couleur":"#00643c","deps":["75"],"epcis":["75056"]},"geometry":{"type":"LineString","coordinates":[[2.33311,48.87633],[2.3375,48.87605]]}},
{"type":"Feature","properties":{"id":923,"ligne":"METRO 12","mode":"metro","couleur":"#00643c","deps":["75"],"epcis":["75056"]},"geometry":{"type":"LineString","coordinates":[[2.34476,48.89242],[2.34982,48.89147]]}},
{"type":"Feature","properties":{"id":924,"ligne":"METRO 12","mode":"metro","couleur":"#00643c","deps":["75"],"epcis":["75056"]},"geometry":{"type":"LineString","coordinates":[[2.33795,48.88459],[2.33857,48.88576],[2.33829,48.88858],[2.33876,48.88967]]}},
{"type":"Feature","properties":{"id":925,"ligne":"METRO 12","mode":"metro","couleur":"#00643c","deps":["75","93"],"epcis":["200057867","75056"]},"geometry":{"type":"LineString","coordinates":[[2.35951,48.89725],[2.35888,48.90366],[2.35915,48.9048],[2.35996,48.90555],[2.36103,48.906],[2.36592,48.90657]]}},
{"type":"Feature","properties":{"id":926,"ligne":"METRO 4","mode":"metro","couleur":"#a0006e","deps":["75"],"epcis":["75056"]},"geometry":{"type":"LineString","coordinates":[[2.32901,48.84222],[2.3244,48.84378]]}},
{"type":"Feature","properties":{"id":927,"ligne":"METRO 4","mode":"metro","couleur":"#a0006e","deps":["75"],"epcis":["75056"]},"geometry":{"type":"LineString","coordinates":[[2.35283,48.86673],[2.35447,48.86963]]}},
{"type":"Feature","properties":{"id":928,"ligne":"RER E","mode":"rer","couleur":"#b94e9a","deps":["93"],"epcis":["200058790"]},"geometry":{"type":"LineString","coordinates":[[2.52543,48.88373],[2.53379,48.88032],[2.53836,48.87899],[2.54345,48.8781],[2.55288,48.87716]]}},
{"type":"Feature","properties":{"id":929,"ligne":"TER","mode":"train","couleur":"#888888","deps":["95"],"epcis":["200073013"]},"geometry":{"type":"LineString","coordinates":[[2.36825,49.11663],[2.37041,49.11797],[2.37295,49.11856],[2.38116,49.11872],[2.38283,49.11849],[2.38648,49.11753],[2.3895,49.1174],[2.39118,49.11751],[2.39715,49.11873],[2.39972,49.11902]]}},
{"type":"Feature","properties":{"id":930,"ligne":"TER","mode":"train","couleur":"#888888","deps":["95"],"epcis":["200073013"]},"geometry":{"type":"LineString","coordinates":[[2.39972,49.11902],[2.40299,49.11866],[2.41371,49.11569],[2.41665,49.11588],[2.42011,49.11713]]}},
{"type":"Feature","properties":{"id":931,"ligne":"TER","mode":"train","couleur":"#888888","deps":["95"],"epcis":["200058485"]},"geometry":{"type":"LineString","coordinates":[[2.22938,49.02177],[2.2404,49.01681],[2.24284,49.01532]]}},
{"type":"Feature","properties":{"id":932,"ligne":"TER NORMANDIE","mode":"train","couleur":"#aaaaaa","deps":["95"],"epcis":["200058485"]},"geometry":{"type":"LineString","coordinates":[[2.23428,48.99371],[2.1965,49.00777]]}},
{"type":"Feature","properties":{"id":933,"ligne":"RER C","mode":"rer","couleur":"#ffcc30","deps":["91"],"epcis":["200017846"]},"geometry":{"type":"LineString","coordinates":[[2.15953,48.43692],[2.15211,48.43328],[2.14543,48.43085],[2.14475,48.4302],[2.14443,48.4294],[2.14525,48.42736]]}},
{"type":"Feature","properties":{"id":934,"ligne":"RER D","mode":"rer","couleur":"#008b5b","deps":["91"],"epcis":["200058014","200059228"]},"geometry":{"type":"LineString","coordinates":[[2.39753,48.66792],[2.38678,48.67609]]}},
{"type":"Feature","properties":{"id":935,"ligne":"TER HAUTS-DE-FRANCE","mode":"train","couleur":"#008b5b","deps":[],"epcis":[]},"geometry":{"type":"LineString","coordinates":[[2.49018,49.13829],[2.4942,49.13465],[2.50701,49.12621]]}},
{"type":"Feature","properties":{"id":936,"ligne":"TER NORMANDIE","mode":"train","couleur":"#aaaaaa","deps":["92"],"epcis":["200057990"]},"geometry":{"type":"LineString","coordinates":[[2.25935,48.92392],[2.25897,48.9252],[2.25898,48.92696],[2.26097,48.9319]]}},
{"type":"Feature","properties":{"id":937,"ligne":"TER NORMANDIE","mode":"train","couleur":"#aaaaaa","deps":["78"],"epcis":["200059889"]},"geometry":{"type":"LineString","coordinates":[[1.80909,48.96334],[1.81701,48.96407],[1.82705,48.96587],[1.83355,48.96753],[1.84835,48.97214]]}},
{"type":"Feature","properties":{"id":938,"ligne":"TER HAUTS-DE-FRANCE","mode":"train","couleur":"#aaaaaa","deps":["95"],"epcis":["200055655","200056380"]},"geometry":{"type":"LineString","coordinates":[[2.35341,48.98432],[2.36486,48.9908],[2.36727,48.9932],[2.36868,48.99601]]}},
{"type":"Feature","properties":{"id":939,"ligne":"RER A","mode":"rer","couleur":"#eb2132","deps":["94"],"epcis":["200057941"]},"geometry":{"type":"LineString","coordinates":[[2.4617,48.84431],[2.45261,48.84601],[2.44808,48.84665],[2.43243,48.84734]]}},
{"type":"Feature","properties":{"id":940,"ligne":"TRAIN L","mode":"train","couleur":"#c4a4cc","deps":["95"],"epcis":["249500109"]},"geometry":{"type":"LineString","coordinates":[[2.07953,49.03646],[2.08954,49.03075],[2.09073,49.02952],[2.09128,49.02778],[2.09081,49.02602],[2.08894,49.02282],[2.08774,49.02184],[2.07974,49.0172],[2.07858,49.01574],[2.07831,49.01413]]}},
{"type":"Feature","properties":{"id":941,"ligne":"TRAIN L","mode":"train","couleur":"#c4a4cc","deps":["78"],"epcis":["247800584"]},"geometry":{"type":"LineString","coordinates":[[2.13509,48.80948],[2.1448,48.80878],[2.14767,48.80802],[2.15299,48.80594]]}},
{"type":"Feature","properties":{"id":942,"ligne":"METRO 14","mode":"metro","couleur":"#640082","deps":["75"],"epcis":["75056"]},"geometry":{"type":"LineString","coordinates":[[2.32575,48.87067],[2.32382,48.87181],[2.32297,48.87297],[2.32306,48.87398],[2.32422,48.87572]]}},
{"type":"Feature","properties":{"id":943,"ligne":"TRAM 2","mode":"tram","couleur":"#a0006e","deps":["92","95"],"epcis":["200057982","200057990","200058519"]},"geometry":{"type":"LineString","coordinates":[[2.22481,48.91751],[2.21788,48.92242],[2.21759,48.92327]]}},
{"type":"Feature","properties":{"id":944,"ligne":"TRAM 1","mode":"tram","couleur":"#0055c8","deps":["93"],"epcis":["200057867"]},"geometry":{"type":"LineString","coordinates":[[2.3504,48.93751],[2.35001,48.93684],[2.34874,48.93692],[2.34647,48.93616]]}},
{"type":"Feature","properties":{"id":945,"ligne":"TRAM 1","mode":"tram","couleur":"#0055c8","deps":["92"],"epcis":["200057990"]},"geometry":{"type":"LineString","coordinates":[[2.3215,48.93461],[2.32695,48.93499]]}},
{"type":"Feature","properties":{"id":946,"ligne":"TRAM 1","mode":"tram","couleur":"#0055c8","deps":["92"],"epcis":["200057990"]},"geometry":{"type":"LineString","coordinates":[[2.32695,48.93499],[2.33433,48.93561]]}},
{"type":"Feature","properties":{"id":947,"ligne":"TRAM 1","mode":"tram","couleur":"#0055c8","deps":["92"],"epcis":["200057990"]},"geometry":{"type":"LineString","coordinates":[[2.30183,48.93327],[2.30063,48.93339]]}},
{"type":"Feature","properties":{"id":948,"ligne":"TRAM 1","mode":"tram","couleur":"#0055c8","deps":["92"],"epcis":["200057990"]},"geometry":{"type":"LineString","coordinates":[[2.2946,48.93336],[2.28866,48.93181]]}},
{"type":"Feature","properties":{"id":949,"ligne":"TRAM 1","mode":"tram","couleur":"#0055c8","deps":["92"],"epcis":["200057990"]},"geometry":{"type":"LineString","coordinates":[[2.29592,48.93357],[2.2946,48.93336]]}},
{"type":"Feature","properties":{"id":950,"ligne":"METRO 2","mode":"metro","couleur":"#0055c8","deps":["75"],"epcis":["75056"]},"geometry":{"type":"LineString","coordinates":[[2.37673,48.87228],[2.38054,48.86909]]}},
{"type":"Feature","properties":{"id":951,"ligne":"METRO 2","mode":"metro","couleur":"#0055c8","deps":["75"],"epcis":["75056"]},"geometry":{"type":"LineString","coordinates":[[2.3836,48.86645],[2.38731,48.86309],[2.38784,48.86218]]}},
{"type":"Feature","properties":{"id":952,"ligne":"METRO 2","mode":"metro","couleur":"#0055c8","deps":["75"],"epcis":["75056"]},"geometry":{"type":"LineString","coordinates":[[2.39086,48.85806],[2.39239,48.85759],[2.39468,48.85623]]}},
{"type":"Feature","properties":{"id":953,"ligne":"METRO 2","mode":"metro","couleur":"#0055c8","deps":["75"],"epcis":["75056"]},"geometry":{"type":"LineString","coordinates":[[2.38784,48.86218],[2.38958,48.8586],[2.39086,48.85806]]}},
{"type":"Feature","properties":{"id":954,"ligne":"METRO 2","mode":"metro","couleur":"#0055c8","deps":["75"],"epcis":["75056"]},"geometry":{"type":"LineString","coordinates":[[2.398,48.85191],[2.39877,48.85045],[2.39911,48.84875],[2.39602,48.84784],[2.39531,48.848],[2.39506,48.84847]]}},
{"type":"Feature","properties":{"id":955,"ligne":"METRO 2","mode":"metro","couleur":"#0055c8","deps":["75"],"epcis":["75056"]},"geometry":{"type":"LineString","coordinates":[[2.31472,48.88109],[2.3218,48.88233]]}},
{"type":"Feature","properties":{"id":956,"ligne":"METRO 2","mode":"metro","couleur":"#0055c8","deps":["75"],"epcis":["75056"]},"geometry":{"type":"LineString","coordinates":[[2.33823,48.88223],[2.34008,48.88203],[2.34467,48.88297]]}},
{"type":"Feature","properties":{"id":957,"ligne":"METRO 2","mode":"metro","couleur":"#0055c8","deps":["75"],"epcis":["75056"]},"geometry":{"type":"LineString","coordinates":[[2.30877,48.88033],[2.31472,48.88109]]}},
{"type":"Feature","properties":{"id":958,"ligne":"METRO 2","mode":"metro","couleur":"#0055c8","deps":["75"],"epcis":["75056"]},"geometry":{"type":"LineString","coordinates":[[2.3218,48.88233],[2.32723,48.88343],[2.32853,48.884]]}},
{"type":"Feature","properties":{"id":959,"ligne":"METRO 2","mode":"metro","couleur":"#0055c8","deps":["75"],"epcis":["75056"]},"geometry":{"type":"LineString","coordinates":[[2.2958,48.87481],[2.29831,48.87797]]}},
{"type":"Feature","properties":{"id":960,"ligne":"METRO 5","mode":"metro","couleur":"#ff5a00","deps":["75"],"epcis":["75056"]},"geometry":{"type":"LineString","coordinates":[[2.37872,48.88497],[2.38591,48.88686]]}},
{"type":"Feature","properties":{"id":961,"ligne":"METRO 5","mode":"metro","couleur":"#ff5a00","deps":["75","93"],"epcis":["200057875","75056"]},"geometry":{"type":"LineString","coordinates":[[2.39178,48.88842],[2.40235,48.89123]]}},
{"type":"Feature","properties":{"id":962,"ligne":"METRO 5","mode":"metro","couleur":"#ff5a00","deps":["75"],"epcis":["75056"]},"geometry":{"type":"LineString","coordinates":[[2.36097,48.83843],[2.36346,48.84167],[2.36558,48.84236]]}},
{"type":"Feature","properties":{"id":963,"ligne":"METRO 5","mode":"metro","couleur":"#ff5a00","deps":["75"],"epcis":["75056"]},"geometry":{"type":"LineString","coordinates":[[2.3679,48.86496],[2.36528,48.86653],[2.36374,48.86783]]}},
{"type":"Feature","properties":{"id":964,"ligne":"METRO 7","mode":"metro","couleur":"#ff82b4","deps":["75","94"],"epcis":["200058014","75056"]},"geometry":{"type":"LineString","coordinates":[[2.36226,48.81013],[2.35936,48.81958]]}},
{"type":"Feature","properties":{"id":965,"ligne":"METRO 7","mode":"metro","couleur":"#ff82b4","deps":["94"],"epcis":["200058014"]},"geometry":{"type":"LineString","coordinates":[[2.38429,48.81052],[2.38181,48.81201],[2.37727,48.81593]]}},
{"type":"Feature","properties":{"id":966,"ligne":"METRO 7","mode":"metro","couleur":"#ff82b4","deps":["75"],"epcis":["75056"]},"geometry":{"type":"LineString","coordinates":[[2.36958,48.8848],[2.37346,48.88797]]}},
{"type":"Feature","properties":{"id":967,"ligne":"METRO 7","mode":"metro","couleur":"#ff82b4","deps":["75"],"epcis":["75056"]},"geometry":{"type":"LineString","coordinates":[[2.35806,48.87627],[2.36054,48.87603],[2.36197,48.87844]]}},
{"type":"Feature","properties":{"id":968,"ligne":"METRO 7","mode":"metro","couleur":"#ff82b4","deps":["94"],"epcis":["200058014"]},"geometry":{"type":"LineString","coordinates":[[2.36395,48.80469],[2.36226,48.81013]]}},
{"type":"Feature","properties":{"id":969,"ligne":"METRO 7","mode":"metro","couleur":"#ff82b4","deps":["75"],"epcis":["75056"]},"geometry":{"type":"LineString","coordinates":[[2.33688,48.86283],[2.33539,48.86358],[2.33444,48.86574]]}},
{"type":"Feature","properties":{"id":970,"ligne":"METRO 11","mode":"metro","couleur":"#6e491e","deps":["75"],"epcis":["75056"]},"geometry":{"type":"LineString","coordinates":[[2.38942,48.87511],[2.39123,48.87557],[2.39306,48.87681]]}},
{"type":"Feature","properties":{"id":971,"ligne":"METRO 11","mode":"metro","couleur":"#6e491e","deps":["75"],"epcis":["75056"]},"geometry":{"type":"LineString","coordinates":[[2.35101,48.85745],[2.35162,48.85783],[2.3535,48.8612]]}},
{"type":"Feature","properties":{"id":972,"ligne":"METRO 11","mode":"metro","couleur":"#6e491e","deps":["75"],"epcis":["75056"]},"geometry":{"type":"LineString","coordinates":[[2.39306,48.87681],[2.39464,48.87695],[2.3965,48.87555],[2.39887,48.87547]]}},
{"type":"Feature","properties":{"id":973,"ligne":"METRO 3","mode":"metro","couleur":"#6e6e00","deps":["75","93"],"epcis":["200057875","75056"]},"geometry":{"type":"LineString","coordinates":[[2.4167,48.86534],[2.41271,48.86526],[2.40921,48.86462],[2.40803,48.8646]]}},
{"type":"Feature","properties":{"id":974,"ligne":"METRO 3","mode":"metro","couleur":"#6e6e00","deps":["75"],"epcis":["75056"]},"geometry":{"type":"LineString","coordinates":[[2.3608,48.86651],[2.35674,48.86559]]}},
{"type":"Feature","properties":{"id":975,"ligne":"METRO 3","mode":"metro","couleur":"#6e6e00","deps":["75"],"epcis":["75056"]},"geometry":{"type":"LineString","coordinates":[[2.38588,48.86312],[2.37974,48.86429]]}},
{"type":"Feature","properties":{"id":976,"ligne":"METRO 3","mode":"metro","couleur":"#6e6e00","deps":["75"],"epcis":["75056"]},"geometry":{"type":"LineString","coordinates":[[2.30467,48.88381],[2.29772,48.8849]]}},
{"type":"Feature","properties":{"id":977,"ligne":"METRO 3","mode":"metro","couleur":"#6e6e00","deps":["75","92"],"epcis":["200057982","75056"]},"geometry":{"type":"LineString","coordinates":[[2.29353,48.88601],[2.29191,48.88577],[2.29053,48.88613],[2.28808,48.88871]]}},
{"type":"Feature","properties":{"id":978,"ligne":"METRO 3","mode":"metro","couleur":"#6e6e00","deps":["75"],"epcis":["75056"]},"geometry":{"type":"LineString","coordinates":[[2.29772,48.8849],[2.29563,48.8864],[2.29353,48.88601]]}},
{"type":"Feature","properties":{"id":979,"ligne":"METRO 3","mode":"metro","couleur":"#6e6e00","deps":["75"],"epcis":["75056"]},"geometry":{"type":"LineString","coordinates":[[2.32438,48.87515],[2.32227,48.87877]]}},
{"type":"Feature","properties":{"id":980,"ligne":"METRO 3","mode":"metro","couleur":"#6e6e00","deps":["92"],"epcis":["200057982"]},"geometry":{"type":"LineString","coordinates":[[2.28501,48.89208],[2.28041,48.89715]]}},
{"type":"Feature","properties":{"id":981,"ligne":"METRO 3","mode":"metro","couleur":"#6e6e00","deps":["75"],"epcis":["75056"]},"geometry":{"type":"LineString","coordinates":[[2.34138,48.86865],[2.33623,48.86964]]}},
{"type":"Feature","properties":{"id":982,"ligne":"METRO 7bis","mode":"metro","couleur":"#82dc73","deps":["75"],"epcis":["75056"]},"geometry":{"type":"LineString","coordinates":[[2.37016,48.88247],[2.3745,48.88067]]}},
{"type":"Feature","properties":{"id":983,"ligne":"METRO 7bis","mode":"metro","couleur":"#82dc73","deps":["75"],"epcis":["75056"]},"geometry":{"type":"LineString","coordinates":[[2.38161,48.87851],[2.38477,48.87933],[2.38857,48.87949]]}},
{"type":"Feature","properties":{"id":984,"ligne":"METRO 7bis","mode":"metro","couleur":"#82dc73","deps":["75"],"epcis":["75056"]},"geometry":{"type":"LineString","coordinates":[[2.39298,48.87695],[2.39232,48.87713],[2.38977,48.87933],[2.38857,48.87949]]}},
{"type":"Feature","properties":{"id":985,"ligne":"TRAM 7","mode":"tram","couleur":"#6e491e","deps":["94"],"epcis":["200058014"]},"geometry":{"type":"LineString","coordinates":[[2.36804,48.76819],[2.36782,48.77207]]}},
{"type":"Feature","properties":{"id":986,"ligne":"TRAM 7","mode":"tram","couleur":"#6e491e","deps":["94"],"epcis":["200058014"]},"geometry":{"type":"LineString","coordinates":[[2.3664,48.75957],[2.36469,48.75985],[2.36447,48.76019],[2.36779,48.76338]]}},
{"type":"Feature","properties":{"id":987,"ligne":"TRAM 7","mode":"tram","couleur":"#6e491e","deps":["94"],"epcis":["200058014"]},"geometry":{"type":"LineString","coordinates":[[2.35536,48.75267],[2.35651,48.75329],[2.35895,48.75319],[2.36099,48.7524],[2.36195,48.75281]]}},
{"type":"Feature","properties":{"id":988,"ligne":"TRAM 7","mode":"tram","couleur":"#6e491e","deps":["94"],"epcis":["200058014"]},"geometry":{"type":"LineString","coordinates":[[2.3528,48.74168],[2.3526,48.74217],[2.35327,48.74268],[2.3518,48.74446],[2.35337,48.74536],[2.35344,48.74592],[2.35288,48.74657]]}},
{"type":"Feature","properties":{"id":989,"ligne":"TRAM 7","mode":"tram","couleur":"#6e491e","deps":["91","94"],"epcis":["200058014"]},"geometry":{"type":"LineString","coordinates":[[2.36991,48.7386],[2.36985,48.73934],[2.36943,48.73963],[2.36511,48.73956],[2.35947,48.73999]]}},
{"type":"Feature","properties":{"id":990,"ligne":"TRAM 7","mode":"tram","couleur":"#6e491e","deps":["94"],"epcis":["200058014"]},"geometry":{"type":"LineString","coordinates":[[2.37141,48.7337],[2.37005,48.737],[2.36991,48.7386]]}},
{"type":"Feature","properties":{"id":991,"ligne":"FUNICULAIRE MONTMART","mode":"train","couleur":"#afafaf","deps":["75"],"epcis":["75056"]},"geometry":{"type":"LineString","coordinates":[[2.34255,48.88566],[2.34266,48.88468]]}},
{"type":"Feature","properties":{"id":992,"ligne":"TRAM 6","mode":"tram","couleur":"#ff0000","deps":["92"],"epcis":["200057966"]},"geometry":{"type":"LineString","coordinates":[[2.24698,48.78369],[2.25446,48.7867]]}},
{"type":"Feature","properties":{"id":993,"ligne":"TRAM 6","mode":"tram","couleur":"#ff0000","deps":["78"],"epcis":["247800584"]},"geometry":{"type":"LineString","coordinates":[[2.1788,48.78512],[2.17965,48.78591],[2.17935,48.78821],[2.17998,48.79044],[2.17972,48.79158],[2.17097,48.80108]]}},
{"type":"Feature","properties":{"id":994,"ligne":"TRAM 6","mode":"tram","couleur":"#ff0000","deps":["78"],"epcis":["247800584"]},"geometry":{"type":"LineString","coordinates":[[2.17097,48.80108],[2.17003,48.80271],[2.16907,48.8057]]}},
{"type":"Feature","properties":{"id":995,"ligne":"TRAM 8","mode":"tram","couleur":"#6e6e00","deps":["93"],"epcis":["200057867"]},"geometry":{"type":"LineString","coordinates":[[2.32076,48.9516],[2.32883,48.94994]]}},
{"type":"Feature","properties":{"id":996,"ligne":"TRAM 3a","mode":"tram","couleur":"#ff5a00","deps":["75"],"epcis":["75056"]},"geometry":{"type":"LineString","coordinates":[[2.37766,48.82435],[2.38117,48.82557]]}},
{"type":"Feature","properties":{"id":997,"ligne":"TRAM 3a","mode":"tram","couleur":"#ff5a00","deps":["75"],"epcis":["75056"]},"geometry":{"type":"LineString","coordinates":[[2.39835,48.83199],[2.40436,48.83419],[2.40666,48.83552]]}},
{"type":"Feature","properties":{"id":998,"ligne":"TRAM 3a","mode":"tram","couleur":"#ff5a00","deps":["75"],"epcis":["75056"]},"geometry":{"type":"LineString","coordinates":[[2.40887,48.83986],[2.41011,48.8437]]}},
{"type":"Feature","properties":{"id":999,"ligne":"TRAM 3a","mode":"tram","couleur":"#ff5a00","deps":["75"],"epcis":["75056"]},"geometry":{"type":"LineString","coordinates":[[2.27812,48.83612],[2.28401,48.83436]]}},
{"type":"Feature","properties":{"id":1000,"ligne":"TRAM 3a","mode":"tram","couleur":"#ff5a00","deps":["75"],"epcis":["75056"]},"geometry":{"type":"LineString","coordinates":[[2.3008,48.82869],[2.30664,48.82741]]}},
{"type":"Feature","properties":{"id":1001,"ligne":"TRAM 3a","mode":"tram","couleur":"#ff5a00","deps":["75"],"epcis":["75056"]},"geometry":{"type":"LineString","coordinates":[[2.33334,48.82151],[2.33858,48.82035]]}},
{"type":"Feature","properties":{"id":1002,"ligne":"TRAM 3a","mode":"tram","couleur":"#ff5a00","deps":["75"],"epcis":["75056"]},"geometry":{"type":"LineString","coordinates":[[2.29566,48.82983],[2.3008,48.82869]]}},
{"type":"Feature","properties":{"id":1003,"ligne":"TRAM 3b","mode":"tram","couleur":"#00643c","deps":["75"],"epcis":["75056"]},"geometry":{"type":"LineString","coordinates":[[2.37338,48.89755],[2.37073,48.89764],[2.37032,48.89783],[2.37006,48.89853],[2.36904,48.8986]]}},
{"type":"Feature","properties":{"id":1004,"ligne":"TRAM 3b","mode":"tram","couleur":"#00643c","deps":["75"],"epcis":["75056"]},"geometry":{"type":"LineString","coordinates":[[2.40883,48.86343],[2.40898,48.86752]]}},
{"type":"Feature","properties":{"id":1005,"ligne":"TRAM 3b","mode":"tram","couleur":"#00643c","deps":["75"],"epcis":["75056"]},"geometry":{"type":"LineString","coordinates":[[2.39675,48.88502],[2.39636,48.88736],[2.39568,48.88901]]}},
{"type":"Feature","properties":{"id":1006,"ligne":"TRAM 3b","mode":"tram","couleur":"#00643c","deps":["75"],"epcis":["75056"]},"geometry":{"type":"LineString","coordinates":[[2.36365,48.89849],[2.35838,48.89839]]}},
{"type":"Feature","properties":{"id":1007,"ligne":"TRAM 5","mode":"tram","couleur":"#640082","deps":["93"],"epcis":["200057867"]},"geometry":{"type":"LineString","coordinates":[[2.35701,48.94482],[2.35673,48.94213]]}},
{"type":"Feature","properties":{"id":1008,"ligne":"TRAM 5","mode":"tram","couleur":"#640082","deps":["93"],"epcis":["200057867"]},"geometry":{"type":"LineString","coordinates":[[2.35832,48.95558],[2.35798,48.95268]]}},
{"type":"Feature","properties":{"id":1009,"ligne":"TRAM 5","mode":"tram","couleur":"#640082","deps":["93"],"epcis":["200057867"]},"geometry":{"type":"LineString","coordinates":[[2.35874,48.95912],[2.35832,48.95558]]}},
{"type":"Feature","properties":{"id":1010,"ligne":"TRAM 11","mode":"tram","couleur":"#ff5a00","deps":["93","95"],"epcis":["200056380","200057867"]},"geometry":{"type":"LineString","coordinates":[[2.34237,48.96001],[2.33389,48.95971],[2.32835,48.959]]}},
{"type":"Feature","properties":{"id":1011,"ligne":"TRAM 11","mode":"tram","couleur":"#ff5a00","deps":["93"],"epcis":["200057867","200058097"]},"geometry":{"type":"LineString","coordinates":[[2.42339,48.93029],[2.42202,48.93156],[2.41869,48.93337],[2.41744,48.93446],[2.41407,48.94099],[2.41112,48.94393]]}},
{"type":"Feature","properties":{"id":1012,"ligne":"TRAM 4","mode":"tram","couleur":"#dc9600","deps":["93"],"epcis":["200057875"]},"geometry":{"type":"LineString","coordinates":[[2.48203,48.89381],[2.48791,48.89309]]}},
{"type":"Feature","properties":{"id":1013,"ligne":"TRAM 4","mode":"tram","couleur":"#dc9600","deps":["93"],"epcis":["200058097"]},"geometry":{"type":"LineString","coordinates":[[2.51912,48.9265],[2.51883,48.92759],[2.51809,48.92868],[2.51637,48.93024],[2.51488,48.93101]]}},
{"type":"Feature","properties":{"id":1014,"ligne":"RER C","mode":"rer","couleur":"#ffcc30","deps":["91"],"epcis":["200056232"]},"geometry":{"type":"LineString","coordinates":[[2.25832,48.726],[2.26207,48.72909],[2.26307,48.72965]]}},
{"type":"Feature","properties":{"id":1015,"ligne":"RER C","mode":"rer","couleur":"#ffcc30","deps":["91"],"epcis":["200057859"]},"geometry":{"type":"LineString","coordinates":[[2.17038,48.56433],[2.17513,48.56662],[2.18278,48.57293],[2.19206,48.57751]]}},
{"type":"Feature","properties":{"id":1016,"ligne":"RER C","mode":"rer","couleur":"#ffcc30","deps":["75"],"epcis":["75056"]},"geometry":{"type":"LineString","coordinates":[[2.30099,48.86266],[2.29849,48.86229],[2.29605,48.86135],[2.29114,48.858],[2.2898,48.85646]]}},
{"type":"Feature","properties":{"id":1017,"ligne":"RER C","mode":"rer","couleur":"#ffcc30","deps":["75"],"epcis":["75056"]},"geometry":{"type":"LineString","coordinates":[[2.32676,48.86035],[2.31907,48.86264],[2.31664,48.8629],[2.31251,48.86288]]}},
{"type":"Feature","properties":{"id":1018,"ligne":"RER C","mode":"rer","couleur":"#ffcc30","deps":["95"],"epcis":["200056380","200058485"]},"geometry":{"type":"LineString","coordinates":[[2.28593,48.96359],[2.28262,48.96461],[2.28046,48.96564],[2.27926,48.96667],[2.27848,48.96811],[2.2784,48.96931],[2.27877,48.97038],[2.2816,48.9737],[2.28228,48.97487],[2.28236,48.97669],[2.28169,48.97797],[2.28035,48.97913],[2.27842,48.98],[2.27471,48.98054],[2.27208,48.98065]]}},
{"type":"Feature","properties":{"id":1019,"ligne":"RER B","mode":"rer","couleur":"#5091cb","deps":["91"],"epcis":["200056232"]},"geometry":{"type":"LineString","coordinates":[[2.24567,48.71695],[2.24696,48.71837],[2.24952,48.72023],[2.25093,48.72078],[2.25375,48.72106],[2.25525,48.72149],[2.25995,48.7251]]}},
{"type":"Feature","properties":{"id":1020,"ligne":"RER B","mode":"rer","couleur":"#5091cb","deps":["92"],"epcis":["200057966"]},"geometry":{"type":"LineString","coordinates":[[2.28143,48.78024],[2.28287,48.78295],[2.2836,48.78365],[2.28478,48.78421],[2.28762,48.78496],[2.2905,48.7873],[2.29177,48.7876],[2.29299,48.78757]]}},
{"type":"Feature","properties":{"id":1021,"ligne":"RER B","mode":"rer","couleur":"#5091cb","deps":["91"],"epcis":["200056232"]},"geometry":{"type":"LineString","coordinates":[[2.18105,48.69751],[2.1836,48.69794],[2.18535,48.69873],[2.1861,48.69943],[2.18774,48.70203],[2.19129,48.70472],[2.19273,48.7054]]}},
{"type":"Feature","properties":{"id":1022,"ligne":"RER B","mode":"rer","couleur":"#5091cb","deps":["94"],"epcis":["200058014"]},"geometry":{"type":"LineString","coordinates":[[2.32814,48.79889],[2.32936,48.80414],[2.33058,48.80542],[2.33435,48.8083]]}},
{"type":"Feature","properties":{"id":1023,"ligne":"RER D","mode":"rer","couleur":"#008b5b","deps":["91"],"epcis":["200059228"]},"geometry":{"type":"LineString","coordinates":[[2.47023,48.62029],[2.46757,48.62199],[2.4615,48.62817],[2.45257,48.63427]]}},
{"type":"Feature","properties":{"id":1024,"ligne":"RER D","mode":"rer","couleur":"#008b5b","deps":["91"],"epcis":["200059228"]},"geometry":{"type":"LineString","coordinates":[[2.45141,48.62333],[2.45591,48.62351],[2.45821,48.62337],[2.46726,48.62152],[2.47023,48.62029]]}},
{"type":"Feature","properties":{"id":1025,"ligne":"RER D","mode":"rer","couleur":"#008b5b","deps":["77"],"epcis":["247700057"]},"geometry":{"type":"LineString","coordinates":[[2.54435,48.53514],[2.53987,48.5367],[2.5326,48.54036],[2.52963,48.54321],[2.52849,48.54497],[2.52809,48.54655],[2.52834,48.55048],[2.52908,48.55205],[2.5301,48.55318],[2.53467,48.55682],[2.54144,48.56161],[2.54245,48.56323],[2.54261,48.56507]]}},
{"type":"Feature","properties":{"id":1026,"ligne":"RER D","mode":"rer","couleur":"#008b5b","deps":["77"],"epcis":["247700057"]},"geometry":{"type":"LineString","coordinates":[[2.57207,48.52975],[2.56818,48.53113],[2.56368,48.53223],[2.54855,48.53424],[2.54435,48.53514]]}},
{"type":"Feature","properties":{"id":1027,"ligne":"RER D","mode":"rer","couleur":"#008b5b","deps":["91"],"epcis":["200059228"]},"geometry":{"type":"LineString","coordinates":[[2.46155,48.59281],[2.46035,48.59396],[2.45978,48.59518],[2.4593,48.6021],[2.46022,48.60406],[2.46246,48.60556]]}},
{"type":"Feature","properties":{"id":1028,"ligne":"RER D","mode":"rer","couleur":"#008b5b","deps":["91"],"epcis":["249100157"]},"geometry":{"type":"LineString","coordinates":[[2.37882,48.34166],[2.37654,48.33613],[2.37258,48.33009],[2.37186,48.32848],[2.37162,48.32703],[2.37164,48.3208],[2.37203,48.31921],[2.37286,48.31791],[2.37433,48.3166],[2.38265,48.31171],[2.38435,48.31041],[2.38567,48.3086],[2.38722,48.30421],[2.3888,48.3023],[2.39103,48.30076],[2.39641,48.29829],[2.3983,48.29711],[2.39959,48.29583],[2.40113,48.29359]]}},
{"type":"Feature","properties":{"id":1029,"ligne":"TER CENTRE-VDL","mode":"train","couleur":"#aaaaaa","deps":["91"],"epcis":["200017846"]},"geometry":{"type":"LineString","coordinates":[[2.03224,48.34842],[2.05991,48.37453]]}},
{"type":"Feature","properties":{"id":1030,"ligne":"TER CENTRE-VDL","mode":"train","couleur":"#aaaaaa","deps":["91"],"epcis":["200057859"]},"geometry":{"type":"LineString","coordinates":[[2.19206,48.57751],[2.19478,48.57875],[2.19751,48.57946],[2.21487,48.58093],[2.22345,48.58272]]}},
{"type":"Feature","properties":{"id":1031,"ligne":"TER CENTRE-VDL","mode":"train","couleur":"#aaaaaa","deps":["94"],"epcis":["200058014"]},"geometry":{"type":"LineString","coordinates":[[2.40271,48.80021],[2.39926,48.80568],[2.39169,48.81399]]}},
{"type":"Feature","properties":{"id":1032,"ligne":"TER CENTRE-VDL","mode":"train","couleur":"#aaaaaa","deps":["91"],"epcis":["200057859"]},"geometry":{"type":"LineString","coordinates":[[2.24107,48.58601],[2.24727,48.58565],[2.25021,48.58592],[2.26621,48.59112]]}},
{"type":"Feature","properties":{"id":1033,"ligne":"TRAIN R","mode":"train","couleur":"#f49fb3","deps":["77"],"epcis":["200072346","247700032"]},"geometry":{"type":"LineString","coordinates":[[2.79634,48.37952],[2.80691,48.3743],[2.80835,48.37336],[2.80966,48.37203],[2.81075,48.36975],[2.81077,48.36774],[2.8098,48.36564],[2.808,48.36387],[2.77116,48.34546],[2.76784,48.34343],[2.76417,48.34059],[2.76004,48.33842],[2.75652,48.33724],[2.75096,48.33633],[2.738,48.33648]]}},
{"type":"Feature","properties":{"id":1034,"ligne":"TRAIN R","mode":"train","couleur":"#f49fb3","deps":["77"],"epcis":["200023240"]},"geometry":{"type":"LineString","coordinates":[[2.68565,48.26776],[2.69003,48.26362],[2.69223,48.26047],[2.69278,48.25889],[2.69301,48.25567],[2.69351,48.25416],[2.70203,48.23801],[2.70282,48.23232],[2.70394,48.22955]]}},
{"type":"Feature","properties":{"id":1035,"ligne":"TRAIN R","mode":"train","couleur":"#f49fb3","deps":["77"],"epcis":["200023240","200072346"]},"geometry":{"type":"LineString","coordinates":[[2.69248,48.33268],[2.68857,48.33105],[2.68548,48.32934],[2.68279,48.32745],[2.68016,48.32505],[2.67823,48.32269],[2.67685,48.32045],[2.67567,48.31745],[2.67515,48.31467],[2.67537,48.3105],[2.68352,48.27266],[2.68424,48.27011],[2.68565,48.26776]]}},
{"type":"Feature","properties":{"id":1036,"ligne":"TRAIN R","mode":"train","couleur":"#f49fb3","deps":["77"],"epcis":["247700032"]},"geometry":{"type":"LineString","coordinates":[[2.84204,48.38677],[2.83612,48.39062],[2.82988,48.39357],[2.82755,48.39412],[2.81619,48.39401],[2.81419,48.39356],[2.80844,48.39153],[2.80637,48.39114],[2.80395,48.39123],[2.80161,48.39196],[2.79972,48.39338],[2.79888,48.39501],[2.79896,48.39647],[2.80114,48.40229],[2.80094,48.4034],[2.79892,48.40728]]}},
{"type":"Feature","properties":{"id":1037,"ligne":"TRAIN R","mode":"train","couleur":"#f49fb3","deps":["77"],"epcis":["200072346"]},"geometry":{"type":"LineString","coordinates":[[2.753,48.4305],[2.75823,48.43982],[2.76072,48.44267]]}},
{"type":"Feature","properties":{"id":1038,"ligne":"TRAIN R","mode":"train","couleur":"#f49fb3","deps":["77"],"epcis":["247700057"]},"geometry":{"type":"LineString","coordinates":[[2.67897,48.51027],[2.67693,48.51517],[2.67552,48.51694],[2.673,48.51816],[2.66854,48.51891],[2.66649,48.51954],[2.66517,48.52041],[2.66276,48.52299]]}},
{"type":"Feature","properties":{"id":1039,"ligne":"TRAIN R","mode":"train","couleur":"#f49fb3","deps":["77"],"epcis":["200072346"]},"geometry":{"type":"LineString","coordinates":[[2.72666,48.41638],[2.72833,48.41925],[2.73513,48.42588],[2.73714,48.42918],[2.73802,48.43209],[2.73821,48.43453],[2.73779,48.43745],[2.7365,48.44059],[2.73475,48.44308],[2.73231,48.44553],[2.70792,48.46522],[2.69203,48.47552]]}},
{"type":"Feature","properties":{"id":1040,"ligne":"TRAIN R","mode":"train","couleur":"#f49fb3","deps":["77"],"epcis":["200059228","247700057"]},"geometry":{"type":"LineString","coordinates":[[2.62552,48.53878],[2.61173,48.54815],[2.59756,48.56075],[2.59604,48.56245],[2.59455,48.56495]]}},
{"type":"Feature","properties":{"id":1041,"ligne":"TRAIN R","mode":"train","couleur":"#f49fb3","deps":["77","91"],"epcis":["200058477","200059228"]},"geometry":{"type":"LineString","coordinates":[[2.54755,48.6679],[2.54068,48.67621],[2.53737,48.67878],[2.53313,48.68102]]}},
{"type":"Feature","properties":{"id":1042,"ligne":"TRAIN L","mode":"train","couleur":"#c4a4cc","deps":["78"],"epcis":["200058519","247800584"]},"geometry":{"type":"LineString","coordinates":[[2.13213,48.85425],[2.13219,48.85532],[2.13148,48.85818],[2.13021,48.8599],[2.12763,48.86098],[2.12319,48.86121]]}},
{"type":"Feature","properties":{"id":1043,"ligne":"TRAIN L","mode":"train","couleur":"#c4a4cc","deps":["78"],"epcis":["200058519"]},"geometry":{"type":"LineString","coordinates":[[2.12319,48.86121],[2.12036,48.86198],[2.11774,48.86335],[2.11438,48.86468],[2.11275,48.86622],[2.11174,48.86923],[2.11079,48.87006],[2.10962,48.87065],[2.1075,48.87109],[2.09972,48.87113],[2.09655,48.8715]]}},
{"type":"Feature","properties":{"id":1044,"ligne":"TRAIN L","mode":"train","couleur":"#c4a4cc","deps":["92"],"epcis":["200057982","200057990"]},"geometry":{"type":"LineString","coordinates":[[2.29742,48.89764],[2.28502,48.90491],[2.28302,48.90582]]}},
{"type":"Feature","properties":{"id":1045,"ligne":"TRAIN L","mode":"train","couleur":"#c4a4cc","deps":["92"],"epcis":["200057982","200057990"]},"geometry":{"type":"LineString","coordinates":[[2.26996,48.90576],[2.2492,48.89862]]}},
{"type":"Feature","properties":{"id":1046,"ligne":"TRAIN L","mode":"train","couleur":"#c4a4cc","deps":["92"],"epcis":["200057982"]},"geometry":{"type":"LineString","coordinates":[[2.2166,48.85607],[2.21771,48.84809],[2.21762,48.8461]]}},
{"type":"Feature","properties":{"id":1047,"ligne":"TRAIN L","mode":"train","couleur":"#c4a4cc","deps":["92"],"epcis":["200057982"]},"geometry":{"type":"LineString","coordinates":[[2.22103,48.87171],[2.21688,48.86094],[2.21645,48.85882],[2.2166,48.85607]]}},
{"type":"Feature","properties":{"id":1048,"ligne":"TRAIN H","mode":"train","couleur":"#84653d","deps":["95"],"epcis":["249500109"]},"geometry":{"type":"LineString","coordinates":[[2.10111,49.04565],[2.0952,49.04665]]}},
{"type":"Feature","properties":{"id":1049,"ligne":"TRAIN H","mode":"train","couleur":"#84653d","deps":["95"],"epcis":["249500489"]},"geometry":{"type":"LineString","coordinates":[[2.3623,49.16678],[2.35979,49.16306],[2.35806,49.1612],[2.35545,49.15936],[2.35165,49.15771],[2.34654,49.15664],[2.32483,49.15513]]}},
{"type":"Feature","properties":{"id":1050,"ligne":"TRAIN H","mode":"train","couleur":"#84653d","deps":["95"],"epcis":["249500430"]},"geometry":{"type":"LineString","coordinates":[[2.1417,49.06931],[2.14421,49.06975],[2.14687,49.06978],[2.15767,49.06831],[2.16322,49.06822],[2.16802,49.06876],[2.1753,49.07046]]}},
{"type":"Feature","properties":{"id":1051,"ligne":"TRAIN P","mode":"train","couleur":"#f58f53","deps":["77"],"epcis":["247700065"]},"geometry":{"type":"LineString","coordinates":[[3.07563,49.13547],[3.0748,49.12893],[3.07294,49.12374],[3.07016,49.1193],[3.05978,49.10591],[3.05833,49.10298],[3.05803,49.09994],[3.0586,49.09744],[3.06009,49.09476],[3.06269,49.09188]]}},
{"type":"Feature","properties":{"id":1052,"ligne":"TRAIN P","mode":"train","couleur":"#f58f53","deps":["77"],"epcis":["200023125","200070779","200072874","247700701"]},"geometry":{"type":"LineString","coordinates":[[2.82517,48.64437],[2.78305,48.66479],[2.78061,48.66694],[2.76975,48.68147],[2.76785,48.68357],[2.76471,48.68549],[2.75567,48.68841],[2.75238,48.68988],[2.7496,48.69173],[2.74126,48.69869],[2.73965,48.70087],[2.73856,48.70364],[2.73208,48.7409],[2.73066,48.74351],[2.72723,48.74645]]}},
{"type":"Feature","properties":{"id":1053,"ligne":"TRAIN P","mode":"train","couleur":"#f58f53","deps":["77"],"epcis":["247700701"]},"geometry":{"type":"LineString","coordinates":[[2.88825,48.61402],[2.82517,48.64437]]}},
{"type":"Feature","properties":{"id":1054,"ligne":"METRO 6","mode":"metro","couleur":"#82dc73","deps":["75"],"epcis":["75056"]},"geometry":{"type":"LineString","coordinates":[[2.28933,48.85394],[2.29231,48.85095],[2.29361,48.85043]]}},
{"type":"Feature","properties":{"id":1055,"ligne":"METRO 6","mode":"metro","couleur":"#82dc73","deps":["75"],"epcis":["75056"]},"geometry":{"type":"LineString","coordinates":[[2.30297,48.84751],[2.30953,48.84563]]}},
{"type":"Feature","properties":{"id":1056,"ligne":"TRAIN V","mode":"train","couleur":"#9f9825","deps":["91"],"epcis":["247800584"]},"geometry":{"type":"LineString","coordinates":[[2.19301,48.75884],[2.19721,48.75652],[2.19965,48.75548],[2.2131,48.75206],[2.21586,48.75102]]}},
{"type":"Feature","properties":{"id":1057,"ligne":"TRAM 1","mode":"tram","couleur":"#0055c8","deps":["93"],"epcis":["200057867"]},"geometry":{"type":"LineString","coordinates":[[2.37108,48.93359],[2.3704,48.9338],[2.36782,48.93563],[2.36457,48.93604],[2.36364,48.93639]]}},
{"type":"Feature","properties":{"id":1058,"ligne":"TRAM 1","mode":"tram","couleur":"#0055c8","deps":["93"],"epcis":["200057875","200058097"]},"geometry":{"type":"LineString","coordinates":[[2.42501,48.91584],[2.41769,48.91778]]}},
{"type":"Feature","properties":{"id":1059,"ligne":"TRAM 1","mode":"tram","couleur":"#0055c8","deps":["93"],"epcis":["200057875"]},"geometry":{"type":"LineString","coordinates":[[2.43749,48.90967],[2.43647,48.91209],[2.43542,48.9127]]}},
{"type":"Feature","properties":{"id":1060,"ligne":"TRAM 1","mode":"tram","couleur":"#0055c8","deps":["93"],"epcis":["200057875"]},"geometry":{"type":"LineString","coordinates":[[2.43862,48.90693],[2.43749,48.90967]]}},
{"type":"Feature","properties":{"id":1061,"ligne":"TRAM 1","mode":"tram","couleur":"#0055c8","deps":["93"],"epcis":["200057875"]},"geometry":{"type":"LineString","coordinates":[[2.41769,48.91778],[2.41384,48.91918]]}},
{"type":"Feature","properties":{"id":1062,"ligne":"TRAM 1","mode":"tram","couleur":"#0055c8","deps":["93"],"epcis":["200057867"]},"geometry":{"type":"LineString","coordinates":[[2.36079,48.93806],[2.35934,48.93872],[2.35585,48.93859]]}},
{"type":"Feature","properties":{"id":1063,"ligne":"TRAM 1","mode":"tram","couleur":"#0055c8","deps":["93"],"epcis":["200057867"]},"geometry":{"type":"LineString","coordinates":[[2.36364,48.93639],[2.36079,48.93806]]}},
{"type":"Feature","properties":{"id":1064,"ligne":"RER E","mode":"rer","couleur":"#b94e9a","deps":["93"],"epcis":["200058790"]},"geometry":{"type":"LineString","coordinates":[[2.48121,48.88253],[2.48447,48.87894],[2.48555,48.87718],[2.48624,48.87415],[2.48576,48.86991]]}},
{"type":"Feature","properties":{"id":1065,"ligne":"TRAIN J","mode":"train","couleur":"#cec73d","deps":["78"],"epcis":["200059889"]},"geometry":{"type":"LineString","coordinates":[[1.70302,48.9895],[1.69761,48.99172],[1.69553,48.99233],[1.6902,48.99348],[1.68487,48.99419],[1.64012,48.99562],[1.63474,48.99626],[1.63017,48.99739]]}},
{"type":"Feature","properties":{"id":1066,"ligne":"TRAIN J","mode":"train","couleur":"#cec73d","deps":["95"],"epcis":["200035970"]},"geometry":{"type":"LineString","coordinates":[[1.94933,49.12345],[1.94637,49.1298],[1.9408,49.13549],[1.93917,49.13828],[1.93883,49.14769],[1.94002,49.15115],[1.94009,49.15222],[1.9396,49.1537],[1.93732,49.15634],[1.93657,49.15791],[1.9364,49.1593],[1.93693,49.16267]]}},
{"type":"Feature","properties":{"id":1067,"ligne":"TRAIN J","mode":"train","couleur":"#cec73d","deps":["95"],"epcis":["200057990"]},"geometry":{"type":"LineString","coordinates":[[2.25508,48.95102],[2.25446,48.95313],[2.25294,48.95468],[2.25073,48.95566],[2.24763,48.95603],[2.24595,48.95587],[2.2442,48.95541],[2.23253,48.95065]]}},
{"type":"Feature","properties":{"id":1068,"ligne":"TRAIN J","mode":"train","couleur":"#cec73d","deps":["78"],"epcis":["200059889"]},"geometry":{"type":"LineString","coordinates":[[1.71521,48.98365],[1.71699,48.98295],[1.71943,48.98233],[1.72395,48.98199],[1.72999,48.98287],[1.73581,48.98458],[1.73878,48.98501],[1.74178,48.98501],[1.74779,48.98417]]}},
{"type":"Feature","properties":{"id":1069,"ligne":"TRAIN J","mode":"train","couleur":"#cec73d","deps":["78"],"epcis":["200059889"]},"geometry":{"type":"LineString","coordinates":[[1.74779,48.98417],[1.77811,48.97978],[1.78397,48.97929]]}},
{"type":"Feature","properties":{"id":1070,"ligne":"TRAIN J","mode":"train","couleur":"#cec73d","deps":["95"],"epcis":["200057990","200058485"]},"geometry":{"type":"LineString","coordinates":[[2.26383,48.97099],[2.2641,48.96873],[2.26362,48.96657],[2.25563,48.95435],[2.25509,48.9527],[2.25508,48.95102]]}},
{"type":"Feature","properties":{"id":1071,"ligne":"TRAIN J","mode":"train","couleur":"#cec73d","deps":["92"],"epcis":["200057990"]},"geometry":{"type":"LineString","coordinates":[[2.2716,48.91425],[2.26167,48.92124],[2.26036,48.92246],[2.25935,48.92392]]}},
{"type":"Feature","properties":{"id":1072,"ligne":"TRAIN J","mode":"train","couleur":"#cec73d","deps":["78"],"epcis":["200059889"]},"geometry":{"type":"LineString","coordinates":[[1.91353,48.99259],[1.92098,48.99496],[1.92531,48.99607],[1.92921,48.99669],[1.93364,48.99691],[1.93752,48.99672],[1.94104,48.99624],[1.95548,48.99261]]}},
{"type":"Feature","properties":{"id":1073,"ligne":"TRAIN J","mode":"train","couleur":"#cec73d","deps":["78"],"epcis":["200059889"]},"geometry":{"type":"LineString","coordinates":[[2.00593,48.98107],[2.00984,48.97553],[2.01141,48.97411],[2.01323,48.97298],[2.01559,48.97201],[2.01806,48.9714],[2.02752,48.97037]]}},
{"type":"Feature","properties":{"id":1074,"ligne":"TRAIN J","mode":"train","couleur":"#cec73d","deps":["78"],"epcis":["200059889","249500109"]},"geometry":{"type":"LineString","coordinates":[[2.05957,48.98664],[2.06028,48.98782],[2.06177,48.98927],[2.06361,48.99039],[2.06525,48.99104],[2.06847,48.99168],[2.07539,48.99196]]}},
{"type":"Feature","properties":{"id":1075,"ligne":"TER BOURGOGNE-FC","mode":"train","couleur":"#aaaaaa","deps":["77"],"epcis":["247700107"]},"geometry":{"type":"LineString","coordinates":[[3.07175,48.34261],[3.00285,48.3643],[2.99921,48.36503],[2.99624,48.36536],[2.98757,48.3654],[2.98237,48.36591],[2.97521,48.36614],[2.97178,48.36676],[2.96899,48.36782],[2.95063,48.37741],[2.94725,48.37853],[2.94252,48.37953]]}},
{"type":"Feature","properties":{"id":1076,"ligne":"TER BOURGOGNE-FC","mode":"train","couleur":"#aaaaaa","deps":["77"],"epcis":["200072346","247700032"]},"geometry":{"type":"LineString","coordinates":[[2.79634,48.37952],[2.80691,48.3743],[2.80835,48.37336],[2.80966,48.37203],[2.81075,48.36975],[2.81077,48.36774],[2.8098,48.36564],[2.808,48.36387],[2.77116,48.34546],[2.76784,48.34343],[2.76417,48.34059],[2.76004,48.33842],[2.75652,48.33724],[2.75096,48.33633],[2.738,48.33648]]}},
{"type":"Feature","properties":{"id":1077,"ligne":"TER BOURGOGNE-FC","mode":"train","couleur":"#aaaaaa","deps":["77"],"epcis":["200072346","247700032"]},"geometry":{"type":"LineString","coordinates":[[2.738,48.33648],[2.71893,48.33695],[2.71139,48.3367],[2.70489,48.33589],[2.70078,48.33508],[2.69248,48.33268]]}},
{"type":"Feature","properties":{"id":1078,"ligne":"TER BOURGOGNE-FC","mode":"train","couleur":"#aaaaaa","deps":["77"],"epcis":["200059228","247700057"]},"geometry":{"type":"LineString","coordinates":[[2.62552,48.53878],[2.61173,48.54815],[2.59756,48.56075],[2.59604,48.56245],[2.59455,48.56495]]}},
{"type":"Feature","properties":{"id":1079,"ligne":"TER BOURGOGNE-FC","mode":"train","couleur":"#aaaaaa","deps":["91"],"epcis":["200058477"]},"geometry":{"type":"LineString","coordinates":[[2.48424,48.70661],[2.47811,48.70573],[2.47341,48.70572],[2.46948,48.70628],[2.46228,48.70824]]}},
{"type":"Feature","properties":{"id":1080,"ligne":"TER BOURGOGNE-FC","mode":"train","couleur":"#aaaaaa","deps":["77"],"epcis":["247700032"]},"geometry":{"type":"LineString","coordinates":[[2.84204,48.38677],[2.83612,48.39062],[2.82988,48.39357],[2.82755,48.39412],[2.81619,48.39401],[2.81419,48.39356],[2.80844,48.39153],[2.80637,48.39114],[2.80395,48.39123],[2.80161,48.39196],[2.79972,48.39338],[2.79888,48.39501],[2.79896,48.39647],[2.80114,48.40229],[2.80094,48.4034],[2.79892,48.40728]]}},
{"type":"Feature","properties":{"id":1081,"ligne":"TER BOURGOGNE-FC","mode":"train","couleur":"#aaaaaa","deps":["77"],"epcis":["200072346"]},"geometry":{"type":"LineString","coordinates":[[2.753,48.4305],[2.75823,48.43982],[2.76072,48.44267]]}},
{"type":"Feature","properties":{"id":1082,"ligne":"CDGVAL","mode":"train","couleur":"#5cc5ed","deps":["93","95"],"epcis":["200055655","200058097"]},"geometry":{"type":"LineString","coordinates":[[2.54483,49.00898],[2.55909,49.01004],[2.56056,49.01]]}},
{"type":"Feature","properties":{"id":1083,"ligne":"TRAIN N","mode":"train","couleur":"#00b297","deps":["78"],"epcis":["200058782"]},"geometry":{"type":"LineString","coordinates":[[1.96003,48.83096],[1.97945,48.83049],[1.98251,48.83007],[1.98508,48.82929],[1.98758,48.82804],[1.99286,48.82365]]}},
{"type":"Feature","properties":{"id":1084,"ligne":"TRAIN N","mode":"train","couleur":"#00b297","deps":["78"],"epcis":["247800584"]},"geometry":{"type":"LineString","coordinates":[[2.04052,48.80725],[2.04511,48.80646],[2.04809,48.80533],[2.04996,48.80414],[2.05218,48.80209],[2.05534,48.79972],[2.058,48.7983],[2.06006,48.7977],[2.06233,48.79737],[2.06425,48.79734],[2.06649,48.79761]]}},
{"type":"Feature","properties":{"id":1085,"ligne":"TRAIN N","mode":"train","couleur":"#00b297","deps":["78"],"epcis":["247800618"]},"geometry":{"type":"LineString","coordinates":[[1.76458,48.81048],[1.81647,48.8026]]}},
{"type":"Feature","properties":{"id":1086,"ligne":"TRAIN N","mode":"train","couleur":"#00b297","deps":["78"],"epcis":["200034130","200059889"]},"geometry":{"type":"LineString","coordinates":[[1.85686,48.90955],[1.85489,48.91116],[1.85381,48.91253],[1.84674,48.92896],[1.84393,48.93395],[1.84052,48.93872]]}},
{"type":"Feature","properties":{"id":1087,"ligne":"TRAIN N","mode":"train","couleur":"#00b297","deps":["78"],"epcis":["200073344"]},"geometry":{"type":"LineString","coordinates":[[1.83294,48.64422],[1.83969,48.64898],[1.84137,48.65077],[1.8427,48.65286],[1.85659,48.6931]]}},
{"type":"Feature","properties":{"id":1088,"ligne":"TRAIN N","mode":"train","couleur":"#00b297","deps":["78"],"epcis":["200073344"]},"geometry":{"type":"LineString","coordinates":[[1.85659,48.6931],[1.85826,48.6969],[1.8617,48.70087],[1.87622,48.7123],[1.89,48.72192]]}},
{"type":"Feature","properties":{"id":1089,"ligne":"RER A","mode":"rer","couleur":"#eb2132","deps":["95"],"epcis":["249500109"]},"geometry":{"type":"LineString","coordinates":[[2.07953,49.03646],[2.08954,49.03075],[2.09073,49.02952],[2.09128,49.02778],[2.09081,49.02602],[2.08894,49.02282],[2.08774,49.02184],[2.07974,49.0172],[2.07858,49.01574],[2.07831,49.01413]]}},
{"type":"Feature","properties":{"id":1090,"ligne":"RER A","mode":"rer","couleur":"#eb2132","deps":["78"],"epcis":["200058519"]},"geometry":{"type":"LineString","coordinates":[[2.1346,48.89009],[2.1285,48.89205],[2.12615,48.89328],[2.12392,48.89514],[2.12212,48.89797]]}},
{"type":"Feature","properties":{"id":1091,"ligne":"RER A","mode":"rer","couleur":"#eb2132","deps":["78"],"epcis":["200058519"]},"geometry":{"type":"LineString","coordinates":[[2.09352,48.9554],[2.0972,48.95603],[2.10312,48.95785],[2.10914,48.95911],[2.11232,48.95942],[2.11711,48.95904],[2.12175,48.95815],[2.12618,48.95704],[2.12936,48.95558]]}},
{"type":"Feature","properties":{"id":1092,"ligne":"RER A","mode":"rer","couleur":"#eb2132","deps":["94"],"epcis":["200058006"]},"geometry":{"type":"LineString","coordinates":[[2.50748,48.77171],[2.50743,48.76938],[2.50566,48.76658],[2.50538,48.76523],[2.50572,48.76418],[2.50758,48.76116],[2.50773,48.7587],[2.50729,48.75723],[2.50456,48.75219]]}},
{"type":"Feature","properties":{"id":1093,"ligne":"RER A","mode":"rer","couleur":"#eb2132","deps":["94"],"epcis":["200057941"]},"geometry":{"type":"LineString","coordinates":[[2.4635,48.84379],[2.46568,48.84287],[2.46722,48.84189],[2.47031,48.83881],[2.47148,48.83687],[2.47168,48.83429]]}},
{"type":"Feature","properties":{"id":1094,"ligne":"RER A","mode":"rer","couleur":"#eb2132","deps":["94"],"epcis":["200057941"]},"geometry":{"type":"LineString","coordinates":[[2.48635,48.80538],[2.50393,48.80776],[2.50692,48.80773],[2.51031,48.80699]]}},
{"type":"Feature","properties":{"id":1095,"ligne":"RER A","mode":"rer","couleur":"#eb2132","deps":["77"],"epcis":["247700339"]},"geometry":{"type":"LineString","coordinates":[[2.78223,48.86995],[2.78078,48.86153],[2.78014,48.86006],[2.77817,48.85812],[2.77243,48.85482]]}},
{"type":"Feature","properties":{"id":1096,"ligne":"RER A","mode":"rer","couleur":"#eb2132","deps":["93","94"],"epcis":["200057941","200058790"]},"geometry":{"type":"LineString","coordinates":[[2.52562,48.84519],[2.5234,48.84703],[2.51667,48.85062],[2.51431,48.85291]]}},
{"type":"Feature","properties":{"id":1097,"ligne":"TRAIN K","mode":"train","couleur":"#9b9842","deps":["77"],"epcis":["200033090","200055655"]},"geometry":{"type":"LineString","coordinates":[[2.68025,49.00811],[2.69922,49.03228]]}},
{"type":"Feature","properties":{"id":1098,"ligne":"METRO 4","mode":"metro","couleur":"#a0006e","deps":["75"],"epcis":["75056"]},"geometry":{"type":"LineString","coordinates":[[2.34956,48.88671],[2.34963,48.89144]]}},
{"type":"Feature","properties":{"id":1099,"ligne":"METRO 8","mode":"metro","couleur":"#d282be","deps":["75"],"epcis":["75056"]},"geometry":{"type":"LineString","coordinates":[[2.3751,48.85152],[2.37222,48.85232],[2.36951,48.85344]]}},
{"type":"Feature","properties":{"id":1100,"ligne":"TER GRAND-EST","mode":"train","couleur":"#aaaaaa","deps":["94"],"epcis":["200057941"]},"geometry":{"type":"LineString","coordinates":[[2.48917,48.85427],[2.49363,48.84188],[2.49419,48.83934]]}},
{"type":"Feature","properties":{"id":1101,"ligne":"TER GRAND-EST","mode":"train","couleur":"#aaaaaa","deps":["94"],"epcis":["200057941"]},"geometry":{"type":"LineString","coordinates":[[2.51186,48.82485],[2.53474,48.82267],[2.53821,48.82267],[2.54268,48.82327]]}},
{"type":"Feature","properties":{"id":1102,"ligne":"TER GRAND-EST","mode":"train","couleur":"#aaaaaa","deps":["77"],"epcis":["200057958"]},"geometry":{"type":"LineString","coordinates":[[2.61919,48.80584],[2.65039,48.79565]]}},
{"type":"Feature","properties":{"id":1103,"ligne":"TER GRAND-EST","mode":"train","couleur":"#aaaaaa","deps":["77"],"epcis":["200072130"]},"geometry":{"type":"LineString","coordinates":[[2.95006,48.96023],[2.95342,48.96029],[2.95625,48.96066],[2.95897,48.96145],[2.96131,48.96256],[2.9635,48.96423],[2.97352,48.97436]]}},
{"type":"Feature","properties":{"id":1104,"ligne":"METRO 6","mode":"metro","couleur":"#82dc73","deps":["75"],"epcis":["75056"]},"geometry":{"type":"LineString","coordinates":[[2.28758,48.86361],[2.28468,48.85881],[2.28581,48.85745]]}},
{"type":"Feature","properties":{"id":1105,"ligne":"METRO 6","mode":"metro","couleur":"#82dc73","deps":["75"],"epcis":["75056"]},"geometry":{"type":"LineString","coordinates":[[2.40092,48.84134],[2.40211,48.84473],[2.40186,48.845],[2.40129,48.84506]]}},
{"type":"Feature","properties":{"id":1106,"ligne":"METRO 6","mode":"metro","couleur":"#82dc73","deps":["75"],"epcis":["75056"]},"geometry":{"type":"LineString","coordinates":[[2.35612,48.83093],[2.36286,48.83322]]}},
{"type":"Feature","properties":{"id":1107,"ligne":"METRO 6","mode":"metro","couleur":"#82dc73","deps":["75"],"epcis":["75056"]},"geometry":{"type":"LineString","coordinates":[[2.33075,48.83896],[2.33224,48.83502],[2.33285,48.83429]]}},
{"type":"Feature","properties":{"id":1108,"ligne":"METRO 6","mode":"metro","couleur":"#82dc73","deps":["75"],"epcis":["75056"]},"geometry":{"type":"LineString","coordinates":[[2.29893,48.84874],[2.30297,48.84751]]}},
{"type":"Feature","properties":{"id":1109,"ligne":"METRO 6","mode":"metro","couleur":"#82dc73","deps":["75"],"epcis":["75056"]},"geometry":{"type":"LineString","coordinates":[[2.29361,48.85043],[2.29893,48.84874]]}},
{"type":"Feature","properties":{"id":1110,"ligne":"METRO 6","mode":"metro","couleur":"#82dc73","deps":["75"],"epcis":["75056"]},"geometry":{"type":"LineString","coordinates":[[2.33285,48.83429],[2.33365,48.83388],[2.33714,48.8329]]}},
{"type":"Feature","properties":{"id":1111,"ligne":"METRO 6","mode":"metro","couleur":"#82dc73","deps":["75"],"epcis":["75056"]},"geometry":{"type":"LineString","coordinates":[[2.34351,48.83113],[2.34924,48.82957],[2.35041,48.82979]]}},
{"type":"Feature","properties":{"id":1112,"ligne":"TER GRAND-EST","mode":"train","couleur":"#aaaaaa","deps":["93"],"epcis":["200057875","200058790"]},"geometry":{"type":"LineString","coordinates":[[2.46112,48.8966],[2.46667,48.89574],[2.46907,48.89492],[2.47053,48.89409],[2.47197,48.89288],[2.48121,48.88253]]}},
{"type":"Feature","properties":{"id":1113,"ligne":"TER GRAND-EST","mode":"train","couleur":"#aaaaaa","deps":["77"],"epcis":["200023125","200057958"]},"geometry":{"type":"LineString","coordinates":[[2.65039,48.79565],[2.67843,48.78648],[2.68199,48.78492],[2.68399,48.78344],[2.68561,48.78138],[2.69025,48.77078]]}},
{"type":"Feature","properties":{"id":1114,"ligne":"TER GRAND-EST","mode":"train","couleur":"#aaaaaa","deps":["93"],"epcis":["200057875","200058790"]},"geometry":{"type":"LineString","coordinates":[[2.48021,48.89395],[2.50856,48.88999],[2.51316,48.88887]]}},
{"type":"Feature","properties":{"id":1115,"ligne":"TER GRAND-EST","mode":"train","couleur":"#aaaaaa","deps":["77"],"epcis":["200023125"]},"geometry":{"type":"LineString","coordinates":[[2.75882,48.73949],[2.74911,48.7426],[2.74611,48.74328],[2.74278,48.74349],[2.73525,48.74309],[2.73236,48.74346],[2.73026,48.74418],[2.72723,48.74645]]}},
{"type":"Feature","properties":{"id":1116,"ligne":"TER GRAND-EST","mode":"train","couleur":"#aaaaaa","deps":["77"],"epcis":["200037133"]},"geometry":{"type":"LineString","coordinates":[[3.25537,48.52915],[3.25799,48.53023],[3.263,48.53093],[3.26508,48.53194],[3.2666,48.5337],[3.26704,48.5366],[3.26765,48.53803],[3.26863,48.53913],[3.27078,48.54062],[3.27249,48.54124],[3.27644,48.54158],[3.27824,48.54197],[3.28668,48.5453]]}},
{"type":"Feature","properties":{"id":1117,"ligne":"TER HAUTS-DE-FRANCE","mode":"train","couleur":"#aaaaaa","deps":["93"],"epcis":["200057867"]},"geometry":{"type":"LineString","coordinates":[[2.34461,48.93884],[2.34341,48.94171],[2.34233,48.94316],[2.33642,48.94783]]}},
{"type":"Feature","properties":{"id":1118,"ligne":"TER","mode":"train","couleur":"#888888","deps":["95"],"epcis":["249500109"]},"geometry":{"type":"LineString","coordinates":[[2.10346,49.03896],[2.10462,49.04211],[2.10466,49.04324],[2.10429,49.044],[2.10342,49.04481],[2.10111,49.04565]]}},
{"type":"Feature","properties":{"id":1119,"ligne":"TER","mode":"train","couleur":"#888888","deps":["91"],"epcis":["200056232"]},"geometry":{"type":"LineString","coordinates":[[2.23084,48.74085],[2.23178,48.73621],[2.23328,48.73403],[2.23455,48.73316],[2.23617,48.73245],[2.24383,48.73084],[2.24568,48.73003],[2.24728,48.72855],[2.24828,48.72539],[2.24971,48.724],[2.25199,48.72332],[2.2544,48.72346],[2.25612,48.72419],[2.25832,48.726]]}},
{"type":"Feature","properties":{"id":1120,"ligne":"TER","mode":"train","couleur":"#888888","deps":["95"],"epcis":["200058485"]},"geometry":{"type":"LineString","coordinates":[[2.21025,49.03531],[2.21813,49.02723],[2.21955,49.02624],[2.22232,49.02496]]}},
{"type":"Feature","properties":{"id":1121,"ligne":"TER","mode":"train","couleur":"#888888","deps":["78"],"epcis":["247800584"]},"geometry":{"type":"LineString","coordinates":[[2.14697,48.77163],[2.14687,48.77009],[2.14743,48.76887],[2.1486,48.76766],[2.1498,48.76697],[2.15139,48.76645],[2.15891,48.765],[2.16395,48.76478]]}},
{"type":"Feature","properties":{"id":1122,"ligne":"TER","mode":"train","couleur":"#888888","deps":["91"],"epcis":["247800584"]},"geometry":{"type":"LineString","coordinates":[[2.19301,48.75884],[2.19721,48.75652],[2.19965,48.75548],[2.2131,48.75206],[2.21586,48.75102]]}},
{"type":"Feature","properties":{"id":1123,"ligne":"TER","mode":"train","couleur":"#888888","deps":["95"],"epcis":["249500489"]},"geometry":{"type":"LineString","coordinates":[[2.28175,49.14897],[2.27782,49.14772]]}},
{"type":"Feature","properties":{"id":1124,"ligne":"TER HAUTS-DE-FRANCE","mode":"train","couleur":"#888888","deps":[],"epcis":[]},"geometry":{"type":"LineString","coordinates":[[2.74469,49.09612],[2.79445,49.14288]]}},
{"type":"Feature","properties":{"id":1125,"ligne":"TER","mode":"train","couleur":"#888888","deps":["78"],"epcis":["200034130","200059889"]},"geometry":{"type":"LineString","coordinates":[[1.85686,48.90955],[1.85489,48.91116],[1.85381,48.91253],[1.84674,48.92896],[1.84393,48.93395],[1.84052,48.93872]]}},
{"type":"Feature","properties":{"id":1126,"ligne":"TER NORMANDIE","mode":"train","couleur":"#aaaaaa","deps":["75","92"],"epcis":["200057982","75056"]},"geometry":{"type":"LineString","coordinates":[[2.31373,48.88822],[2.29742,48.89764]]}},
{"type":"Feature","properties":{"id":1127,"ligne":"TER NORMANDIE","mode":"train","couleur":"#aaaaaa","deps":["78"],"epcis":["200059889"]},"geometry":{"type":"LineString","coordinates":[[2.02752,48.97037],[2.03346,48.96999],[2.03854,48.97052],[2.04367,48.97202],[2.04867,48.9746]]}},
{"type":"Feature","properties":{"id":1128,"ligne":"TER NORMANDIE","mode":"train","couleur":"#aaaaaa","deps":["78"],"epcis":["200059889"]},"geometry":{"type":"LineString","coordinates":[[1.96355,49.00713],[1.97151,49.00422],[1.98093,48.99898],[2.00078,48.98474],[2.00433,48.98248],[2.00593,48.98107]]}},
{"type":"Feature","properties":{"id":1129,"ligne":"TER NORMANDIE","mode":"train","couleur":"#aaaaaa","deps":["92"],"epcis":["200057982","200057990"]},"geometry":{"type":"LineString","coordinates":[[2.29742,48.89764],[2.2832,48.90598]]}},
{"type":"Feature","properties":{"id":1130,"ligne":"TER NORMANDIE","mode":"train","couleur":"#aaaaaa","deps":["78"],"epcis":["200059889"]},"geometry":{"type":"LineString","coordinates":[[1.71699,48.98295],[1.72886,48.9783],[1.73357,48.97561],[1.73857,48.97197],[1.74226,48.97008],[1.74926,48.9672],[1.75571,48.96545],[1.76334,48.96432],[1.77361,48.96363],[1.79934,48.96311],[1.80909,48.96334]]}},
{"type":"Feature","properties":{"id":1131,"ligne":"TER NORMANDIE","mode":"train","couleur":"#aaaaaa","deps":["78"],"epcis":["200059889"]},"geometry":{"type":"LineString","coordinates":[[1.74779,48.98417],[1.77811,48.97978],[1.78397,48.97929]]}},
{"type":"Feature","properties":{"id":1132,"ligne":"TER NORMANDIE","mode":"train","couleur":"#aaaaaa","deps":["78"],"epcis":["200059889"]},"geometry":{"type":"LineString","coordinates":[[1.84513,48.99224],[1.8512,48.99166],[1.85433,48.99175],[1.86752,48.9945],[1.88607,48.9999],[1.89138,49.00123],[1.89368,49.00227],[1.8974,49.00444],[1.90178,49.00576]]}},
{"type":"Feature","properties":{"id":1133,"ligne":"TER NORMANDIE","mode":"train","couleur":"#aaaaaa","deps":["78"],"epcis":["200059889","249500109"]},"geometry":{"type":"LineString","coordinates":[[2.05957,48.98664],[2.06028,48.98782],[2.06177,48.98927],[2.06361,48.99039],[2.06525,48.99104],[2.06847,48.99168],[2.07539,48.99196]]}},
{"type":"Feature","properties":{"id":1134,"ligne":"TER NORMANDIE","mode":"train","couleur":"#aaaaaa","deps":["78"],"epcis":["200059889"]},"geometry":{"type":"LineString","coordinates":[[1.78397,48.97929],[1.78961,48.97934],[1.79558,48.97995],[1.79962,48.98072],[1.80891,48.98298]]}},
{"type":"Feature","properties":{"id":1135,"ligne":"TER","mode":"train","couleur":"#ffcc30","deps":["92","93"],"epcis":["200057867","200057990"]},"geometry":{"type":"LineString","coordinates":[[2.30794,48.9329],[2.30154,48.94622],[2.30131,48.94842],[2.30235,48.9535]]}},
{"type":"Feature","properties":{"id":1136,"ligne":"RER C","mode":"rer","couleur":"#ffcc30","deps":["95"],"epcis":["200058485"]},"geometry":{"type":"LineString","coordinates":[[2.23428,48.99371],[2.1965,49.00777]]}},
{"type":"Feature","properties":{"id":1137,"ligne":"RER C","mode":"rer","couleur":"#ffcc30","deps":["91"],"epcis":["200056232","200057859"]},"geometry":{"type":"LineString","coordinates":[[2.33262,48.66948],[2.33016,48.66887],[2.32772,48.66792],[2.32381,48.66551],[2.32205,48.66344],[2.3205,48.6598],[2.3186,48.657],[2.31577,48.65453],[2.31274,48.65281]]}},
{"type":"Feature","properties":{"id":1138,"ligne":"RER C","mode":"rer","couleur":"#ffcc30","deps":["91"],"epcis":["200058014"]},"geometry":{"type":"LineString","coordinates":[[2.35248,48.67645],[2.35408,48.6777],[2.35589,48.67867],[2.36497,48.6815],[2.37167,48.68504],[2.3796,48.6877],[2.38285,48.68976]]}},
{"type":"Feature","properties":{"id":1139,"ligne":"RER C","mode":"rer","couleur":"#ffcc30","deps":["94"],"epcis":["200058014"]},"geometry":{"type":"LineString","coordinates":[[2.41957,48.72554],[2.42398,48.72911],[2.42625,48.73238],[2.42679,48.73384],[2.42713,48.73632],[2.4264,48.73983]]}},
{"type":"Feature","properties":{"id":1140,"ligne":"RER C","mode":"rer","couleur":"#ffcc30","deps":["91"],"epcis":["200056232","200058014"]},"geometry":{"type":"LineString","coordinates":[[2.34449,48.67078],[2.34204,48.67026],[2.33262,48.66948]]}},
{"type":"Feature","properties":{"id":1141,"ligne":"TER NORMANDIE","mode":"train","couleur":"#aaaaaa","deps":["95"],"epcis":["200056380","200058485"]},"geometry":{"type":"LineString","coordinates":[[2.29217,48.97952],[2.28812,48.98019],[2.28392,48.98054],[2.27675,48.98047],[2.27208,48.98065]]}},
{"type":"Feature","properties":{"id":1142,"ligne":"TER","mode":"train","couleur":"#aaaaaa","deps":["95"],"epcis":["249500109"]},"geometry":{"type":"LineString","coordinates":[[2.10111,49.04565],[2.0952,49.04665]]}},
{"type":"Feature","properties":{"id":1143,"ligne":"TRAIN L","mode":"train","couleur":"#c4a4cc","deps":["92"],"epcis":["200057982","200057990"]},"geometry":{"type":"LineString","coordinates":[[2.2133,48.90131],[2.21821,48.90257],[2.23237,48.907],[2.23968,48.90963]]}},
{"type":"Feature","properties":{"id":1144,"ligne":"TRAIN N","mode":"train","couleur":"#00b297","deps":[],"epcis":[]},"geometry":{"type":"LineString","coordinates":[[1.51364,48.76835],[1.50051,48.76416],[1.45288,48.75314],[1.44969,48.7528],[1.44688,48.75291],[1.44465,48.75328],[1.43649,48.75547],[1.43348,48.75578],[1.43119,48.7557],[1.42685,48.75484],[1.42153,48.75261],[1.41929,48.75196],[1.40276,48.74885],[1.39936,48.74775],[1.39622,48.74619],[1.38437,48.73735],[1.38158,48.73564],[1.37047,48.73118]]}},
{"type":"Feature","properties":{"id":1145,"ligne":"TRAIN J","mode":"train","couleur":"#cec73d","deps":["95"],"epcis":["200035970"]},"geometry":{"type":"LineString","coordinates":[[1.93693,49.16267],[1.93685,49.16467],[1.93567,49.16853],[1.93497,49.16978],[1.93283,49.17207],[1.92997,49.17946],[1.9279,49.18169],[1.92303,49.1846],[1.92145,49.18592],[1.92056,49.18709],[1.91859,49.19366],[1.91864,49.19504],[1.92061,49.20229]]}},
{"type":"Feature","properties":{"id":1146,"ligne":"TRAIN J","mode":"train","couleur":"#cec73d","deps":[],"epcis":[]},"geometry":{"type":"LineString","coordinates":[[1.92061,49.20229],[1.92103,49.20535],[1.91974,49.2078],[1.91778,49.20935],[1.91244,49.21202],[1.90957,49.21397],[1.90758,49.21622],[1.90549,49.22067]]}},
{"type":"Feature","properties":{"id":1147,"ligne":"TER CENTRE-VDL","mode":"train","couleur":"#aaaaaa","deps":["91"],"epcis":["249100595"]},"geometry":{"type":"LineString","coordinates":[[1.9959,48.53562],[2.00877,48.53373]]}},
{"type":"Feature","properties":{"id":1148,"ligne":"TER CENTRE-VDL","mode":"train","couleur":"#aaaaaa","deps":["91"],"epcis":["249100595"]},"geometry":{"type":"LineString","coordinates":[[2.00877,48.53373],[2.02404,48.53142],[2.03262,48.53107],[2.06476,48.53434],[2.06715,48.53487],[2.06938,48.53581]]}},
{"type":"Feature","properties":{"id":1149,"ligne":"TER CENTRE-VDL","mode":"train","couleur":"#aaaaaa","deps":["91"],"epcis":["200057859"]},"geometry":{"type":"LineString","coordinates":[[2.17038,48.56433],[2.17513,48.56662],[2.18278,48.57293],[2.19206,48.57751]]}},
{"type":"Feature","properties":{"id":1150,"ligne":"TER CENTRE-VDL","mode":"train","couleur":"#aaaaaa","deps":["91","94"],"epcis":["200058014"]},"geometry":{"type":"LineString","coordinates":[[2.40363,48.71263],[2.40619,48.71453],[2.41427,48.71957],[2.41568,48.7209],[2.41769,48.72377],[2.41957,48.72554]]}},
{"type":"Feature","properties":{"id":1151,"ligne":"TER CENTRE-VDL","mode":"train","couleur":"#aaaaaa","deps":["91"],"epcis":["249100553"]},"geometry":{"type":"LineString","coordinates":[[2.29008,48.53289],[2.28855,48.53145],[2.28685,48.53035],[2.28301,48.52895],[2.27925,48.52844],[2.27233,48.52852],[2.26996,48.52818],[2.26725,48.52744],[2.2642,48.52613],[2.25787,48.52195],[2.25474,48.5204]]}},
{"type":"Feature","properties":{"id":1152,"ligne":"TER CENTRE-VDL","mode":"train","couleur":"#aaaaaa","deps":["91"],"epcis":["200057859"]},"geometry":{"type":"LineString","coordinates":[[2.29795,48.59906],[2.29229,48.58847],[2.29035,48.58262],[2.28988,48.57695],[2.29092,48.56559]]}},
{"type":"Feature","properties":{"id":1153,"ligne":"TER BOURGOGNE-FC","mode":"train","couleur":"#aaaaaa","deps":[],"epcis":[]},"geometry":{"type":"LineString","coordinates":[[3.20177,48.28628],[3.20306,48.28423],[3.20532,48.28225],[3.20759,48.28103],[3.21362,48.27864],[3.21631,48.27713],[3.22461,48.27076],[3.22796,48.26779],[3.2305,48.26477],[3.25031,48.23808],[3.25979,48.22808],[3.26141,48.22563],[3.2625,48.2229],[3.26737,48.19836]]}},
{"type":"Feature","properties":{"id":1154,"ligne":"TER BOURGOGNE-FC","mode":"train","couleur":"#aaaaaa","deps":["94"],"epcis":["200057941","200058006"]},"geometry":{"type":"LineString","coordinates":[[2.43531,48.77127],[2.43603,48.7732],[2.43598,48.77555],[2.43487,48.78149],[2.43224,48.78847]]}},
{"type":"Feature","properties":{"id":1155,"ligne":"TER BOURGOGNE-FC","mode":"train","couleur":"#aaaaaa","deps":["94"],"epcis":["200057941","200058006"]},"geometry":{"type":"LineString","coordinates":[[2.43224,48.78847],[2.43023,48.79339],[2.42967,48.79709],[2.42648,48.80205]]}},
{"type":"Feature","properties":{"id":1156,"ligne":"TER BOURGOGNE-FC","mode":"train","couleur":"#aaaaaa","deps":["75","94"],"epcis":["200057941","200058006","75056"]},"geometry":{"type":"LineString","coordinates":[[2.42648,48.80205],[2.42363,48.80881],[2.42275,48.80983],[2.41962,48.81219],[2.41773,48.81399],[2.41356,48.81944],[2.40932,48.82257],[2.40434,48.82469],[2.40157,48.82627],[2.39901,48.82843],[2.39779,48.83081],[2.39701,48.83171],[2.39236,48.83457],[2.39035,48.83632]]}},
{"type":"Feature","properties":{"id":1157,"ligne":"TRAIN K","mode":"train","couleur":"#9b9842","deps":[],"epcis":[]},"geometry":{"type":"LineString","coordinates":[[2.79445,49.14288],[2.8028,49.15071],[2.82434,49.18729],[2.82683,49.1908],[2.82967,49.19401],[2.8337,49.19756],[2.83811,49.20088]]}},
{"type":"Feature","properties":{"id":1158,"ligne":"TRAIN P","mode":"train","couleur":"#f58f53","deps":["93"],"epcis":["200057875","200058790"]},"geometry":{"type":"LineString","coordinates":[[2.46112,48.8966],[2.46667,48.89574],[2.46907,48.89492],[2.47053,48.89409],[2.47197,48.89288],[2.48121,48.88253]]}},
{"type":"Feature","properties":{"id":1159,"ligne":"TRAIN P","mode":"train","couleur":"#f58f53","deps":["77","93"],"epcis":["200057958","200058790"]},"geometry":{"type":"LineString","coordinates":[[2.57984,48.82315],[2.60426,48.81096],[2.60798,48.80952],[2.61919,48.80584]]}},
{"type":"Feature","properties":{"id":1160,"ligne":"TRAIN P","mode":"train","couleur":"#f58f53","deps":["94"],"epcis":["200057941"]},"geometry":{"type":"LineString","coordinates":[[2.51186,48.82485],[2.53474,48.82267],[2.53821,48.82267],[2.54268,48.82327]]}},
{"type":"Feature","properties":{"id":1161,"ligne":"TRAIN R","mode":"train","couleur":"#f49fb3","deps":[],"epcis":[]},"geometry":{"type":"LineString","coordinates":[[2.7721,48.09589],[2.76668,48.07968],[2.76523,48.07275],[2.76295,48.06675],[2.76039,48.05696],[2.7538,48.04483],[2.74847,48.03868],[2.74039,48.0259],[2.73909,48.02312],[2.73872,48.02073],[2.73901,48.01834],[2.74319,48.0066]]}},
{"type":"Feature","properties":{"id":1162,"ligne":"TRAIN R","mode":"train","couleur":"#f49fb3","deps":["94"],"epcis":["200058006","200058014"]},"geometry":{"type":"LineString","coordinates":[[2.43867,48.7445],[2.43738,48.74807],[2.4344,48.75175],[2.43387,48.75316],[2.43345,48.76733],[2.43398,48.76926],[2.43531,48.77127]]}},
{"type":"Feature","properties":{"id":1163,"ligne":"METRO 8","mode":"metro","couleur":"#d282be","deps":["75"],"epcis":["75056"]},"geometry":{"type":"LineString","coordinates":[[2.33846,48.87169],[2.33119,48.87048]]}},
{"type":"Feature","properties":{"id":1164,"ligne":"METRO 8","mode":"metro","couleur":"#d282be","deps":["94"],"epcis":["200057941"]},"geometry":{"type":"LineString","coordinates":[[2.43451,48.80914],[2.42634,48.81352],[2.42238,48.8148]]}},
{"type":"Feature","properties":{"id":1165,"ligne":"METRO 8","mode":"metro","couleur":"#d282be","deps":["94"],"epcis":["200057941"]},"geometry":{"type":"LineString","coordinates":[[2.42238,48.8148],[2.41949,48.81597],[2.41483,48.82076],[2.41313,48.8219]]}},
{"type":"Feature","properties":{"id":1166,"ligne":"METRO 8","mode":"metro","couleur":"#d282be","deps":["75"],"epcis":["75056"]},"geometry":{"type":"LineString","coordinates":[[2.33119,48.87048],[2.32627,48.86963]]}},
{"type":"Feature","properties":{"id":1167,"ligne":"METRO 8","mode":"metro","couleur":"#d282be","deps":["94"],"epcis":["200058006"]},"geometry":{"type":"LineString","coordinates":[[2.45051,48.78992],[2.44899,48.79157],[2.44842,48.79272],[2.44844,48.79385],[2.44941,48.79668]]}},
{"type":"Feature","properties":{"id":1168,"ligne":"RER D","mode":"rer","couleur":"#008b5b","deps":["75","93"],"epcis":["200057867","75056"]},"geometry":{"type":"LineString","coordinates":[[2.35757,48.88176],[2.35798,48.88416],[2.35732,48.88955],[2.35457,48.89659],[2.35039,48.91757]]}},
{"type":"Feature","properties":{"id":1169,"ligne":"RER D","mode":"rer","couleur":"#008b5b","deps":["77"],"epcis":["200059228"]},"geometry":{"type":"LineString","coordinates":[[2.56958,48.62838],[2.55753,48.65495],[2.54755,48.6679]]}},
{"type":"Feature","properties":{"id":1170,"ligne":"RER D","mode":"rer","couleur":"#008b5b","deps":["91"],"epcis":["200059228"]},"geometry":{"type":"LineString","coordinates":[[2.47023,48.62029],[2.47326,48.61836],[2.47441,48.61693],[2.47443,48.61515],[2.47293,48.61343]]}},
{"type":"Feature","properties":{"id":1171,"ligne":"TER CENTRE-VDL","mode":"train","couleur":"#aaaaaa","deps":["78"],"epcis":["200058782","247800618"]},"geometry":{"type":"LineString","coordinates":[[1.9246,48.83351],[1.9444,48.83192]]}},
{"type":"Feature","properties":{"id":1172,"ligne":"TER CENTRE-VDL","mode":"train","couleur":"#aaaaaa","deps":["78"],"epcis":["200058782"]},"geometry":{"type":"LineString","coordinates":[[1.9444,48.83192],[1.95386,48.83115],[1.96003,48.83096]]}},
{"type":"Feature","properties":{"id":1173,"ligne":"TER CENTRE-VDL","mode":"train","couleur":"#aaaaaa","deps":["78"],"epcis":["247800550"]},"geometry":{"type":"LineString","coordinates":[[1.6027,48.79603],[1.61325,48.79576],[1.61638,48.7963],[1.61949,48.79745],[1.62265,48.7996],[1.63202,48.80865],[1.65201,48.82292],[1.65441,48.82409],[1.66901,48.82943]]}},
{"type":"Feature","properties":{"id":1174,"ligne":"TER CENTRE-VDL","mode":"train","couleur":"#aaaaaa","deps":["78"],"epcis":["247800584"]},"geometry":{"type":"LineString","coordinates":[[2.13516,48.79514],[2.13794,48.79552],[2.14214,48.79572]]}},
{"type":"Feature","properties":{"id":1175,"ligne":"TER CENTRE-VDL","mode":"train","couleur":"#aaaaaa","deps":["78"],"epcis":["200058782","247800584"]},"geometry":{"type":"LineString","coordinates":[[2.04462,48.78739],[2.06207,48.79614],[2.06649,48.79761]]}},
{"type":"Feature","properties":{"id":1176,"ligne":"TER CENTRE-VDL","mode":"train","couleur":"#aaaaaa","deps":["78"],"epcis":["247800618"]},"geometry":{"type":"LineString","coordinates":[[1.81647,48.8026],[1.82072,48.80229],[1.82384,48.80235],[1.86185,48.80518],[1.86468,48.80558],[1.8681,48.80668],[1.87106,48.80847],[1.8775,48.81533]]}},
{"type":"Feature","properties":{"id":1177,"ligne":"TER CENTRE-VDL","mode":"train","couleur":"#aaaaaa","deps":["78"],"epcis":["247800584"]},"geometry":{"type":"LineString","coordinates":[[2.14214,48.79572],[2.15248,48.79632],[2.15993,48.79811],[2.16705,48.80024],[2.17139,48.80072]]}},
{"type":"Feature","properties":{"id":1178,"ligne":"TER CENTRE-VDL","mode":"train","couleur":"#aaaaaa","deps":["78"],"epcis":["200073344"]},"geometry":{"type":"LineString","coordinates":[[1.85659,48.6931],[1.85826,48.6969],[1.8617,48.70087],[1.87622,48.7123],[1.89,48.72192]]}},
{"type":"Feature","properties":{"id":1179,"ligne":"RER E","mode":"rer","couleur":"#b94e9a","deps":["77"],"epcis":["200023125","200057958"]},"geometry":{"type":"LineString","coordinates":[[2.65039,48.79565],[2.67843,48.78648],[2.68199,48.78492],[2.68399,48.78344],[2.68561,48.78138],[2.69025,48.77078]]}},
{"type":"Feature","properties":{"id":1180,"ligne":"METRO 1","mode":"metro","couleur":"#ffbe00","deps":["75"],"epcis":["75056"]},"geometry":{"type":"LineString","coordinates":[[2.3365,48.86235],[2.33013,48.86434]]}},
{"type":"Feature","properties":{"id":1181,"ligne":"METRO 1","mode":"metro","couleur":"#ffbe00","deps":["75"],"epcis":["75056"]},"geometry":{"type":"LineString","coordinates":[[2.36867,48.85201],[2.36817,48.85227],[2.36807,48.8533],[2.36628,48.85356],[2.36096,48.85524]]}},
{"type":"Feature","properties":{"id":1182,"ligne":"METRO 1","mode":"metro","couleur":"#ffbe00","deps":["75"],"epcis":["75056"]},"geometry":{"type":"LineString","coordinates":[[2.38524,48.84718],[2.37377,48.84587]]}},
{"type":"Feature","properties":{"id":1183,"ligne":"METRO 1","mode":"metro","couleur":"#ffbe00","deps":["92"],"epcis":["200057982"]},"geometry":{"type":"LineString","coordinates":[[2.24979,48.88814],[2.23702,48.89219]]}},
{"type":"Feature","properties":{"id":1184,"ligne":"TRAIN J","mode":"train","couleur":"#888888","deps":["78","92","95"],"epcis":["200057982","200057990","200058519"]},"geometry":{"type":"LineString","coordinates":[[2.18535,48.92038],[2.20892,48.90898],[2.2128,48.90767],[2.21795,48.90664],[2.22161,48.90634],[2.2248,48.90634],[2.23105,48.90692],[2.25108,48.91312],[2.25369,48.91367],[2.25824,48.914],[2.26393,48.91378],[2.26966,48.91274],[2.27306,48.91162],[2.27928,48.90857]]}},
{"type":"Feature","properties":{"id":1185,"ligne":"METRO 9","mode":"metro","couleur":"#d2d200","deps":["75","92"],"epcis":["200057974","75056"]},"geometry":{"type":"LineString","coordinates":[[2.24358,48.83363],[2.25652,48.83761],[2.25712,48.83796]]}},
{"type":"Feature","properties":{"id":1186,"ligne":"METRO 9","mode":"metro","couleur":"#d2d200","deps":["75","93"],"epcis":["200057875","75056"]},"geometry":{"type":"LineString","coordinates":[[2.41189,48.85377],[2.42298,48.85573]]}},
{"type":"Feature","properties":{"id":1187,"ligne":"METRO 9","mode":"metro","couleur":"#d2d200","deps":["75"],"epcis":["75056"]},"geometry":{"type":"LineString","coordinates":[[2.33886,48.87219],[2.34456,48.87126]]}},
{"type":"Feature","properties":{"id":1188,"ligne":"METRO 10","mode":"metro","couleur":"#dc9600","deps":["75"],"epcis":["75056"]},"geometry":{"type":"LineString","coordinates":[[2.35162,48.84666],[2.34924,48.84968],[2.34821,48.85009]]}},
{"type":"Feature","properties":{"id":1189,"ligne":"METRO 10","mode":"metro","couleur":"#dc9600","deps":["75"],"epcis":["75056"]},"geometry":{"type":"LineString","coordinates":[[2.26644,48.8452],[2.26162,48.84525]]}},
{"type":"Feature","properties":{"id":1190,"ligne":"METRO 10","mode":"metro","couleur":"#dc9600","deps":["75"],"epcis":["75056"]},"geometry":{"type":"LineString","coordinates":[[2.3074,48.84707],[2.30132,48.8509],[2.30049,48.85085],[2.29863,48.84958]]}},
{"type":"Feature","properties":{"id":1191,"ligne":"METRO 10","mode":"metro","couleur":"#dc9600","deps":["75"],"epcis":["75056"]},"geometry":{"type":"LineString","coordinates":[[2.32126,48.84882],[2.31701,48.84699]]}},
{"type":"Feature","properties":{"id":1192,"ligne":"METRO 10","mode":"metro","couleur":"#dc9600","deps":["75"],"epcis":["75056"]},"geometry":{"type":"LineString","coordinates":[[2.27276,48.84713],[2.27112,48.84663]]}},
{"type":"Feature","properties":{"id":1193,"ligne":"METRO 14","mode":"metro","couleur":"#640082","deps":["75"],"epcis":["75056"]},"geometry":{"type":"LineString","coordinates":[[2.34648,48.85959],[2.34533,48.86067],[2.34384,48.86159],[2.33674,48.86412],[2.33419,48.86591]]}},
{"type":"Feature","properties":{"id":1194,"ligne":"METRO 14","mode":"metro","couleur":"#640082","deps":["75"],"epcis":["75056"]},"geometry":{"type":"LineString","coordinates":[[2.37575,48.82999],[2.37979,48.83182],[2.38497,48.83257],[2.38663,48.83334]]}},
{"type":"Feature","properties":{"id":1195,"ligne":"METRO 12","mode":"metro","couleur":"#00643c","deps":["75"],"epcis":["75056"]},"geometry":{"type":"LineString","coordinates":[[2.28802,48.83245],[2.29248,48.83532],[2.29623,48.8371]]}},
{"type":"Feature","properties":{"id":1196,"ligne":"TRAIN P","mode":"train","couleur":"#f58f53","deps":["77"],"epcis":["200023125"]},"geometry":{"type":"LineString","coordinates":[[2.75882,48.73949],[2.74911,48.7426],[2.74611,48.74328],[2.74278,48.74349],[2.73525,48.74309],[2.73236,48.74346],[2.73026,48.74418],[2.72723,48.74645]]}},
{"type":"Feature","properties":{"id":1197,"ligne":"TRAIN P","mode":"train","couleur":"#f58f53","deps":["93"],"epcis":["200057875","200058790"]},"geometry":{"type":"LineString","coordinates":[[2.48021,48.89395],[2.50856,48.88999],[2.51316,48.88887]]}},
{"type":"Feature","properties":{"id":1198,"ligne":"TRAIN P","mode":"train","couleur":"#f58f53","deps":["93"],"epcis":["200058790"]},"geometry":{"type":"LineString","coordinates":[[2.51316,48.88887],[2.52543,48.88373]]}},
{"type":"Feature","properties":{"id":1199,"ligne":"TRAIN P","mode":"train","couleur":"#f58f53","deps":["75","93"],"epcis":["200057875","75056"]},"geometry":{"type":"LineString","coordinates":[[2.37382,48.89658],[2.37702,48.8974],[2.37915,48.89766],[2.40036,48.89811]]}},
{"type":"Feature","properties":{"id":1200,"ligne":"TRAIN N","mode":"train","couleur":"#00b297","deps":["78"],"epcis":["200058782","247800584"]},"geometry":{"type":"LineString","coordinates":[[2.04462,48.78739],[2.06207,48.79614],[2.06649,48.79761]]}},
{"type":"Feature","properties":{"id":1201,"ligne":"METRO 13","mode":"metro","couleur":"#82c8e6","deps":["75"],"epcis":["75056"]},"geometry":{"type":"LineString","coordinates":[[2.31441,48.85144],[2.31506,48.85687]]}},
{"type":"Feature","properties":{"id":1202,"ligne":"METRO 13","mode":"metro","couleur":"#82c8e6","deps":["75"],"epcis":["75056"]},"geometry":{"type":"LineString","coordinates":[[2.31412,48.83183],[2.31862,48.83423]]}},
{"type":"Feature","properties":{"id":1203,"ligne":"METRO 13","mode":"metro","couleur":"#82c8e6","deps":["75"],"epcis":["75056"]},"geometry":{"type":"LineString","coordinates":[[2.30553,48.8278],[2.31412,48.83183]]}},
{"type":"Feature","properties":{"id":1204,"ligne":"METRO 13","mode":"metro","couleur":"#82c8e6","deps":["75"],"epcis":["75056"]},"geometry":{"type":"LineString","coordinates":[[2.32722,48.89221],[2.32894,48.89737]]}},
{"type":"Feature","properties":{"id":1205,"ligne":"TER GRAND-EST","mode":"train","couleur":"#aaaaaa","deps":["77"],"epcis":["247700701"]},"geometry":{"type":"LineString","coordinates":[[2.88825,48.61402],[2.82517,48.64437]]}},
{"type":"Feature","properties":{"id":1206,"ligne":"TER GRAND-EST","mode":"train","couleur":"#aaaaaa","deps":["77"],"epcis":["200090504"]},"geometry":{"type":"LineString","coordinates":[[3.02611,48.95916],[3.05685,48.9594],[3.07347,48.95603],[3.08526,48.95416],[3.09545,48.95357],[3.10551,48.95217],[3.11448,48.95061],[3.12097,48.95046],[3.12491,48.95082]]}},
{"type":"Feature","properties":{"id":1207,"ligne":"RER B","mode":"rer","couleur":"#5091cb","deps":["75"],"epcis":["75056"]},"geometry":{"type":"LineString","coordinates":[[2.3371,48.84003],[2.33752,48.84132],[2.33976,48.84543]]}},
{"type":"Feature","properties":{"id":1208,"ligne":"RER B","mode":"rer","couleur":"#5091cb","deps":["75"],"epcis":["75056"]},"geometry":{"type":"LineString","coordinates":[[2.33976,48.84543],[2.34296,48.8511],[2.34402,48.85212]]}},
{"type":"Feature","properties":{"id":1209,"ligne":"RER B","mode":"rer","couleur":"#5091cb","deps":["93"],"epcis":["200057867","200058097"]},"geometry":{"type":"LineString","coordinates":[[2.38639,48.92435],[2.42579,48.93074]]}},
{"type":"Feature","properties":{"id":1210,"ligne":"METRO 12","mode":"metro","couleur":"#00643c","deps":["75"],"epcis":["75056"]},"geometry":{"type":"LineString","coordinates":[[2.30111,48.83952],[2.30795,48.84151]]}},
{"type":"Feature","properties":{"id":1211,"ligne":"METRO 12","mode":"metro","couleur":"#00643c","deps":["75"],"epcis":["75056"]},"geometry":{"type":"LineString","coordinates":[[2.32682,48.85176],[2.32582,48.8552]]}},
{"type":"Feature","properties":{"id":1212,"ligne":"METRO 12","mode":"metro","couleur":"#00643c","deps":["75"],"epcis":["75056"]},"geometry":{"type":"LineString","coordinates":[[2.33716,48.88225],[2.33716,48.88312],[2.33795,48.88459]]}},
{"type":"Feature","properties":{"id":1213,"ligne":"METRO 12","mode":"metro","couleur":"#00643c","deps":["75"],"epcis":["75056"]},"geometry":{"type":"LineString","coordinates":[[2.3375,48.87605],[2.33905,48.87598],[2.33939,48.87656],[2.33786,48.87817]]}},
{"type":"Feature","properties":{"id":1214,"ligne":"METRO 12","mode":"metro","couleur":"#00643c","deps":["75"],"epcis":["75056"]},"geometry":{"type":"LineString","coordinates":[[2.33876,48.88967],[2.33989,48.89126],[2.34186,48.89265],[2.34242,48.89274],[2.34476,48.89242]]}},
{"type":"Feature","properties":{"id":1215,"ligne":"METRO 4","mode":"metro","couleur":"#a0006e","deps":["75"],"epcis":["75056"]},"geometry":{"type":"LineString","coordinates":[[2.32679,48.84688],[2.3307,48.85107]]}},
{"type":"Feature","properties":{"id":1216,"ligne":"METRO 4","mode":"metro","couleur":"#a0006e","deps":["75"],"epcis":["75056"]},"geometry":{"type":"LineString","coordinates":[[2.33075,48.83896],[2.32974,48.84173],[2.32901,48.84222]]}},
{"type":"Feature","properties":{"id":1217,"ligne":"METRO 4","mode":"metro","couleur":"#a0006e","deps":["75"],"epcis":["75056"]},"geometry":{"type":"LineString","coordinates":[[2.33174,48.83345],[2.33239,48.83452],[2.33075,48.83896]]}},
{"type":"Feature","properties":{"id":1218,"ligne":"METRO 4","mode":"metro","couleur":"#a0006e","deps":["75"],"epcis":["75056"]},"geometry":{"type":"LineString","coordinates":[[2.32716,48.82819],[2.32971,48.83111]]}},
{"type":"Feature","properties":{"id":1219,"ligne":"RER E","mode":"rer","couleur":"#b94e9a","deps":["93"],"epcis":["200057875"]},"geometry":{"type":"LineString","coordinates":[[2.46112,48.8966],[2.46441,48.8963],[2.48021,48.89395]]}},
{"type":"Feature","properties":{"id":1220,"ligne":"RER E","mode":"rer","couleur":"#b94e9a","deps":["93"],"epcis":["200057875","200058790"]},"geometry":{"type":"LineString","coordinates":[[2.48021,48.89395],[2.50856,48.88999],[2.51316,48.88887]]}},
{"type":"Feature","properties":{"id":1221,"ligne":"RER E","mode":"rer","couleur":"#b94e9a","deps":["77","93"],"epcis":["200057958","200058790"]},"geometry":{"type":"LineString","coordinates":[[2.55288,48.87716],[2.58333,48.87414]]}},
{"type":"Feature","properties":{"id":1222,"ligne":"TER","mode":"train","couleur":"#888888","deps":["95"],"epcis":["249500109"]},"geometry":{"type":"LineString","coordinates":[[2.10723,49.04539],[2.10923,49.04572],[2.11094,49.0463],[2.11764,49.04975],[2.11995,49.05158],[2.12274,49.0551]]}},
{"type":"Feature","properties":{"id":1223,"ligne":"TER","mode":"train","couleur":"#888888","deps":["95"],"epcis":["249500109","249500430"]},"geometry":{"type":"LineString","coordinates":[[2.13154,49.06115],[2.13648,49.06663],[2.13901,49.06834],[2.1417,49.06931]]}},
{"type":"Feature","properties":{"id":1224,"ligne":"TER","mode":"train","couleur":"#888888","deps":["95"],"epcis":["200058485"]},"geometry":{"type":"LineString","coordinates":[[2.22232,49.02496],[2.22938,49.02177]]}},
{"type":"Feature","properties":{"id":1225,"ligne":"TER","mode":"train","couleur":"#888888","deps":["95"],"epcis":["249500489"]},"geometry":{"type":"LineString","coordinates":[[2.27055,49.14529],[2.24268,49.136]]}},
{"type":"Feature","properties":{"id":1226,"ligne":"TER NORMANDIE","mode":"train","couleur":"#aaaaaa","deps":["95"],"epcis":["200058485"]},"geometry":{"type":"LineString","coordinates":[[2.25747,48.985],[2.23428,48.99371]]}},
{"type":"Feature","properties":{"id":1227,"ligne":"TER NORMANDIE","mode":"train","couleur":"#aaaaaa","deps":["95"],"epcis":["200058485","249500109"]},"geometry":{"type":"LineString","coordinates":[[2.15466,49.01914],[2.15083,49.02018],[2.14707,49.02152],[2.13723,49.02636],[2.13473,49.02809],[2.12826,49.03399]]}},
{"type":"Feature","properties":{"id":1228,"ligne":"TER NORMANDIE","mode":"train","couleur":"#aaaaaa","deps":["95"],"epcis":["200058485"]},"geometry":{"type":"LineString","coordinates":[[2.1965,49.00777],[2.15466,49.01914]]}},
{"type":"Feature","properties":{"id":1229,"ligne":"RER C","mode":"rer","couleur":"#ffcc30","deps":["78"],"epcis":["247800584"]},"geometry":{"type":"LineString","coordinates":[[2.15238,48.79653],[2.14835,48.79618],[2.14347,48.79656],[2.12904,48.80022]]}},
{"type":"Feature","properties":{"id":1230,"ligne":"RER D","mode":"rer","couleur":"#008b5b","deps":["91","94"],"epcis":["200058014","200058477"]},"geometry":{"type":"LineString","coordinates":[[2.41387,48.70812],[2.43869,48.72043],[2.44284,48.72384],[2.44583,48.72911],[2.44623,48.73064]]}},
{"type":"Feature","properties":{"id":1231,"ligne":"TER HAUTS-DE-FRANCE","mode":"train","couleur":"#008b5b","deps":["95"],"epcis":["200055655"]},"geometry":{"type":"LineString","coordinates":[[2.50701,49.12621],[2.52168,49.11678],[2.5236,49.11526],[2.52526,49.1134],[2.52614,49.11167],[2.52646,49.10988],[2.52553,49.09959]]}},
{"type":"Feature","properties":{"id":1232,"ligne":"TER HAUTS-DE-FRANCE","mode":"train","couleur":"#008b5b","deps":["95"],"epcis":["200055655"]},"geometry":{"type":"LineString","coordinates":[[2.46217,49.02316],[2.41619,48.99378]]}},
{"type":"Feature","properties":{"id":1233,"ligne":"TER HAUTS-DE-FRANCE","mode":"train","couleur":"#008b5b","deps":["95"],"epcis":["200055655"]},"geometry":{"type":"LineString","coordinates":[[2.50176,49.04933],[2.49156,49.04178],[2.47803,49.03318]]}},
{"type":"Feature","properties":{"id":1234,"ligne":"TER NORMANDIE","mode":"train","couleur":"#aaaaaa","deps":["92"],"epcis":["200057990"]},"geometry":{"type":"LineString","coordinates":[[2.2716,48.91425],[2.26167,48.92124],[2.26036,48.92246],[2.25935,48.92392]]}},
{"type":"Feature","properties":{"id":1235,"ligne":"TER NORMANDIE","mode":"train","couleur":"#aaaaaa","deps":["95"],"epcis":["200057990","200058485"]},"geometry":{"type":"LineString","coordinates":[[2.23253,48.95065],[2.22872,48.94996],[2.22543,48.94997],[2.22228,48.95048],[2.21921,48.95154],[2.21674,48.95303],[2.20475,48.963],[2.19309,48.96867]]}},
{"type":"Feature","properties":{"id":1236,"ligne":"TER NORMANDIE","mode":"train","couleur":"#aaaaaa","deps":["95"],"epcis":["200058485"]},"geometry":{"type":"LineString","coordinates":[[2.18034,48.97989],[2.17746,48.98225],[2.17057,48.98512],[2.16459,48.98895],[2.16191,48.99029]]}},
{"type":"Feature","properties":{"id":1237,"ligne":"TER NORMANDIE","mode":"train","couleur":"#aaaaaa","deps":["78"],"epcis":["200059889"]},"geometry":{"type":"LineString","coordinates":[[1.70302,48.9895],[1.69761,48.99172],[1.69553,48.99233],[1.6902,48.99348],[1.68487,48.99419],[1.64012,48.99562],[1.63474,48.99626],[1.63017,48.99739]]}},
{"type":"Feature","properties":{"id":1238,"ligne":"TER NORMANDIE","mode":"train","couleur":"#aaaaaa","deps":["78"],"epcis":["200059889","200071074"]},"geometry":{"type":"LineString","coordinates":[[1.63017,48.99739],[1.62781,48.99821],[1.62471,48.99968],[1.62176,49.00165],[1.61927,49.0039],[1.61446,49.00894],[1.61051,49.01463],[1.59207,49.03648],[1.5902,49.03763],[1.58719,49.03864],[1.58422,49.03895],[1.58153,49.03876]]}},
{"type":"Feature","properties":{"id":1239,"ligne":"TRAIN U","mode":"train","couleur":"#b6134c","deps":["92"],"epcis":["200057974"]},"geometry":{"type":"LineString","coordinates":[[2.18826,48.81257],[2.19179,48.81658],[2.19691,48.81955],[2.19875,48.82113],[2.19994,48.82318],[2.20072,48.82724]]}},
{"type":"Feature","properties":{"id":1240,"ligne":"TER","mode":"train","couleur":"#aaaaaa","deps":["95"],"epcis":["200073013"]},"geometry":{"type":"LineString","coordinates":[[2.32292,49.06629],[2.32767,49.06853]]}},
{"type":"Feature","properties":{"id":1241,"ligne":"TRAIN J","mode":"train","couleur":"#cec73d","deps":["95"],"epcis":["249500109"]},"geometry":{"type":"LineString","coordinates":[[2.10111,49.04565],[2.0952,49.04665]]}},
{"type":"Feature","properties":{"id":1242,"ligne":"RER A","mode":"rer","couleur":"#eb2132","deps":["78"],"epcis":["200058519"]},"geometry":{"type":"LineString","coordinates":[[2.14502,48.9455],[2.15309,48.94004],[2.15709,48.93774]]}},
{"type":"Feature","properties":{"id":1243,"ligne":"RER A","mode":"rer","couleur":"#eb2132","deps":["75","94"],"epcis":["200057941","75056"]},"geometry":{"type":"LineString","coordinates":[[2.43243,48.84734],[2.42912,48.84738],[2.42666,48.84698],[2.42439,48.84623],[2.41907,48.84385],[2.41683,48.84364],[2.40366,48.84481],[2.4023,48.84527],[2.39887,48.84732],[2.39582,48.84824]]}},
{"type":"Feature","properties":{"id":1244,"ligne":"RER A","mode":"rer","couleur":"#eb2132","deps":["78"],"epcis":["200058519"]},"geometry":{"type":"LineString","coordinates":[[2.18535,48.92038],[2.19278,48.91675]]}},
{"type":"Feature","properties":{"id":1245,"ligne":"TRAIN L","mode":"train","couleur":"#c4a4cc","deps":["92"],"epcis":["200057982","200057990"]},"geometry":{"type":"LineString","coordinates":[[2.25733,48.91364],[2.25984,48.91312],[2.26249,48.91169],[2.26338,48.91036],[2.26427,48.90738],[2.26523,48.90641],[2.26735,48.90568],[2.26996,48.90576]]}},
{"type":"Feature","properties":{"id":1246,"ligne":"TRAIN L","mode":"train","couleur":"#c4a4cc","deps":["78"],"epcis":["247800584"]},"geometry":{"type":"LineString","coordinates":[[2.15299,48.80594],[2.15707,48.80535],[2.16767,48.80548]]}},
{"type":"Feature","properties":{"id":1247,"ligne":"METRO 8","mode":"metro","couleur":"#d282be","deps":["94"],"epcis":["200058006"]},"geometry":{"type":"LineString","coordinates":[[2.45936,48.78],[2.45993,48.7759],[2.46215,48.77299],[2.46428,48.76881]]}},
{"type":"Feature","properties":{"id":1248,"ligne":"TRAM 2","mode":"tram","couleur":"#a0006e","deps":["92"],"epcis":["200057982","200057990"]},"geometry":{"type":"LineString","coordinates":[[2.23831,48.90766],[2.23399,48.9108]]}},
{"type":"Feature","properties":{"id":1249,"ligne":"METRO 2","mode":"metro","couleur":"#0055c8","deps":["75"],"epcis":["75056"]},"geometry":{"type":"LineString","coordinates":[[2.28534,48.8698],[2.2939,48.8733],[2.29441,48.87418],[2.2958,48.87481]]}},
{"type":"Feature","properties":{"id":1250,"ligne":"METRO 2","mode":"metro","couleur":"#0055c8","deps":["75"],"epcis":["75056"]},"geometry":{"type":"LineString","coordinates":[[2.27708,48.87147],[2.28534,48.8698]]}},
{"type":"Feature","properties":{"id":1251,"ligne":"METRO 2","mode":"metro","couleur":"#0055c8","deps":["75"],"epcis":["75056"]},"geometry":{"type":"LineString","coordinates":[[2.32853,48.884],[2.32981,48.88445],[2.33338,48.88356]]}},
{"type":"Feature","properties":{"id":1252,"ligne":"METRO 2","mode":"metro","couleur":"#0055c8","deps":["75"],"epcis":["75056"]},"geometry":{"type":"LineString","coordinates":[[2.38054,48.86909],[2.383,48.86721],[2.3836,48.86645]]}},
{"type":"Feature","properties":{"id":1253,"ligne":"METRO 2","mode":"metro","couleur":"#0055c8","deps":["75"],"epcis":["75056"]},"geometry":{"type":"LineString","coordinates":[[2.30407,48.87933],[2.30877,48.88033]]}},
{"type":"Feature","properties":{"id":1254,"ligne":"METRO 5","mode":"metro","couleur":"#ff5a00","deps":["75"],"epcis":["75056"]},"geometry":{"type":"LineString","coordinates":[[2.36374,48.86783],[2.3614,48.8704]]}},
{"type":"Feature","properties":{"id":1255,"ligne":"METRO 5","mode":"metro","couleur":"#ff5a00","deps":["75"],"epcis":["75056"]},"geometry":{"type":"LineString","coordinates":[[2.36591,48.84648],[2.36554,48.84732],[2.368,48.85262],[2.36874,48.85344]]}},
{"type":"Feature","properties":{"id":1256,"ligne":"METRO 5","mode":"metro","couleur":"#ff5a00","deps":["75"],"epcis":["75056"]},"geometry":{"type":"LineString","coordinates":[[2.36558,48.84236],[2.3686,48.84398],[2.36887,48.84444],[2.36861,48.84488],[2.36591,48.84648]]}},
{"type":"Feature","properties":{"id":1257,"ligne":"METRO 5","mode":"metro","couleur":"#ff5a00","deps":["75"],"epcis":["75056"]},"geometry":{"type":"LineString","coordinates":[[2.3614,48.8704],[2.35859,48.87359],[2.35951,48.87578],[2.35805,48.87613]]}},
{"type":"Feature","properties":{"id":1258,"ligne":"METRO 5","mode":"metro","couleur":"#ff5a00","deps":["75"],"epcis":["75056"]},"geometry":{"type":"LineString","coordinates":[[2.35805,48.87613],[2.35667,48.87637],[2.3563,48.87679],[2.35763,48.8802]]}},
{"type":"Feature","properties":{"id":1259,"ligne":"METRO 5","mode":"metro","couleur":"#ff5a00","deps":["75"],"epcis":["75056"]},"geometry":{"type":"LineString","coordinates":[[2.38591,48.88686],[2.39178,48.88842]]}},
{"type":"Feature","properties":{"id":1260,"ligne":"METRO 5","mode":"metro","couleur":"#ff5a00","deps":["93"],"epcis":["200057875"]},"geometry":{"type":"LineString","coordinates":[[2.40235,48.89123],[2.41276,48.89315]]}},
{"type":"Feature","properties":{"id":1261,"ligne":"METRO 7","mode":"metro","couleur":"#ff82b4","deps":["75"],"epcis":["75056"]},"geometry":{"type":"LineString","coordinates":[[2.34878,48.8771],[2.35017,48.87731],[2.35806,48.87627]]}},
{"type":"Feature","properties":{"id":1262,"ligne":"METRO 7","mode":"metro","couleur":"#ff82b4","deps":["75"],"epcis":["75056"]},"geometry":{"type":"LineString","coordinates":[[2.35222,48.84287],[2.35269,48.84477],[2.35505,48.84595]]}},
{"type":"Feature","properties":{"id":1263,"ligne":"METRO 7","mode":"metro","couleur":"#ff82b4","deps":["75"],"epcis":["75056"]},"geometry":{"type":"LineString","coordinates":[[2.35564,48.83143],[2.35254,48.83593]]}},
{"type":"Feature","properties":{"id":1264,"ligne":"METRO 7","mode":"metro","couleur":"#ff82b4","deps":["75","94"],"epcis":["200058014","75056"]},"geometry":{"type":"LineString","coordinates":[[2.37727,48.81593],[2.3741,48.81906],[2.36985,48.82127],[2.36929,48.82136]]}},
{"type":"Feature","properties":{"id":1265,"ligne":"METRO 7","mode":"metro","couleur":"#ff82b4","deps":["75"],"epcis":["75056"]},"geometry":{"type":"LineString","coordinates":[[2.36929,48.82136],[2.36453,48.81988]]}},
{"type":"Feature","properties":{"id":1266,"ligne":"METRO 7","mode":"metro","couleur":"#ff82b4","deps":["75"],"epcis":["75056"]},"geometry":{"type":"LineString","coordinates":[[2.35855,48.82218],[2.35725,48.82643]]}},
{"type":"Feature","properties":{"id":1267,"ligne":"METRO 7","mode":"metro","couleur":"#ff82b4","deps":["75"],"epcis":["75056"]},"geometry":{"type":"LineString","coordinates":[[2.35254,48.83593],[2.35081,48.83851],[2.35161,48.84023]]}},
{"type":"Feature","properties":{"id":1268,"ligne":"METRO 7","mode":"metro","couleur":"#ff82b4","deps":["75"],"epcis":["75056"]},"geometry":{"type":"LineString","coordinates":[[2.36453,48.81988],[2.36188,48.81914],[2.36045,48.81901],[2.35971,48.81922]]}},
{"type":"Feature","properties":{"id":1269,"ligne":"METRO 11","mode":"metro","couleur":"#6e491e","deps":["75"],"epcis":["75056"]},"geometry":{"type":"LineString","coordinates":[[2.35673,48.86532],[2.3597,48.86471],[2.36199,48.86675],[2.36507,48.868]]}},
{"type":"Feature","properties":{"id":1270,"ligne":"METRO 3bis","mode":"metro","couleur":"#82c8e6","deps":["75"],"epcis":["75056"]},"geometry":{"type":"LineString","coordinates":[[2.40451,48.8721],[2.40673,48.87711]]}},
{"type":"Feature","properties":{"id":1271,"ligne":"METRO 3","mode":"metro","couleur":"#6e6e00","deps":["75"],"epcis":["75056"]},"geometry":{"type":"LineString","coordinates":[[2.36425,48.86703],[2.3608,48.86651]]}},
{"type":"Feature","properties":{"id":1272,"ligne":"METRO 3","mode":"metro","couleur":"#6e6e00","deps":["75"],"epcis":["75056"]},"geometry":{"type":"LineString","coordinates":[[2.35136,48.8665],[2.34655,48.86751]]}},
{"type":"Feature","properties":{"id":1273,"ligne":"METRO 7bis","mode":"metro","couleur":"#82dc73","deps":["75"],"epcis":["75056"]},"geometry":{"type":"LineString","coordinates":[[2.36438,48.88119],[2.36918,48.88242],[2.37016,48.88247]]}},
{"type":"Feature","properties":{"id":1274,"ligne":"TRAM 7","mode":"tram","couleur":"#6e491e","deps":["94"],"epcis":["200058014"]},"geometry":{"type":"LineString","coordinates":[[2.36779,48.76338],[2.36828,48.76395],[2.36804,48.76819]]}},
{"type":"Feature","properties":{"id":1275,"ligne":"TRAM 7","mode":"tram","couleur":"#6e491e","deps":["94"],"epcis":["200058014"]},"geometry":{"type":"LineString","coordinates":[[2.35288,48.74657],[2.35235,48.74739],[2.35351,48.74821],[2.35439,48.75021]]}},
{"type":"Feature","properties":{"id":1276,"ligne":"TRAM 7","mode":"tram","couleur":"#6e491e","deps":["91","94"],"epcis":["200058014"]},"geometry":{"type":"LineString","coordinates":[[2.36826,48.72955],[2.36811,48.73016],[2.36853,48.73059],[2.37226,48.73139],[2.37141,48.7337]]}},
{"type":"Feature","properties":{"id":1277,"ligne":"TRAM 7","mode":"tram","couleur":"#6e491e","deps":["91","94"],"epcis":["200058014"]},"geometry":{"type":"LineString","coordinates":[[2.35947,48.73999],[2.35761,48.74008],[2.35369,48.73982],[2.3528,48.74168]]}},
{"type":"Feature","properties":{"id":1278,"ligne":"TRAM 7","mode":"tram","couleur":"#6e491e","deps":["94"],"epcis":["200058014"]},"geometry":{"type":"LineString","coordinates":[[2.36837,48.7567],[2.36827,48.75957],[2.36791,48.75972],[2.3664,48.75957]]}},
{"type":"Feature","properties":{"id":1279,"ligne":"TRAM 6","mode":"tram","couleur":"#ff0000","deps":["92"],"epcis":["200057966"]},"geometry":{"type":"LineString","coordinates":[[2.28195,48.79989],[2.28906,48.8042]]}},
{"type":"Feature","properties":{"id":1280,"ligne":"TRAM 6","mode":"tram","couleur":"#ff0000","deps":["92"],"epcis":["200057966"]},"geometry":{"type":"LineString","coordinates":[[2.26339,48.79033],[2.26905,48.79259],[2.27265,48.79447]]}},
{"type":"Feature","properties":{"id":1281,"ligne":"TRAM 6","mode":"tram","couleur":"#ff0000","deps":["92"],"epcis":["200057966","200057974"]},"geometry":{"type":"LineString","coordinates":[[2.22528,48.78354],[2.22624,48.78223],[2.227,48.78193],[2.23098,48.7835]]}},
{"type":"Feature","properties":{"id":1282,"ligne":"TRAM 8","mode":"tram","couleur":"#6e6e00","deps":["93"],"epcis":["200057867"]},"geometry":{"type":"LineString","coordinates":[[2.30787,48.95544],[2.30961,48.95738],[2.31007,48.95727],[2.31153,48.95588]]}},
{"type":"Feature","properties":{"id":1283,"ligne":"TRAM 8","mode":"tram","couleur":"#6e6e00","deps":["93"],"epcis":["200057867"]},"geometry":{"type":"LineString","coordinates":[[2.3154,48.95317],[2.31652,48.95264],[2.32076,48.9516]]}},
{"type":"Feature","properties":{"id":1284,"ligne":"TRAM 8","mode":"tram","couleur":"#6e6e00","deps":["93"],"epcis":["200057867"]},"geometry":{"type":"LineString","coordinates":[[2.33918,48.94781],[2.34325,48.94699]]}},
{"type":"Feature","properties":{"id":1285,"ligne":"TRAM 3a","mode":"tram","couleur":"#ff5a00","deps":["75"],"epcis":["75056"]},"geometry":{"type":"LineString","coordinates":[[2.28807,48.83268],[2.29224,48.83095],[2.29566,48.82983]]}},
{"type":"Feature","properties":{"id":1286,"ligne":"TRAM 3a","mode":"tram","couleur":"#ff5a00","deps":["75"],"epcis":["75056"]},"geometry":{"type":"LineString","coordinates":[[2.39345,48.83039],[2.39592,48.831],[2.39835,48.83199]]}},
{"type":"Feature","properties":{"id":1287,"ligne":"TRAM 3a","mode":"tram","couleur":"#ff5a00","deps":["75"],"epcis":["75056"]},"geometry":{"type":"LineString","coordinates":[[2.31883,48.82471],[2.32551,48.82315]]}},
{"type":"Feature","properties":{"id":1288,"ligne":"TRAM 3a","mode":"tram","couleur":"#ff5a00","deps":["75"],"epcis":["75056"]},"geometry":{"type":"LineString","coordinates":[[2.31338,48.82592],[2.31883,48.82471]]}},
{"type":"Feature","properties":{"id":1289,"ligne":"TRAM 3b","mode":"tram","couleur":"#00643c","deps":["75"],"epcis":["75056"]},"geometry":{"type":"LineString","coordinates":[[2.41074,48.85299],[2.40969,48.8587]]}},
{"type":"Feature","properties":{"id":1290,"ligne":"TRAM 3b","mode":"tram","couleur":"#00643c","deps":["75"],"epcis":["75056"]},"geometry":{"type":"LineString","coordinates":[[2.40862,48.8721],[2.4082,48.87416],[2.407,48.87663]]}},
{"type":"Feature","properties":{"id":1291,"ligne":"TRAM 5","mode":"tram","couleur":"#640082","deps":["95"],"epcis":["200055655"]},"geometry":{"type":"LineString","coordinates":[[2.39067,48.97716],[2.38958,48.97775],[2.38505,48.97852]]}},
{"type":"Feature","properties":{"id":1292,"ligne":"TRAM 5","mode":"tram","couleur":"#640082","deps":["93"],"epcis":["200057867"]},"geometry":{"type":"LineString","coordinates":[[2.3633,48.96562],[2.36142,48.96405],[2.36021,48.9635]]}},
{"type":"Feature","properties":{"id":1293,"ligne":"TRAM 5","mode":"tram","couleur":"#640082","deps":["93"],"epcis":["200057867"]},"geometry":{"type":"LineString","coordinates":[[2.366,48.97088],[2.36496,48.9675],[2.3633,48.96562]]}},
{"type":"Feature","properties":{"id":1294,"ligne":"TRAM 5","mode":"tram","couleur":"#640082","deps":["93"],"epcis":["200057867"]},"geometry":{"type":"LineString","coordinates":[[2.36607,48.9736],[2.36634,48.97219],[2.366,48.97088]]}},
{"type":"Feature","properties":{"id":1295,"ligne":"TRAM 11","mode":"tram","couleur":"#ff5a00","deps":["93"],"epcis":["200057867"]},"geometry":{"type":"LineString","coordinates":[[2.36726,48.96013],[2.35484,48.96064],[2.34237,48.96001]]}},
{"type":"Feature","properties":{"id":1296,"ligne":"TRAM 11","mode":"tram","couleur":"#ff5a00","deps":["93"],"epcis":["200057867"]},"geometry":{"type":"LineString","coordinates":[[2.3918,48.95473],[2.38867,48.95561],[2.38286,48.95847],[2.38142,48.95894],[2.37878,48.95941],[2.37254,48.95995],[2.36726,48.96013]]}},
{"type":"Feature","properties":{"id":1297,"ligne":"TRAM 3b","mode":"tram","couleur":"#00643c","deps":["75"],"epcis":["75056"]},"geometry":{"type":"LineString","coordinates":[[2.27826,48.87457],[2.27611,48.87272],[2.27597,48.87139],[2.27526,48.871],[2.27463,48.87018]]}},
{"type":"Feature","properties":{"id":1298,"ligne":"TRAM 3b","mode":"tram","couleur":"#00643c","deps":["75"],"epcis":["75056"]},"geometry":{"type":"LineString","coordinates":[[2.28391,48.87794],[2.28252,48.87646],[2.27885,48.87502],[2.27826,48.87457]]}},
{"type":"Feature","properties":{"id":1299,"ligne":"TRAM 4","mode":"tram","couleur":"#dc9600","deps":["93"],"epcis":["200058790"]},"geometry":{"type":"LineString","coordinates":[[2.56171,48.89792],[2.55905,48.89817],[2.55611,48.90043],[2.55607,48.90092]]}},
{"type":"Feature","properties":{"id":1300,"ligne":"TRAM 4","mode":"tram","couleur":"#dc9600","deps":["93"],"epcis":["200058790"]},"geometry":{"type":"LineString","coordinates":[[2.53917,48.90842],[2.53326,48.90818],[2.53229,48.90853]]}},
{"type":"Feature","properties":{"id":1301,"ligne":"TRAM 4","mode":"tram","couleur":"#dc9600","deps":["93"],"epcis":["200058790"]},"geometry":{"type":"LineString","coordinates":[[2.54792,48.90474],[2.54648,48.90513],[2.54638,48.90787]]}},
{"type":"Feature","properties":{"id":1302,"ligne":"TRAM 4","mode":"tram","couleur":"#dc9600","deps":["93"],"epcis":["200058790"]},"geometry":{"type":"LineString","coordinates":[[2.55501,48.90457],[2.54896,48.90456],[2.54792,48.90474]]}},
{"type":"Feature","properties":{"id":1303,"ligne":"TRAIN K","mode":"train","couleur":"#9b9842","deps":["93"],"epcis":["200057867"]},"geometry":{"type":"LineString","coordinates":[[2.36247,48.91801],[2.36451,48.919],[2.36715,48.91989],[2.38129,48.92338],[2.38639,48.92435]]}},
{"type":"Feature","properties":{"id":1304,"ligne":"TRAIN K","mode":"train","couleur":"#9b9842","deps":["93"],"epcis":["200058097"]},"geometry":{"type":"LineString","coordinates":[[2.49551,48.9322],[2.50804,48.93225],[2.51584,48.93186],[2.5186,48.93199],[2.52195,48.93259],[2.53471,48.93628]]}},
{"type":"Feature","properties":{"id":1305,"ligne":"TRAIN J","mode":"train","couleur":"#cec73d","deps":["78"],"epcis":["200058519","200059889"]},"geometry":{"type":"LineString","coordinates":[[2.04107,48.93327],[2.08922,48.95442],[2.09203,48.95517],[2.0972,48.95603],[2.10252,48.9577],[2.10914,48.95911],[2.11148,48.95939],[2.11448,48.95934],[2.11818,48.95888],[2.12492,48.95742],[2.1273,48.95661],[2.12936,48.95558],[2.14675,48.94439],[2.15077,48.94154],[2.16102,48.93527],[2.17716,48.9247],[2.18535,48.92038]]}},
{"type":"Feature","properties":{"id":1306,"ligne":"METRO 14","mode":"metro","couleur":"#640082","deps":["75"],"epcis":["75056"]},"geometry":{"type":"LineString","coordinates":[[2.32422,48.87572],[2.32712,48.87916],[2.32749,48.88024],[2.32726,48.88115],[2.32613,48.88199],[2.32265,48.88291],[2.32015,48.88425],[2.31735,48.88672],[2.31518,48.88956]]}},
{"type":"Feature","properties":{"id":1307,"ligne":"METRO 14","mode":"metro","couleur":"#640082","deps":["75","92","93"],"epcis":["200057867","200057990","75056"]},"geometry":{"type":"LineString","coordinates":[[2.31279,48.89498],[2.31115,48.89598],[2.31012,48.8971],[2.30975,48.89821],[2.31013,48.8992],[2.31125,48.89986],[2.31501,48.90061],[2.31676,48.90122],[2.32174,48.9045]]}},
{"type":"Feature","properties":{"id":1308,"ligne":"METRO 14","mode":"metro","couleur":"#640082","deps":["93"],"epcis":["200057867"]},"geometry":{"type":"LineString","coordinates":[[2.32174,48.9045],[2.33163,48.91064],[2.33466,48.9132]]}},
{"type":"Feature","properties":{"id":1309,"ligne":"METRO 14","mode":"metro","couleur":"#640082","deps":["94"],"epcis":["200058014"]},"geometry":{"type":"LineString","coordinates":[[2.35436,48.77531],[2.35214,48.77768],[2.35111,48.78014],[2.34898,48.78243],[2.3482,48.78425],[2.34814,48.78561],[2.34867,48.78914],[2.3494,48.79158],[2.34937,48.79305]]}},
{"type":"Feature","properties":{"id":1310,"ligne":"METRO 14","mode":"metro","couleur":"#640082","deps":["75"],"epcis":["75056"]},"geometry":{"type":"LineString","coordinates":[[2.35906,48.82142],[2.35878,48.82263],[2.35906,48.8235],[2.36221,48.8261],[2.36344,48.82659],[2.36803,48.82727]]}},
{"type":"Feature","properties":{"id":1311,"ligne":"METRO 14","mode":"metro","couleur":"#640082","deps":["94"],"epcis":["200058014"]},"geometry":{"type":"LineString","coordinates":[[2.34937,48.79305],[2.34909,48.79671],[2.34716,48.80258],[2.34822,48.80529],[2.34806,48.80785],[2.34975,48.80981]]}},
{"type":"Feature","properties":{"id":1312,"ligne":"TER NORMANDIE","mode":"train","couleur":"#aaaaaa","deps":[],"epcis":[]},"geometry":{"type":"LineString","coordinates":[[1.50535,48.9151],[1.50002,48.91551],[1.49605,48.9162],[1.49274,48.91729],[1.48774,48.91956],[1.48551,48.92021],[1.48217,48.92077],[1.47863,48.92088],[1.47643,48.92071],[1.46979,48.91932],[1.46677,48.91897],[1.46277,48.91905],[1.45835,48.91964],[1.45366,48.92056],[1.4502,48.92161],[1.44682,48.92312],[1.44341,48.92531]]}},
{"type":"Feature","properties":{"id":1313,"ligne":"TER CENTRE-VDL","mode":"train","couleur":"#aaaaaa","deps":["78"],"epcis":["247800618"]},"geometry":{"type":"LineString","coordinates":[[1.76506,48.8104],[1.81647,48.8026]]}},
{"type":"Feature","properties":{"id":1314,"ligne":"METRO 4","mode":"metro","couleur":"#a0006e","deps":["92"],"epcis":["200057966"]},"geometry":{"type":"LineString","coordinates":[[2.31974,48.81868],[2.31584,48.81234],[2.31609,48.81104],[2.31745,48.8097]]}},
{"type":"Feature","properties":{"id":1315,"ligne":"RER C","mode":"rer","couleur":"#ffcc30","deps":["78"],"epcis":["247800584"]},"geometry":{"type":"LineString","coordinates":[[2.13516,48.79514],[2.13794,48.79552],[2.14214,48.79572]]}},
{"type":"Feature","properties":{"id":1316,"ligne":"TER GRAND-EST","mode":"train","couleur":"#aaaaaa","deps":[],"epcis":[]},"geometry":{"type":"LineString","coordinates":[[3.07563,49.13547],[3.07611,49.13906],[3.07704,49.14099],[3.08584,49.15118],[3.09437,49.16369],[3.09638,49.16524],[3.10352,49.16904],[3.10812,49.17211],[3.11142,49.17603],[3.11405,49.17794],[3.11714,49.17906],[3.12069,49.17962]]}},
{"type":"Feature","properties":{"id":1317,"ligne":"TER GRAND-EST","mode":"train","couleur":"#aaaaaa","deps":["77"],"epcis":["200090504"]},"geometry":{"type":"LineString","coordinates":[[3.2193,48.97403],[3.22214,48.97386],[3.2285,48.97397],[3.2318,48.97365],[3.23582,48.97273],[3.23953,48.97125],[3.24205,48.96975],[3.2441,48.96807],[3.25698,48.9539],[3.25865,48.95238],[3.26057,48.95118],[3.26283,48.95021],[3.26553,48.94949],[3.26858,48.94911],[3.27211,48.9492],[3.27528,48.9498],[3.27848,48.95096],[3.28108,48.95256],[3.28281,48.95425],[3.28376,48.95568],[3.28437,48.95736],[3.28492,48.96084],[3.28618,48.96301],[3.28854,48.96511],[3.29181,48.96671],[3.29426,48.96738],[3.29691,48.96772],[3.3228,48.96876]]}},
{"type":"Feature","properties":{"id":1318,"ligne":"RER D","mode":"rer","couleur":"#008b5b","deps":["91","94"],"epcis":["200058014","200058477"]},"geometry":{"type":"LineString","coordinates":[[2.46228,48.70824],[2.45989,48.70929],[2.45615,48.71147],[2.45076,48.71364],[2.44843,48.71411],[2.44472,48.71405],[2.44255,48.71427],[2.4404,48.71505],[2.43865,48.71654],[2.43809,48.71822],[2.43852,48.71982],[2.43965,48.72116],[2.44224,48.72316],[2.44303,48.72409],[2.44583,48.72911],[2.44623,48.73064]]}},
{"type":"Feature","properties":{"id":1319,"ligne":"METRO 12","mode":"metro","couleur":"#00643c","deps":["93"],"epcis":["200057867"]},"geometry":{"type":"LineString","coordinates":[[2.36592,48.90657],[2.36901,48.90671],[2.37249,48.90547],[2.37434,48.90532],[2.37645,48.90616],[2.37774,48.90808]]}},
{"type":"Feature","properties":{"id":1320,"ligne":"METRO 11","mode":"metro","couleur":"#6e491e","deps":["93"],"epcis":["200057875"]},"geometry":{"type":"LineString","coordinates":[[2.42719,48.88132],[2.43799,48.88329],[2.44082,48.88314]]}},
{"type":"Feature","properties":{"id":1321,"ligne":"METRO 11","mode":"metro","couleur":"#6e491e","deps":["93"],"epcis":["200057875","200058790"]},"geometry":{"type":"LineString","coordinates":[[2.46547,48.87799],[2.46638,48.87984],[2.46659,48.88129],[2.46736,48.88224]]}},
{"type":"Feature","properties":{"id":1322,"ligne":"TRAM 9","mode":"tram","couleur":"#3c91dc","deps":["94"],"epcis":["200058014"]},"geometry":{"type":"LineString","coordinates":[[2.36834,48.81557],[2.37066,48.81263]]}},
{"type":"Feature","properties":{"id":1323,"ligne":"TRAM 9","mode":"tram","couleur":"#3c91dc","deps":["94"],"epcis":["200058014"]},"geometry":{"type":"LineString","coordinates":[[2.37779,48.80335],[2.38151,48.79882]]}},
{"type":"Feature","properties":{"id":1324,"ligne":"TRAM 9","mode":"tram","couleur":"#3c91dc","deps":["94"],"epcis":["200058014"]},"geometry":{"type":"LineString","coordinates":[[2.40286,48.76844],[2.40581,48.76391]]}},
{"type":"Feature","properties":{"id":1325,"ligne":"TRAM 13","mode":"tram","couleur":"#8d653d","deps":["78"],"epcis":["200058519","247800584"]},"geometry":{"type":"LineString","coordinates":[[2.05083,48.86795],[2.05062,48.86664],[2.05127,48.86394],[2.05118,48.86264],[2.05054,48.86144],[2.04778,48.85815],[2.04743,48.85683],[2.04762,48.85567],[2.04831,48.85453],[2.05822,48.84339],[2.05972,48.84217],[2.06145,48.84131]]}},
{"type":"Feature","properties":{"id":1326,"ligne":"TRAM 13","mode":"tram","couleur":"#8d653d","deps":["78"],"epcis":["247800584"]},"geometry":{"type":"LineString","coordinates":[[2.07444,48.83705],[2.07282,48.83803],[2.07066,48.83893],[2.06145,48.84131]]}},
{"type":"Feature","properties":{"id":1327,"ligne":"TRAM 10","mode":"tram","couleur":"#6e6e00","deps":["92"],"epcis":["200057966"]},"geometry":{"type":"LineString","coordinates":[[2.30475,48.76297],[2.30086,48.76211],[2.29448,48.76119],[2.29293,48.76112],[2.29044,48.76142]]}},
{"type":"Feature","properties":{"id":1328,"ligne":"TRAM 10","mode":"tram","couleur":"#6e6e00","deps":["92"],"epcis":["200057966"]},"geometry":{"type":"LineString","coordinates":[[2.24965,48.76932],[2.2485,48.76997],[2.24825,48.7704],[2.24915,48.77279],[2.25003,48.77669]]}},
{"type":"Feature","properties":{"id":1329,"ligne":"TRAM 12","mode":"tram","couleur":"#a50034","deps":["91"],"epcis":["200056232"]},"geometry":{"type":"LineString","coordinates":[[2.31763,48.68571],[2.32,48.68324],[2.32666,48.679],[2.32877,48.67799],[2.33325,48.67638]]}},
{"type":"Feature","properties":{"id":1330,"ligne":"TRAM 12","mode":"tram","couleur":"#a50034","deps":["91"],"epcis":["200056232"]},"geometry":{"type":"LineString","coordinates":[[2.25752,48.72473],[2.26215,48.72894],[2.26624,48.73093],[2.26844,48.73114],[2.27086,48.73047],[2.27232,48.72919],[2.27267,48.72805],[2.27264,48.72343]]}},
{"type":"Feature","properties":{"id":1331,"ligne":"TRAM 12","mode":"tram","couleur":"#a50034","deps":["91"],"epcis":["200056232"]},"geometry":{"type":"LineString","coordinates":[[2.28012,48.70855],[2.28295,48.70651],[2.2863,48.70473],[2.2906,48.70316],[2.29456,48.70224]]}},
{"type":"Feature","properties":{"id":1332,"ligne":"CABLE 1","mode":"train","couleur":"#3c91dc","deps":["94"],"epcis":["200058006","200058014"]},"geometry":{"type":"LineString","coordinates":[[2.47257,48.74884],[2.47965,48.74243]]}},
{"type":"Feature","properties":{"id":1333,"ligne":"TRAM 3b","mode":"tram","couleur":"#00643c","deps":["75"],"epcis":["75056"]},"geometry":{"type":"LineString","coordinates":[[2.34508,48.89804],[2.33823,48.89783]]}},
{"type":"Feature","properties":{"id":1334,"ligne":"TRAM 4","mode":"tram","couleur":"#dc9600","deps":["93"],"epcis":["200058790"]},"geometry":{"type":"LineString","coordinates":[[2.51651,48.90727],[2.51748,48.90839],[2.52306,48.90613],[2.5236,48.90615],[2.52405,48.90663]]}},
{"type":"Feature","properties":{"id":1335,"ligne":"TRAM 4","mode":"tram","couleur":"#dc9600","deps":["93"],"epcis":["200058790"]},"geometry":{"type":"LineString","coordinates":[[2.54638,48.90787],[2.54638,48.90841],[2.54602,48.90867],[2.53917,48.90842]]}},
{"type":"Feature","properties":{"id":1336,"ligne":"TRAM 4","mode":"tram","couleur":"#dc9600","deps":["93"],"epcis":["200058790"]},"geometry":{"type":"LineString","coordinates":[[2.57084,48.90096],[2.57146,48.90021],[2.56967,48.89922],[2.56781,48.89875],[2.56601,48.89871],[2.5629,48.89788],[2.56171,48.89792]]}},
{"type":"Feature","properties":{"id":1337,"ligne":"TRAIN K","mode":"train","couleur":"#9b9842","deps":["75","93"],"epcis":["200057867","75056"]},"geometry":{"type":"LineString","coordinates":[[2.35633,48.88092],[2.35764,48.88448],[2.35762,48.88773],[2.35702,48.8906],[2.35457,48.89659],[2.35415,48.89948],[2.35286,48.90429],[2.35212,48.91085],[2.35267,48.91222],[2.35389,48.91339],[2.36247,48.91801]]}},
{"type":"Feature","properties":{"id":1338,"ligne":"TRAIN H","mode":"train","couleur":"#84653d","deps":[],"epcis":[]},"geometry":{"type":"LineString","coordinates":[[2.44845,49.24484],[2.45571,49.25243],[2.46891,49.26394]]}},
{"type":"Feature","properties":{"id":1339,"ligne":"METRO 14","mode":"metro","couleur":"#640082","deps":["75","94"],"epcis":["200058014","75056"]},"geometry":{"type":"LineString","coordinates":[[2.34975,48.80981],[2.35192,48.81172],[2.35548,48.81276],[2.35769,48.81417],[2.3595,48.81793],[2.35906,48.82142]]}},
{"type":"Feature","properties":{"id":1340,"ligne":"TER NORMANDIE","mode":"train","couleur":"#aaaaaa","deps":["78","92","95"],"epcis":["200057982","200057990","200058519"]},"geometry":{"type":"LineString","coordinates":[[2.18535,48.92038],[2.20892,48.90898],[2.2128,48.90767],[2.21795,48.90664],[2.22161,48.90634],[2.2248,48.90634],[2.23105,48.90692],[2.25108,48.91312],[2.25369,48.91367],[2.25824,48.914],[2.26393,48.91378],[2.26966,48.91274],[2.27306,48.91162],[2.27928,48.90857]]}},
{"type":"Feature","properties":{"id":1341,"ligne":"TER BOURGOGNE-FC","mode":"train","couleur":"#aaaaaa","deps":[],"epcis":[]},"geometry":{"type":"LineString","coordinates":[[3.29032,48.13758],[3.28937,48.13421],[3.28776,48.13159],[3.28513,48.1293],[3.27859,48.1249],[3.26991,48.11609],[3.26835,48.11384],[3.26768,48.11194],[3.26754,48.11049],[3.26802,48.10779],[3.26934,48.10543],[3.2842,48.09121],[3.2858,48.08862],[3.28665,48.08537]]}},
{"type":"Feature","properties":{"id":1342,"ligne":"TER BOURGOGNE-FC","mode":"train","couleur":"#aaaaaa","deps":[],"epcis":[]},"geometry":{"type":"LineString","coordinates":[[2.7721,48.09589],[2.76668,48.07968],[2.76523,48.07275],[2.76295,48.06675],[2.76039,48.05696],[2.7538,48.04483],[2.74847,48.03868],[2.74039,48.0259],[2.73909,48.02312],[2.73872,48.02073],[2.73901,48.01834],[2.74319,48.0066]]}},
{"type":"Feature","properties":{"id":1343,"ligne":"TER CENTRE-VDL","mode":"train","couleur":"#aaaaaa","deps":[],"epcis":[]},"geometry":{"type":"LineString","coordinates":[[1.52436,48.48258],[1.51534,48.48335],[1.5123,48.48301],[1.50901,48.48205],[1.50569,48.48022],[1.50134,48.47616],[1.49699,48.47294],[1.4868,48.46768],[1.48263,48.46351],[1.48161,48.46156],[1.48161,48.45884],[1.48369,48.45521],[1.48398,48.45357],[1.48372,48.45186],[1.48301,48.45036],[1.4802,48.44806]]}},
{"type":"Feature","properties":{"id":1344,"ligne":"TER CENTRE-VDL","mode":"train","couleur":"#aaaaaa","deps":[],"epcis":[]},"geometry":{"type":"LineString","coordinates":[[1.55759,48.51005],[1.55518,48.50853],[1.54797,48.50512],[1.54392,48.50166],[1.54234,48.49947],[1.53812,48.48943],[1.53701,48.48775],[1.53561,48.48641],[1.53302,48.48473],[1.53048,48.48359],[1.52765,48.48286],[1.52436,48.48258]]}},
{"type":"Feature","properties":{"id":1345,"ligne":"TER CENTRE-VDL","mode":"train","couleur":"#aaaaaa","deps":[],"epcis":[]},"geometry":{"type":"LineString","coordinates":[[1.59008,48.54267],[1.58594,48.53471],[1.58457,48.53299],[1.57709,48.52628],[1.57435,48.52309],[1.57089,48.52069],[1.56877,48.51871],[1.56537,48.5165],[1.55759,48.51005]]}},
{"type":"Feature","properties":{"id":1346,"ligne":"TER CENTRE-VDL","mode":"train","couleur":"#aaaaaa","deps":["78"],"epcis":["247800550"]},"geometry":{"type":"LineString","coordinates":[[1.51364,48.76835],[1.57214,48.78784],[1.58942,48.79546],[1.59199,48.79606],[1.59443,48.7963],[1.6027,48.79603]]}},
{"type":"Feature","properties":{"id":1347,"ligne":"TER CENTRE-VDL","mode":"train","couleur":"#aaaaaa","deps":[],"epcis":[]},"geometry":{"type":"LineString","coordinates":[[1.38625,48.18644],[1.37883,48.17681],[1.37548,48.17411],[1.37339,48.17204],[1.36941,48.16299],[1.35342,48.13737],[1.35287,48.13459],[1.35426,48.12252],[1.35418,48.12144],[1.35334,48.1193],[1.35251,48.11821],[1.35066,48.11685],[1.33932,48.11104],[1.33748,48.10949],[1.33619,48.10748],[1.33553,48.10443],[1.33704,48.09125],[1.33898,48.08449],[1.33843,48.07341]]}},
{"type":"Feature","properties":{"id":1348,"ligne":"METRO 4","mode":"metro","couleur":"#a0006e","deps":["75"],"epcis":["75056"]},"geometry":{"type":"LineString","coordinates":[[2.35615,48.87262],[2.35788,48.87599]]}},
{"type":"Feature","properties":{"id":1349,"ligne":"RER C","mode":"rer","couleur":"#ffcc30","deps":["91"],"epcis":["200057859"]},"geometry":{"type":"LineString","coordinates":[[2.19206,48.57751],[2.19478,48.57875],[2.19751,48.57946],[2.21487,48.58093],[2.22345,48.58272]]}},
{"type":"Feature","properties":{"id":1350,"ligne":"TER NORMANDIE","mode":"train","couleur":"#aaaaaa","deps":[],"epcis":[]},"geometry":{"type":"LineString","coordinates":[[1.90549,49.22067],[1.9008,49.23148],[1.90039,49.23978],[1.90002,49.24127],[1.89945,49.24215],[1.89809,49.24337],[1.89413,49.24525],[1.89237,49.24666],[1.89142,49.2485],[1.89143,49.25154],[1.89059,49.25363],[1.88632,49.25852],[1.88399,49.26003],[1.88088,49.26082],[1.8731,49.2612]]}},
{"type":"Feature","properties":{"id":1351,"ligne":"TER NORMANDIE","mode":"train","couleur":"#aaaaaa","deps":[],"epcis":[]},"geometry":{"type":"LineString","coordinates":[[1.8731,49.2612],[1.86717,49.26192],[1.86206,49.26186],[1.85674,49.26215],[1.85459,49.26244],[1.85278,49.26299],[1.85144,49.2637],[1.84999,49.26495],[1.84928,49.26609],[1.84818,49.27053],[1.84704,49.27193],[1.84569,49.27288],[1.84427,49.27349],[1.84236,49.27394],[1.83477,49.27426],[1.83228,49.27467],[1.82953,49.27545],[1.82594,49.27719],[1.81827,49.28259]]}},
{"type":"Feature","properties":{"id":1352,"ligne":"TER GRAND-EST","mode":"train","couleur":"#aaaaaa","deps":[],"epcis":[]},"geometry":{"type":"LineString","coordinates":[[3.3228,48.96876],[3.32931,48.96917],[3.33381,48.97023],[3.33636,48.97124],[3.34533,48.9761],[3.34721,48.97736],[3.34885,48.97906],[3.34971,48.98048],[3.351,48.98396],[3.35184,48.98516],[3.35339,48.98662],[3.35621,48.98824],[3.36438,48.99189]]}},
{"type":"Feature","properties":{"id":1353,"ligne":"TER GRAND-EST","mode":"train","couleur":"#aaaaaa","deps":[],"epcis":[]},"geometry":{"type":"LineString","coordinates":[[3.36438,48.99189],[3.37704,48.99751],[3.37971,48.99919],[3.38149,49.00073],[3.38372,49.00378],[3.39714,49.03243],[3.39895,49.03422],[3.40138,49.03563],[3.40338,49.0364],[3.40946,49.03791]]}},
{"type":"Feature","properties":{"id":1354,"ligne":"TER HAUTS-DE-FRANCE","mode":"train","couleur":"#aaaaaa","deps":[],"epcis":[]},"geometry":{"type":"LineString","coordinates":[[2.41703,49.21379],[2.42325,49.21636],[2.42637,49.21861],[2.43441,49.2297],[2.44845,49.24484]]}},
{"type":"Feature","properties":{"id":1355,"ligne":"TER HAUTS-DE-FRANCE","mode":"train","couleur":"#aaaaaa","deps":[],"epcis":[]},"geometry":{"type":"LineString","coordinates":[[2.44845,49.24484],[2.45571,49.25243],[2.46891,49.26394]]}},
{"type":"Feature","properties":{"id":1356,"ligne":"RER D","mode":"rer","couleur":"#008b5b","deps":[],"epcis":[]},"geometry":{"type":"LineString","coordinates":[[2.44845,49.24484],[2.45571,49.25243],[2.46891,49.26394]]}},
{"type":"Feature","properties":{"id":1357,"ligne":"TER HAUTS-DE-FRANCE","mode":"train","couleur":"#008b5b","deps":[],"epcis":[]},"geometry":{"type":"LineString","coordinates":[[2.45955,49.18709],[2.45983,49.18498],[2.46077,49.18227],[2.46986,49.16022],[2.47092,49.15822],[2.47253,49.15626],[2.48221,49.14732],[2.49018,49.13829]]}},
{"type":"Feature","properties":{"id":1358,"ligne":"RER D","mode":"rer","couleur":"#008b5b","deps":[],"epcis":[]},"geometry":{"type":"LineString","coordinates":[[2.45955,49.18709],[2.45983,49.18498],[2.46077,49.18227],[2.46986,49.16022],[2.47092,49.15822],[2.47253,49.15626],[2.48221,49.14732],[2.49018,49.13829]]}},
{"type":"Feature","properties":{"id":1359,"ligne":"TRAM 14","mode":"tram","couleur":"#00a092","deps":["77"],"epcis":["200090504"]},"geometry":{"type":"LineString","coordinates":[[2.88259,48.86356],[2.88433,48.86294],[2.89681,48.86028],[2.90574,48.85956]]}},
{"type":"Feature","properties":{"id":1360,"ligne":"METRO 12","mode":"metro","couleur":"#00643c","deps":["93"],"epcis":["200057867"]},"geometry":{"type":"LineString","coordinates":[[2.37774,48.90808],[2.38074,48.91371]]}},
{"type":"Feature","properties":{"id":1361,"ligne":"RER E","mode":"rer","couleur":"#b94e9a","deps":["75","92"],"epcis":["200057982","75056"]},"geometry":{"type":"LineString","coordinates":[[2.23957,48.89286],[2.24178,48.89217],[2.24315,48.89202],[2.24849,48.89367],[2.25013,48.89374],[2.25155,48.89344],[2.25419,48.89183],[2.25866,48.88758],[2.26719,48.88296],[2.27085,48.88161],[2.28298,48.87793]]}},
{"type":"Feature","properties":{"id":1362,"ligne":"METRO 11","mode":"metro","couleur":"#6e491e","deps":["93"],"epcis":["200058790"]},"geometry":{"type":"LineString","coordinates":[[2.46736,48.88224],[2.46852,48.88324],[2.47229,48.88459],[2.47378,48.88571],[2.47465,48.88597],[2.47612,48.88577],[2.47845,48.88503],[2.48051,48.88275]]}},
{"type":"Feature","properties":{"id":1363,"ligne":"METRO 11","mode":"metro","couleur":"#6e491e","deps":["93"],"epcis":["200057875","200058790"]},"geometry":{"type":"LineString","coordinates":[[2.45471,48.87834],[2.45706,48.87794],[2.45959,48.87565],[2.46147,48.87514],[2.46302,48.87532],[2.46432,48.8759],[2.46515,48.87679],[2.46547,48.87799]]}},
{"type":"Feature","properties":{"id":1364,"ligne":"TRAM 9","mode":"tram","couleur":"#3c91dc","deps":["94"],"epcis":["200058014"]},"geometry":{"type":"LineString","coordinates":[[2.37491,48.80721],[2.37779,48.80335]]}},
{"type":"Feature","properties":{"id":1365,"ligne":"TRAM 9","mode":"tram","couleur":"#3c91dc","deps":["94"],"epcis":["200058014"]},"geometry":{"type":"LineString","coordinates":[[2.38621,48.79289],[2.38824,48.79043]]}},
{"type":"Feature","properties":{"id":1366,"ligne":"TRAM 9","mode":"tram","couleur":"#3c91dc","deps":["94"],"epcis":["200058014"]},"geometry":{"type":"LineString","coordinates":[[2.40581,48.76391],[2.40888,48.7592]]}},
{"type":"Feature","properties":{"id":1367,"ligne":"TRAM 9","mode":"tram","couleur":"#3c91dc","deps":["94"],"epcis":["200058014"]},"geometry":{"type":"LineString","coordinates":[[2.4119,48.75455],[2.41248,48.75401],[2.41525,48.75463],[2.41695,48.75211]]}},
{"type":"Feature","properties":{"id":1368,"ligne":"TRAM 13","mode":"tram","couleur":"#8d653d","deps":["78"],"epcis":["247800584"]},"geometry":{"type":"LineString","coordinates":[[2.07883,48.81565],[2.08245,48.82314],[2.08315,48.8257],[2.08321,48.82824],[2.08246,48.8304],[2.0811,48.83219],[2.07444,48.83705]]}},
{"type":"Feature","properties":{"id":1369,"ligne":"TRAM 13","mode":"tram","couleur":"#8d653d","deps":["78"],"epcis":["247800584"]},"geometry":{"type":"LineString","coordinates":[[2.07723,48.80662],[2.07883,48.81565]]}},
{"type":"Feature","properties":{"id":1370,"ligne":"TRAM 13","mode":"tram","couleur":"#8d653d","deps":["78"],"epcis":["200058519"]},"geometry":{"type":"LineString","coordinates":[[2.06871,48.87215],[2.0669,48.87119],[2.06432,48.87066],[2.06269,48.87068],[2.05776,48.87131],[2.05507,48.87105],[2.05236,48.86984],[2.05083,48.86795]]}},
{"type":"Feature","properties":{"id":1371,"ligne":"TRAM 10","mode":"tram","couleur":"#6e6e00","deps":["92"],"epcis":["200057966"]},"geometry":{"type":"LineString","coordinates":[[2.25313,48.78259],[2.25356,48.78525],[2.25317,48.78721]]}},
{"type":"Feature","properties":{"id":1372,"ligne":"TRAM 10","mode":"tram","couleur":"#6e6e00","deps":["92"],"epcis":["200057966"]},"geometry":{"type":"LineString","coordinates":[[2.25489,48.76638],[2.24965,48.76932]]}},
{"type":"Feature","properties":{"id":1373,"ligne":"TRAM 10","mode":"tram","couleur":"#6e6e00","deps":["92"],"epcis":["200057966"]},"geometry":{"type":"LineString","coordinates":[[2.2807,48.76272],[2.27275,48.76379]]}},
{"type":"Feature","properties":{"id":1374,"ligne":"TRAM 10","mode":"tram","couleur":"#6e6e00","deps":["92"],"epcis":["200057966"]},"geometry":{"type":"LineString","coordinates":[[2.25317,48.78721],[2.25272,48.79007]]}},
{"type":"Feature","properties":{"id":1375,"ligne":"TRAM 12","mode":"tram","couleur":"#a50034","deps":["91"],"epcis":["200056232"]},"geometry":{"type":"LineString","coordinates":[[2.33325,48.67638],[2.33497,48.6751],[2.33583,48.67318],[2.33506,48.67211],[2.33536,48.67064]]}},
{"type":"Feature","properties":{"id":1376,"ligne":"TRAM 12","mode":"tram","couleur":"#a50034","deps":["91"],"epcis":["200056232","200057859","200058014"]},"geometry":{"type":"LineString","coordinates":[[2.33536,48.67064],[2.33574,48.66994],[2.33621,48.66969],[2.34221,48.66989],[2.34616,48.67103],[2.35114,48.66883],[2.35474,48.66789]]}},
{"type":"Feature","properties":{"id":1377,"ligne":"TRAM 12","mode":"tram","couleur":"#a50034","deps":["91"],"epcis":["200057859","200059228"]},"geometry":{"type":"LineString","coordinates":[[2.3834,48.65213],[2.39291,48.64255],[2.3928,48.64058],[2.39534,48.63396]]}},
{"type":"Feature","properties":{"id":1378,"ligne":"CABLE 1","mode":"train","couleur":"#3c91dc","deps":["94"],"epcis":["200058006","200058014"]},"geometry":{"type":"LineString","coordinates":[[2.47965,48.74243],[2.46475,48.73478]]}},
{"type":"Feature","properties":{"id":1379,"ligne":"CABLE 1","mode":"train","couleur":"#3c91dc","deps":["94"],"epcis":["200058006","200058014"]},"geometry":{"type":"LineString","coordinates":[[2.47068,48.75269],[2.47257,48.74884]]}},
{"type":"Feature","properties":{"id":1380,"ligne":"TRAM 4","mode":"tram","couleur":"#dc9600","deps":["93"],"epcis":["200058790"]},"geometry":{"type":"LineString","coordinates":[[2.49976,48.8926],[2.50152,48.89308],[2.50273,48.89368],[2.50641,48.89714]]}},
{"type":"Feature","properties":{"id":1381,"ligne":"RER C","mode":"rer","couleur":"#ffcc30","deps":["91","92","94"],"epcis":["200056232","200057966","200058014"]},"geometry":{"type":"LineString","coordinates":[[2.31271,48.74794],[2.3142,48.74785],[2.316,48.74743],[2.32797,48.74216],[2.33839,48.73892],[2.34138,48.7388],[2.35163,48.7402]]}},
{"type":"Feature","properties":{"id":1382,"ligne":"RER C","mode":"rer","couleur":"#ffcc30","deps":["91"],"epcis":["249100595"]},"geometry":{"type":"LineString","coordinates":[[2.00877,48.53373],[2.02404,48.53142],[2.03262,48.53107],[2.06476,48.53434],[2.06715,48.53487],[2.06938,48.53581]]}},
{"type":"Feature","properties":{"id":1383,"ligne":"RER C","mode":"rer","couleur":"#ffcc30","deps":["91"],"epcis":["200057859","249100595"]},"geometry":{"type":"LineString","coordinates":[[2.12494,48.55093],[2.14414,48.55507],[2.15809,48.55896],[2.17038,48.56433]]}},
{"type":"Feature","properties":{"id":1384,"ligne":"RER C","mode":"rer","couleur":"#ffcc30","deps":["91"],"epcis":["200057859"]},"geometry":{"type":"LineString","coordinates":[[2.26621,48.59112],[2.27153,48.59393],[2.27471,48.59511],[2.27808,48.59568],[2.29387,48.59672],[2.29705,48.59792],[2.29795,48.59906]]}},
{"type":"Feature","properties":{"id":1385,"ligne":"RER C","mode":"rer","couleur":"#ffcc30","deps":["94"],"epcis":["200058014"]},"geometry":{"type":"LineString","coordinates":[[2.41811,48.75289],[2.41245,48.76158],[2.41139,48.76379]]}},
{"type":"Feature","properties":{"id":1386,"ligne":"RER C","mode":"rer","couleur":"#ffcc30","deps":["94"],"epcis":["200058014"]},"geometry":{"type":"LineString","coordinates":[[2.41139,48.76379],[2.40959,48.78223]]}},
{"type":"Feature","properties":{"id":1387,"ligne":"RER C","mode":"rer","couleur":"#ffcc30","deps":["75"],"epcis":["75056"]},"geometry":{"type":"LineString","coordinates":[[2.34529,48.85353],[2.34299,48.85445],[2.34027,48.85638],[2.33828,48.85743],[2.33322,48.85842],[2.32676,48.86035]]}},
{"type":"Feature","properties":{"id":1388,"ligne":"RER C","mode":"rer","couleur":"#ffcc30","deps":["75"],"epcis":["75056"]},"geometry":{"type":"LineString","coordinates":[[2.36543,48.84253],[2.36502,48.8441],[2.36452,48.84468],[2.35799,48.84909],[2.34529,48.85353]]}},
{"type":"Feature","properties":{"id":1389,"ligne":"RER C","mode":"rer","couleur":"#ffcc30","deps":["75","94"],"epcis":["200058014","75056"]},"geometry":{"type":"LineString","coordinates":[[2.39169,48.81399],[2.3777,48.82888]]}},
{"type":"Feature","properties":{"id":1390,"ligne":"RER C","mode":"rer","couleur":"#ffcc30","deps":["75"],"epcis":["75056"]},"geometry":{"type":"LineString","coordinates":[[2.27481,48.86983],[2.27699,48.87302],[2.27827,48.87427],[2.27984,48.87522],[2.2825,48.87625],[2.28443,48.87791]]}},
{"type":"Feature","properties":{"id":1391,"ligne":"RER C","mode":"rer","couleur":"#ffcc30","deps":["75"],"epcis":["75056"]},"geometry":{"type":"LineString","coordinates":[[2.28443,48.87791],[2.29928,48.88604]]}},
{"type":"Feature","properties":{"id":1392,"ligne":"RER B","mode":"rer","couleur":"#5091cb","deps":["91"],"epcis":["200056232"]},"geometry":{"type":"LineString","coordinates":[[2.13657,48.6982],[2.13906,48.69841],[2.1404,48.69829],[2.15164,48.69526]]}},
{"type":"Feature","properties":{"id":1393,"ligne":"RER B","mode":"rer","couleur":"#5091cb","deps":["91"],"epcis":["200056232"]},"geometry":{"type":"LineString","coordinates":[[2.16438,48.69625],[2.16666,48.69651],[2.1699,48.69602],[2.17158,48.69598],[2.18105,48.69751]]}},
{"type":"Feature","properties":{"id":1394,"ligne":"RER B","mode":"rer","couleur":"#5091cb","deps":["91"],"epcis":["200056232"]},"geometry":{"type":"LineString","coordinates":[[2.25995,48.7251],[2.26754,48.73094],[2.2695,48.73301],[2.274,48.73489]]}},
{"type":"Feature","properties":{"id":1395,"ligne":"RER B","mode":"rer","couleur":"#5091cb","deps":["93"],"epcis":["200058097"]},"geometry":{"type":"LineString","coordinates":[[2.51264,48.96271],[2.51107,48.96544],[2.51084,48.96757],[2.51148,48.96927],[2.51436,48.97342]]}},
{"type":"Feature","properties":{"id":1396,"ligne":"RER B","mode":"rer","couleur":"#5091cb","deps":["77"],"epcis":["200055655"]},"geometry":{"type":"LineString","coordinates":[[2.60314,48.95315],[2.61056,48.95492],[2.61381,48.95634],[2.64241,48.97586]]}},
{"type":"Feature","properties":{"id":1397,"ligne":"RER D","mode":"rer","couleur":"#008b5b","deps":["91"],"epcis":["200059228"]},"geometry":{"type":"LineString","coordinates":[[2.39678,48.65485],[2.39194,48.64746],[2.3917,48.64585],[2.3922,48.64423],[2.39594,48.64041],[2.40009,48.63747],[2.40327,48.63649],[2.4078,48.63635]]}},
{"type":"Feature","properties":{"id":1398,"ligne":"RER D","mode":"rer","couleur":"#008b5b","deps":["91"],"epcis":["200059228"]},"geometry":{"type":"LineString","coordinates":[[2.49271,48.56612],[2.48797,48.56741],[2.4853,48.56862],[2.48208,48.57096],[2.47947,48.57381]]}},
{"type":"Feature","properties":{"id":1399,"ligne":"RER D","mode":"rer","couleur":"#008b5b","deps":["95"],"epcis":["200055655"]},"geometry":{"type":"LineString","coordinates":[[2.41619,48.99378],[2.40438,48.98641],[2.39059,48.97675]]}},
{"type":"Feature","properties":{"id":1400,"ligne":"RER D","mode":"rer","couleur":"#008b5b","deps":["95"],"epcis":["200055655"]},"geometry":{"type":"LineString","coordinates":[[2.50176,49.04933],[2.49156,49.04178],[2.47803,49.03318]]}},
{"type":"Feature","properties":{"id":1401,"ligne":"RER D","mode":"rer","couleur":"#008b5b","deps":["95"],"epcis":["200055655"]},"geometry":{"type":"LineString","coordinates":[[2.52553,49.09959],[2.5224,49.06726],[2.52183,49.06532],[2.52089,49.06383],[2.51944,49.06237],[2.50176,49.04933]]}},
{"type":"Feature","properties":{"id":1402,"ligne":"RER D","mode":"rer","couleur":"#008b5b","deps":["91"],"epcis":["249100157"]},"geometry":{"type":"LineString","coordinates":[[2.39341,48.39364],[2.39089,48.39065],[2.39011,48.38867],[2.39012,48.38702],[2.39162,48.38118],[2.39146,48.37891],[2.39087,48.37746],[2.38798,48.37312],[2.38721,48.37138]]}},
{"type":"Feature","properties":{"id":1403,"ligne":"TRAM 2","mode":"tram","couleur":"#a0006e","deps":["92"],"epcis":["200057974"]},"geometry":{"type":"LineString","coordinates":[[2.26048,48.82471],[2.25879,48.82359],[2.25444,48.82253],[2.25134,48.82152]]}},
{"type":"Feature","properties":{"id":1404,"ligne":"TER CENTRE-VDL","mode":"train","couleur":"#aaaaaa","deps":["91"],"epcis":["200017846"]},"geometry":{"type":"LineString","coordinates":[[1.97738,48.26503],[1.98961,48.28833],[2.00353,48.3113]]}},
{"type":"Feature","properties":{"id":1405,"ligne":"TER CENTRE-VDL","mode":"train","couleur":"#aaaaaa","deps":["94"],"epcis":["200058014"]},"geometry":{"type":"LineString","coordinates":[[2.41811,48.75289],[2.41245,48.76158],[2.41139,48.76379]]}},
{"type":"Feature","properties":{"id":1406,"ligne":"TRAIN R","mode":"train","couleur":"#f49fb3","deps":["91"],"epcis":["200058477"]},"geometry":{"type":"LineString","coordinates":[[2.53313,48.68102],[2.52263,48.68517],[2.51962,48.68682],[2.51248,48.69302],[2.50668,48.69911]]}},
{"type":"Feature","properties":{"id":1407,"ligne":"TRAIN R","mode":"train","couleur":"#f49fb3","deps":["77"],"epcis":["247700032"]},"geometry":{"type":"LineString","coordinates":[[2.79634,48.37952],[2.79931,48.3786]]}},
{"type":"Feature","properties":{"id":1408,"ligne":"TRAIN R","mode":"train","couleur":"#f49fb3","deps":["77"],"epcis":["247700032"]},"geometry":{"type":"LineString","coordinates":[[2.79931,48.3786],[2.80361,48.37817],[2.80593,48.37831],[2.8079,48.3787],[2.81105,48.37978],[2.81658,48.38269]]}},
{"type":"Feature","properties":{"id":1409,"ligne":"TRAIN R","mode":"train","couleur":"#f49fb3","deps":["77"],"epcis":["200072346","247700032"]},"geometry":{"type":"LineString","coordinates":[[2.79892,48.40728],[2.79251,48.4134],[2.7905,48.41452],[2.78828,48.41515],[2.78531,48.41533],[2.78093,48.4148],[2.77291,48.41286],[2.76695,48.41221],[2.76422,48.41227],[2.76208,48.41256],[2.75732,48.41373],[2.75556,48.41445],[2.75303,48.41639],[2.75195,48.41876],[2.75202,48.42047],[2.75345,48.42413],[2.75273,48.42821],[2.753,48.4305]]}},
{"type":"Feature","properties":{"id":1410,"ligne":"TRAIN R","mode":"train","couleur":"#f49fb3","deps":["77"],"epcis":["200072346","247700057"]},"geometry":{"type":"LineString","coordinates":[[2.69203,48.47552],[2.67587,48.48497],[2.67327,48.48732],[2.67028,48.49137],[2.66895,48.49392],[2.6682,48.49657],[2.66783,48.5076],[2.66603,48.51775],[2.66489,48.52019],[2.66276,48.52299]]}},
{"type":"Feature","properties":{"id":1411,"ligne":"TRAIN R","mode":"train","couleur":"#f49fb3","deps":["77"],"epcis":["200070779","200072346"]},"geometry":{"type":"LineString","coordinates":[[2.76072,48.44267],[2.76623,48.4482],[2.76783,48.45214],[2.77149,48.45824],[2.77337,48.46647],[2.77334,48.46929],[2.77179,48.47366],[2.76787,48.47916],[2.76576,48.48111],[2.76301,48.48298],[2.7578,48.48548],[2.75553,48.48623],[2.75048,48.48737]]}},
{"type":"Feature","properties":{"id":1412,"ligne":"TRAIN R","mode":"train","couleur":"#f49fb3","deps":["77"],"epcis":["200059228"]},"geometry":{"type":"LineString","coordinates":[[2.59455,48.56495],[2.59265,48.56993],[2.5866,48.58969],[2.58395,48.59556]]}},
{"type":"Feature","properties":{"id":1413,"ligne":"TRAIN L","mode":"train","couleur":"#c4a4cc","deps":["92"],"epcis":["200057974","200057982"]},"geometry":{"type":"LineString","coordinates":[[2.18711,48.83828],[2.18518,48.83726],[2.18292,48.83658],[2.16111,48.83388],[2.1592,48.83393],[2.15728,48.83437],[2.1527,48.83664]]}},
{"type":"Feature","properties":{"id":1414,"ligne":"TRAIN L","mode":"train","couleur":"#c4a4cc","deps":["75"],"epcis":["75056"]},"geometry":{"type":"LineString","coordinates":[[2.32474,48.87684],[2.32185,48.88108],[2.31601,48.88678],[2.31373,48.88822]]}},
{"type":"Feature","properties":{"id":1415,"ligne":"TRAIN L","mode":"train","couleur":"#c4a4cc","deps":["92"],"epcis":["200057982","200057990"]},"geometry":{"type":"LineString","coordinates":[[2.28302,48.90582],[2.28032,48.90659],[2.27717,48.90689],[2.27373,48.90666],[2.26996,48.90576]]}},
{"type":"Feature","properties":{"id":1416,"ligne":"TRAIN H","mode":"train","couleur":"#84653d","deps":["95"],"epcis":["200073013"]},"geometry":{"type":"LineString","coordinates":[[2.36825,49.11663],[2.37041,49.11797],[2.37295,49.11856],[2.38116,49.11872],[2.38283,49.11849],[2.38648,49.11753],[2.3895,49.1174],[2.39118,49.11751],[2.39715,49.11873],[2.39972,49.11902]]}},
{"type":"Feature","properties":{"id":1417,"ligne":"TRAIN H","mode":"train","couleur":"#84653d","deps":["95"],"epcis":["200073013"]},"geometry":{"type":"LineString","coordinates":[[2.36127,49.0984],[2.36409,49.10255],[2.3647,49.10436],[2.36447,49.1059],[2.36273,49.10996],[2.36282,49.11194],[2.36409,49.11364],[2.36825,49.11663]]}},
{"type":"Feature","properties":{"id":1418,"ligne":"TRAIN H","mode":"train","couleur":"#84653d","deps":["95"],"epcis":["249500109"]},"geometry":{"type":"LineString","coordinates":[[2.10723,49.04539],[2.10511,49.04531]]}},
{"type":"Feature","properties":{"id":1419,"ligne":"TRAIN H","mode":"train","couleur":"#84653d","deps":["95"],"epcis":["249500489"]},"geometry":{"type":"LineString","coordinates":[[2.27055,49.14529],[2.24268,49.136]]}},
{"type":"Feature","properties":{"id":1420,"ligne":"TRAIN H","mode":"train","couleur":"#84653d","deps":["95"],"epcis":["249500455","249500489"]},"geometry":{"type":"LineString","coordinates":[[2.24268,49.136],[2.22275,49.12931],[2.21468,49.12537],[2.2125,49.12347],[2.21121,49.12145],[2.21002,49.11478]]}},
{"type":"Feature","properties":{"id":1421,"ligne":"TRAIN H","mode":"train","couleur":"#84653d","deps":["95"],"epcis":["249500489"]},"geometry":{"type":"LineString","coordinates":[[2.32483,49.15513],[2.29453,49.15297],[2.2918,49.15237],[2.28175,49.14897]]}},
{"type":"Feature","properties":{"id":1422,"ligne":"TRAIN H","mode":"train","couleur":"#84653d","deps":["95"],"epcis":["249500109"]},"geometry":{"type":"LineString","coordinates":[[2.10723,49.04539],[2.10923,49.04572],[2.11094,49.0463],[2.11764,49.04975],[2.11995,49.05158],[2.12274,49.0551]]}},
{"type":"Feature","properties":{"id":1423,"ligne":"TRAIN H","mode":"train","couleur":"#84653d","deps":["95"],"epcis":["249500109"]},"geometry":{"type":"LineString","coordinates":[[2.12274,49.0551],[2.13154,49.06115]]}},
{"type":"Feature","properties":{"id":1424,"ligne":"TRAIN H","mode":"train","couleur":"#84653d","deps":["95"],"epcis":["249500430","249500455"]},"geometry":{"type":"LineString","coordinates":[[2.20098,49.08931],[2.20092,49.0876],[2.20186,49.08601],[2.20279,49.08522],[2.20591,49.08356],[2.20718,49.08211],[2.2074,49.08104],[2.20721,49.08013],[2.20545,49.0777]]}},
{"type":"Feature","properties":{"id":1425,"ligne":"TRAIN H","mode":"train","couleur":"#84653d","deps":["95"],"epcis":["200058485"]},"geometry":{"type":"LineString","coordinates":[[2.22232,49.02496],[2.22938,49.02177]]}},
{"type":"Feature","properties":{"id":1426,"ligne":"TRAIN H","mode":"train","couleur":"#84653d","deps":["95"],"epcis":["200058485","249500455"]},"geometry":{"type":"LineString","coordinates":[[2.19124,49.05805],[2.19032,49.05633],[2.19048,49.05481],[2.19124,49.05378],[2.19435,49.05182],[2.19584,49.05042],[2.19679,49.04826],[2.19709,49.04543]]}},
{"type":"Feature","properties":{"id":1427,"ligne":"TRAIN P","mode":"train","couleur":"#f58f53","deps":["75"],"epcis":["75056"]},"geometry":{"type":"LineString","coordinates":[[2.35946,48.87738],[2.36083,48.87974],[2.36174,48.88228],[2.36773,48.89248],[2.37036,48.8949],[2.37382,48.89658]]}},
{"type":"Feature","properties":{"id":1428,"ligne":"TRAIN P","mode":"train","couleur":"#f58f53","deps":["77"],"epcis":["200023125","200072874"]},"geometry":{"type":"LineString","coordinates":[[2.86896,48.73494],[2.86491,48.73255],[2.86267,48.73162],[2.85785,48.73029],[2.85319,48.72963],[2.80424,48.72929],[2.80145,48.72967],[2.76586,48.73733],[2.75882,48.73949]]}},
{"type":"Feature","properties":{"id":1429,"ligne":"TRAIN P","mode":"train","couleur":"#f58f53","deps":["77"],"epcis":["200072874","200090504"]},"geometry":{"type":"LineString","coordinates":[[2.95373,48.81078],[2.94682,48.8118],[2.9396,48.81329],[2.93704,48.8136],[2.93212,48.8133],[2.92998,48.81276],[2.92802,48.81196],[2.92566,48.81052],[2.92007,48.80594],[2.91137,48.80115],[2.90906,48.79957],[2.90781,48.79837],[2.90663,48.79639],[2.90616,48.79427],[2.90632,48.79276],[2.90739,48.7895]]}},
{"type":"Feature","properties":{"id":1430,"ligne":"TRAIN P","mode":"train","couleur":"#f58f53","deps":["77"],"epcis":["200090504"]},"geometry":{"type":"LineString","coordinates":[[3.2193,48.97403],[3.22214,48.97386],[3.2285,48.97397],[3.2318,48.97365],[3.23582,48.97273],[3.23953,48.97125],[3.24205,48.96975],[3.2441,48.96807],[3.25698,48.9539],[3.25865,48.95238],[3.26057,48.95118],[3.26283,48.95021],[3.26553,48.94949],[3.26858,48.94911],[3.27211,48.9492],[3.27528,48.9498],[3.27848,48.95096],[3.28108,48.95256],[3.28281,48.95425],[3.28376,48.95568],[3.28437,48.95736],[3.28492,48.96084],[3.28618,48.96301],[3.28854,48.96511],[3.29181,48.96671],[3.29426,48.96738],[3.29691,48.96772],[3.3228,48.96876]]}},
{"type":"Feature","properties":{"id":1431,"ligne":"TRAIN V","mode":"train","couleur":"#9f9825","deps":["78"],"epcis":["247800584"]},"geometry":{"type":"LineString","coordinates":[[2.14214,48.79572],[2.14551,48.79577],[2.14739,48.79556],[2.14945,48.79489],[2.15106,48.79378],[2.15215,48.79175],[2.15168,48.78827],[2.15187,48.78692],[2.1527,48.7856],[2.15493,48.78359],[2.15571,48.78189],[2.1556,48.78057],[2.15484,48.77925],[2.151,48.77557],[2.14798,48.7732],[2.14697,48.77163]]}},
{"type":"Feature","properties":{"id":1432,"ligne":"TRAM 1","mode":"tram","couleur":"#0055c8","deps":["93"],"epcis":["200057875"]},"geometry":{"type":"LineString","coordinates":[[2.46997,48.9047],[2.46942,48.90547],[2.46497,48.90573],[2.46052,48.9067]]}},
{"type":"Feature","properties":{"id":1433,"ligne":"TRAM 1","mode":"tram","couleur":"#0055c8","deps":["93"],"epcis":["200057867"]},"geometry":{"type":"LineString","coordinates":[[2.39247,48.9274],[2.38476,48.92997]]}},
{"type":"Feature","properties":{"id":1434,"ligne":"TRAM 1","mode":"tram","couleur":"#0055c8","deps":["93"],"epcis":["200057875"]},"geometry":{"type":"LineString","coordinates":[[2.43128,48.91409],[2.42501,48.91584]]}},
{"type":"Feature","properties":{"id":1435,"ligne":"TRAM 1","mode":"tram","couleur":"#0055c8","deps":["93"],"epcis":["200057875"]},"geometry":{"type":"LineString","coordinates":[[2.45001,48.90654],[2.44399,48.90654]]}},
{"type":"Feature","properties":{"id":1436,"ligne":"TRAM 1","mode":"tram","couleur":"#0055c8","deps":["93"],"epcis":["200057867"]},"geometry":{"type":"LineString","coordinates":[[2.35585,48.93859],[2.351,48.93813],[2.3504,48.93751]]}},
{"type":"Feature","properties":{"id":1437,"ligne":"TER NORMANDIE","mode":"train","couleur":"#aaaaaa","deps":["78"],"epcis":["200071074"]},"geometry":{"type":"LineString","coordinates":[[1.50535,48.9151],[1.50836,48.91511],[1.51139,48.91553],[1.51411,48.91644],[1.51608,48.91759],[1.51806,48.91974],[1.51958,48.9242],[1.5215,48.92696],[1.5379,48.94081],[1.54177,48.94346]]}},
{"type":"Feature","properties":{"id":1438,"ligne":"TRAIN J","mode":"train","couleur":"#cec73d","deps":["95"],"epcis":["200035970"]},"geometry":{"type":"LineString","coordinates":[[2.02495,49.07584],[2.00628,49.07975],[2.00372,49.08049]]}},
{"type":"Feature","properties":{"id":1439,"ligne":"TRAIN J","mode":"train","couleur":"#cec73d","deps":["95"],"epcis":["200058485"]},"geometry":{"type":"LineString","coordinates":[[2.26913,48.98025],[2.26718,48.97988],[2.26554,48.97924],[2.26427,48.97838],[2.26342,48.97736],[2.26295,48.97539],[2.26383,48.97099]]}},
{"type":"Feature","properties":{"id":1440,"ligne":"TRAIN J","mode":"train","couleur":"#cec73d","deps":["78"],"epcis":["200059889"]},"geometry":{"type":"LineString","coordinates":[[1.84835,48.97214],[1.91353,48.99259]]}},
{"type":"Feature","properties":{"id":1441,"ligne":"TER BOURGOGNE-FC","mode":"train","couleur":"#aaaaaa","deps":["77"],"epcis":["200023240","200072346"]},"geometry":{"type":"LineString","coordinates":[[2.69248,48.33268],[2.68857,48.33105],[2.68548,48.32934],[2.68279,48.32745],[2.68016,48.32505],[2.67823,48.32269],[2.67685,48.32045],[2.67567,48.31745],[2.67515,48.31467],[2.67537,48.3105],[2.68352,48.27266],[2.68424,48.27011],[2.68565,48.26776]]}},
{"type":"Feature","properties":{"id":1442,"ligne":"TER BOURGOGNE-FC","mode":"train","couleur":"#aaaaaa","deps":["77","91"],"epcis":["200058477","200059228"]},"geometry":{"type":"LineString","coordinates":[[2.54755,48.6679],[2.54068,48.67621],[2.53737,48.67878],[2.53313,48.68102]]}},
{"type":"Feature","properties":{"id":1443,"ligne":"TER BOURGOGNE-FC","mode":"train","couleur":"#aaaaaa","deps":["91","94"],"epcis":["200058014","200058477"]},"geometry":{"type":"LineString","coordinates":[[2.46228,48.70824],[2.45989,48.70929],[2.45615,48.71147],[2.45076,48.71364],[2.44843,48.71411],[2.44472,48.71405],[2.44255,48.71427],[2.4404,48.71505],[2.43865,48.71654],[2.43809,48.71822],[2.43852,48.71982],[2.43965,48.72116],[2.44224,48.72316],[2.44303,48.72409],[2.44583,48.72911],[2.44623,48.73064]]}},
{"type":"Feature","properties":{"id":1444,"ligne":"TER BOURGOGNE-FC","mode":"train","couleur":"#aaaaaa","deps":["77"],"epcis":["247700032","247700107"]},"geometry":{"type":"LineString","coordinates":[[2.89638,48.37864],[2.88586,48.37621],[2.87198,48.37655],[2.863,48.37813],[2.84948,48.38261],[2.84617,48.38409],[2.84204,48.38677]]}},
{"type":"Feature","properties":{"id":1445,"ligne":"TER BOURGOGNE-FC","mode":"train","couleur":"#aaaaaa","deps":["77"],"epcis":["200072346","247700032"]},"geometry":{"type":"LineString","coordinates":[[2.79892,48.40728],[2.79251,48.4134],[2.7905,48.41452],[2.78828,48.41515],[2.78531,48.41533],[2.78093,48.4148],[2.77291,48.41286],[2.76695,48.41221],[2.76422,48.41227],[2.76208,48.41256],[2.75732,48.41373],[2.75556,48.41445],[2.75303,48.41639],[2.75195,48.41876],[2.75202,48.42047],[2.75345,48.42413],[2.75273,48.42821],[2.753,48.4305]]}},
{"type":"Feature","properties":{"id":1446,"ligne":"TRAIN N","mode":"train","couleur":"#00b297","deps":["92"],"epcis":["200057966","200057974"]},"geometry":{"type":"LineString","coordinates":[[2.27449,48.81424],[2.2805,48.81476],[2.28369,48.81534],[2.28791,48.81657],[2.29206,48.81839]]}},
{"type":"Feature","properties":{"id":1447,"ligne":"TRAIN N","mode":"train","couleur":"#00b297","deps":["92"],"epcis":["200057974"]},"geometry":{"type":"LineString","coordinates":[[2.22981,48.81895],[2.24092,48.81488]]}},
{"type":"Feature","properties":{"id":1448,"ligne":"TRAIN N","mode":"train","couleur":"#00b297","deps":["75","92"],"epcis":["200057974","75056"]},"geometry":{"type":"LineString","coordinates":[[2.29206,48.81839],[2.29529,48.82044],[2.32051,48.84119]]}},
{"type":"Feature","properties":{"id":1449,"ligne":"TRAIN N","mode":"train","couleur":"#00b297","deps":["78"],"epcis":["200058782","247800618"]},"geometry":{"type":"LineString","coordinates":[[1.9246,48.83351],[1.9444,48.83192]]}},
{"type":"Feature","properties":{"id":1450,"ligne":"TRAIN N","mode":"train","couleur":"#00b297","deps":["78"],"epcis":["200058782","247800584"]},"geometry":{"type":"LineString","coordinates":[[1.99286,48.82365],[1.99565,48.82226],[2.03096,48.80926],[2.0348,48.80817],[2.04052,48.80725]]}},
{"type":"Feature","properties":{"id":1451,"ligne":"TRAIN N","mode":"train","couleur":"#00b297","deps":["78"],"epcis":["200059889"]},"geometry":{"type":"LineString","coordinates":[[1.84052,48.93872],[1.83826,48.94295],[1.83549,48.94724],[1.83181,48.95812],[1.82938,48.96086],[1.82594,48.96278],[1.82377,48.96344],[1.82116,48.96391],[1.81777,48.964],[1.80909,48.96334]]}},
{"type":"Feature","properties":{"id":1452,"ligne":"TER CENTRE-VDL","mode":"train","couleur":"#aaaaaa","deps":["78"],"epcis":["200073344"]},"geometry":{"type":"LineString","coordinates":[[1.68165,48.60508],[1.68578,48.6095],[1.68808,48.6108],[1.6906,48.61159],[1.69291,48.61192],[1.69531,48.61188],[1.6979,48.61144],[1.70196,48.61002],[1.70405,48.60957],[1.70647,48.60942],[1.70929,48.6097],[1.72377,48.6124],[1.72611,48.61306],[1.73144,48.6152],[1.73663,48.61689],[1.74923,48.62371],[1.75246,48.62491],[1.75664,48.62554],[1.77325,48.62604]]}},
{"type":"Feature","properties":{"id":1453,"ligne":"TER CENTRE-VDL","mode":"train","couleur":"#aaaaaa","deps":["78"],"epcis":["200073344"]},"geometry":{"type":"LineString","coordinates":[[1.77325,48.62604],[1.78109,48.62627],[1.7837,48.62657],[1.81225,48.633],[1.81601,48.63435],[1.81917,48.63582],[1.83294,48.64422]]}},
{"type":"Feature","properties":{"id":1454,"ligne":"RER A","mode":"rer","couleur":"#eb2132","deps":["78","92"],"epcis":["200057982","200058519"]},"geometry":{"type":"LineString","coordinates":[[2.17258,48.88757],[2.16962,48.88673],[2.16494,48.88586],[2.15929,48.88521],[2.1559,48.88521]]}},
{"type":"Feature","properties":{"id":1455,"ligne":"RER A","mode":"rer","couleur":"#eb2132","deps":["94"],"epcis":["200057941"]},"geometry":{"type":"LineString","coordinates":[[2.4617,48.84431],[2.4635,48.84379]]}},
{"type":"Feature","properties":{"id":1456,"ligne":"RER A","mode":"rer","couleur":"#eb2132","deps":["94"],"epcis":["200057941","200058006"]},"geometry":{"type":"LineString","coordinates":[[2.51342,48.79538],[2.51156,48.79282],[2.50722,48.7855],[2.50698,48.78264],[2.50748,48.77171]]}},
{"type":"Feature","properties":{"id":1457,"ligne":"RER A","mode":"rer","couleur":"#eb2132","deps":["94"],"epcis":["200057941"]},"geometry":{"type":"LineString","coordinates":[[2.47168,48.83429],[2.4705,48.83168],[2.46678,48.82795],[2.46386,48.82104]]}},
{"type":"Feature","properties":{"id":1458,"ligne":"RER A","mode":"rer","couleur":"#eb2132","deps":["94"],"epcis":["200057941"]},"geometry":{"type":"LineString","coordinates":[[2.46386,48.82104],[2.46365,48.81865],[2.46407,48.81592],[2.46706,48.81034],[2.46906,48.80817],[2.47073,48.80708],[2.47272,48.8062]]}},
{"type":"Feature","properties":{"id":1459,"ligne":"RER A","mode":"rer","couleur":"#eb2132","deps":["93","94"],"epcis":["200057941","200058790"]},"geometry":{"type":"LineString","coordinates":[[2.5499,48.84084],[2.53252,48.84082],[2.53075,48.84126],[2.52907,48.84208],[2.52562,48.84519]]}},
{"type":"Feature","properties":{"id":1460,"ligne":"RER A","mode":"rer","couleur":"#eb2132","deps":["77"],"epcis":["200057958"]},"geometry":{"type":"LineString","coordinates":[[2.65513,48.83965],[2.64094,48.83818],[2.6376,48.83838],[2.63321,48.83922]]}},
{"type":"Feature","properties":{"id":1461,"ligne":"RER A","mode":"rer","couleur":"#eb2132","deps":["77"],"epcis":["247700339","247700594"]},"geometry":{"type":"LineString","coordinates":[[2.77243,48.85482],[2.76507,48.85091],[2.76314,48.85026],[2.75499,48.84845],[2.7512,48.84733],[2.74804,48.84606],[2.73768,48.84116],[2.73438,48.84],[2.72986,48.83904],[2.70898,48.83654]]}},
{"type":"Feature","properties":{"id":1462,"ligne":"TER","mode":"train","couleur":"#888888","deps":["75"],"epcis":["75056"]},"geometry":{"type":"LineString","coordinates":[[2.30099,48.86266],[2.29849,48.86229],[2.29605,48.86135],[2.29114,48.858],[2.2898,48.85646]]}},
{"type":"Feature","properties":{"id":1463,"ligne":"METRO 8","mode":"metro","couleur":"#d282be","deps":["75"],"epcis":["75056"]},"geometry":{"type":"LineString","coordinates":[[2.28214,48.83873],[2.27879,48.83697],[2.27833,48.8363]]}},
{"type":"Feature","properties":{"id":1464,"ligne":"METRO 8","mode":"metro","couleur":"#d282be","deps":["75"],"epcis":["75056"]},"geometry":{"type":"LineString","coordinates":[[2.31057,48.85773],[2.3064,48.85489]]}},
{"type":"Feature","properties":{"id":1465,"ligne":"METRO 8","mode":"metro","couleur":"#d282be","deps":["75"],"epcis":["75056"]},"geometry":{"type":"LineString","coordinates":[[2.29863,48.84958],[2.29721,48.84854],[2.29395,48.84479]]}},
{"type":"Feature","properties":{"id":1466,"ligne":"METRO 8","mode":"metro","couleur":"#d282be","deps":["75"],"epcis":["75056"]},"geometry":{"type":"LineString","coordinates":[[2.36818,48.8571],[2.36721,48.86117]]}},
{"type":"Feature","properties":{"id":1467,"ligne":"TER GRAND-EST","mode":"train","couleur":"#aaaaaa","deps":["77"],"epcis":["200023125"]},"geometry":{"type":"LineString","coordinates":[[2.69025,48.77078],[2.69224,48.76732],[2.7042,48.75657],[2.70745,48.75496],[2.72108,48.75065],[2.7232,48.74949],[2.72723,48.74645]]}},
{"type":"Feature","properties":{"id":1468,"ligne":"TER GRAND-EST","mode":"train","couleur":"#aaaaaa","deps":["94"],"epcis":["200057941"]},"geometry":{"type":"LineString","coordinates":[[2.49419,48.83934],[2.49455,48.83623],[2.49509,48.83475],[2.49813,48.8301],[2.49963,48.82854],[2.50211,48.82693],[2.50486,48.82586],[2.50754,48.82529],[2.51186,48.82485]]}},
{"type":"Feature","properties":{"id":1469,"ligne":"TER GRAND-EST","mode":"train","couleur":"#aaaaaa","deps":["77"],"epcis":["200072130"]},"geometry":{"type":"LineString","coordinates":[[2.87336,48.95693],[2.8742,48.95958],[2.87624,48.96196],[2.87938,48.96368],[2.88104,48.96415],[2.88327,48.96444],[2.88621,48.96433],[2.93135,48.96009],[2.95006,48.96023]]}},
{"type":"Feature","properties":{"id":1470,"ligne":"METRO 6","mode":"metro","couleur":"#82dc73","deps":["75"],"epcis":["75056"]},"geometry":{"type":"LineString","coordinates":[[2.29324,48.87126],[2.29006,48.86698]]}},
{"type":"Feature","properties":{"id":1471,"ligne":"METRO 6","mode":"metro","couleur":"#82dc73","deps":["75"],"epcis":["75056"]},"geometry":{"type":"LineString","coordinates":[[2.36286,48.83322],[2.36813,48.83495]]}},
{"type":"Feature","properties":{"id":1472,"ligne":"METRO 6","mode":"metro","couleur":"#82dc73","deps":["75"],"epcis":["75056"]},"geometry":{"type":"LineString","coordinates":[[2.35041,48.82979],[2.35404,48.83091],[2.35612,48.83093]]}},
{"type":"Feature","properties":{"id":1473,"ligne":"TER GRAND-EST","mode":"train","couleur":"#aaaaaa","deps":["77","93"],"epcis":["200057958","200058790"]},"geometry":{"type":"LineString","coordinates":[[2.55288,48.87716],[2.58333,48.87414]]}},
{"type":"Feature","properties":{"id":1474,"ligne":"TER GRAND-EST","mode":"train","couleur":"#aaaaaa","deps":["77"],"epcis":["247700339"]},"geometry":{"type":"LineString","coordinates":[[2.82641,48.89086],[2.83737,48.88738],[2.85074,48.88524],[2.85287,48.88426],[2.85432,48.88268]]}},
{"type":"Feature","properties":{"id":1475,"ligne":"TER GRAND-EST","mode":"train","couleur":"#aaaaaa","deps":["77"],"epcis":["200072874"]},"geometry":{"type":"LineString","coordinates":[[2.90739,48.7895],[2.90787,48.78688],[2.90749,48.78501],[2.9068,48.78363],[2.89215,48.76874],[2.87458,48.74],[2.87248,48.7377],[2.86896,48.73494]]}},
{"type":"Feature","properties":{"id":1476,"ligne":"TER GRAND-EST","mode":"train","couleur":"#aaaaaa","deps":["77"],"epcis":["200090504"]},"geometry":{"type":"LineString","coordinates":[[2.99311,48.80865],[2.98789,48.81019],[2.98628,48.81032],[2.98445,48.81015],[2.98173,48.80916],[2.97913,48.80701],[2.97754,48.80621],[2.97025,48.80452],[2.96704,48.80418],[2.96488,48.80444],[2.96275,48.80514],[2.96146,48.80589],[2.95748,48.80918],[2.95571,48.8101],[2.95373,48.81078]]}},
{"type":"Feature","properties":{"id":1477,"ligne":"TER GRAND-EST","mode":"train","couleur":"#aaaaaa","deps":["77"],"epcis":["247700065"]},"geometry":{"type":"LineString","coordinates":[[3.06269,49.09188],[3.06482,49.08962],[3.06596,49.08792],[3.06653,49.08612],[3.0665,49.08411],[3.06589,49.08235],[3.06065,49.0726],[3.05839,49.06033],[3.05364,49.04975],[3.05323,49.04753],[3.05269,49.03668],[3.05215,49.03476],[3.0506,49.03251],[3.04842,49.03079],[3.03176,49.02176]]}},
{"type":"Feature","properties":{"id":1478,"ligne":"TER","mode":"train","couleur":"#aaaaaa","deps":["93","95"],"epcis":["200056380","200057867"]},"geometry":{"type":"LineString","coordinates":[[2.32846,48.9581],[2.32609,48.95987]]}},
{"type":"Feature","properties":{"id":1479,"ligne":"TER HAUTS-DE-FRANCE","mode":"train","couleur":"#aaaaaa","deps":["95"],"epcis":["249500455","249500489"]},"geometry":{"type":"LineString","coordinates":[[2.28792,49.11406],[2.28844,49.11729],[2.28947,49.12026],[2.28919,49.12245],[2.28531,49.12992],[2.28358,49.1313],[2.28052,49.13258]]}},
{"type":"Feature","properties":{"id":1480,"ligne":"TER","mode":"train","couleur":"#888888","deps":["95"],"epcis":["200058485"]},"geometry":{"type":"LineString","coordinates":[[2.26913,48.98025],[2.26718,48.97988],[2.26554,48.97924],[2.26427,48.97838],[2.26342,48.97736],[2.26295,48.97539],[2.26383,48.97099]]}},
{"type":"Feature","properties":{"id":1481,"ligne":"TER","mode":"train","couleur":"#888888","deps":["78","95"],"epcis":["200059889","249500109"]},"geometry":{"type":"LineString","coordinates":[[2.09464,48.99575],[2.0929,48.99546],[2.09161,48.99557],[2.09011,48.99611],[2.08902,48.99714],[2.08558,49.01236],[2.08557,49.01342],[2.08619,49.01462],[2.09018,49.01769]]}},
{"type":"Feature","properties":{"id":1482,"ligne":"TER","mode":"train","couleur":"#888888","deps":["75","93"],"epcis":["200057867","75056"]},"geometry":{"type":"LineString","coordinates":[[2.3156,48.89417],[2.32035,48.89558],[2.32243,48.89596],[2.32377,48.89695],[2.32402,48.89813],[2.32263,48.90457]]}},
{"type":"Feature","properties":{"id":1483,"ligne":"TER","mode":"train","couleur":"#888888","deps":["94"],"epcis":["200058014"]},"geometry":{"type":"LineString","coordinates":[[2.37311,48.74835],[2.38409,48.75269],[2.38647,48.75302],[2.38925,48.7528],[2.39109,48.75227],[2.39315,48.7511],[2.39766,48.74607],[2.40291,48.74188]]}},
{"type":"Feature","properties":{"id":1484,"ligne":"TER","mode":"train","couleur":"#888888","deps":["75"],"epcis":["75056"]},"geometry":{"type":"LineString","coordinates":[[2.27479,48.85697],[2.27431,48.85808],[2.2745,48.85974],[2.27235,48.86292],[2.27216,48.86546]]}},
{"type":"Feature","properties":{"id":1485,"ligne":"TER","mode":"train","couleur":"#888888","deps":["75"],"epcis":["75056"]},"geometry":{"type":"LineString","coordinates":[[2.27949,48.85365],[2.27563,48.8561],[2.27479,48.85697]]}},
{"type":"Feature","properties":{"id":1486,"ligne":"TER","mode":"train","couleur":"#888888","deps":["92","93"],"epcis":["200057867","200057990"]},"geometry":{"type":"LineString","coordinates":[[2.32263,48.90457],[2.32156,48.90813],[2.31953,48.91097],[2.31825,48.91377],[2.31529,48.91796],[2.31384,48.92087]]}},
{"type":"Feature","properties":{"id":1487,"ligne":"TER HAUTS-DE-FRANCE","mode":"train","couleur":"#888888","deps":["93"],"epcis":["200058097"]},"geometry":{"type":"LineString","coordinates":[[2.47567,48.93231],[2.49551,48.9322]]}},
{"type":"Feature","properties":{"id":1488,"ligne":"TER HAUTS-DE-FRANCE","mode":"train","couleur":"#888888","deps":["93"],"epcis":["200058097"]},"geometry":{"type":"LineString","coordinates":[[2.49551,48.9322],[2.50804,48.93225],[2.51584,48.93186],[2.5186,48.93199],[2.52195,48.93259],[2.53471,48.93628]]}},
{"type":"Feature","properties":{"id":1489,"ligne":"TER HAUTS-DE-FRANCE","mode":"train","couleur":"#888888","deps":["77"],"epcis":["200055655"]},"geometry":{"type":"LineString","coordinates":[[2.64241,48.97586],[2.66506,48.99139]]}},
{"type":"Feature","properties":{"id":1490,"ligne":"TER HAUTS-DE-FRANCE","mode":"train","couleur":"#888888","deps":["77"],"epcis":["200033090","200055655"]},"geometry":{"type":"LineString","coordinates":[[2.69922,49.03228],[2.71039,49.04659],[2.74047,49.09184],[2.74469,49.09612]]}},
{"type":"Feature","properties":{"id":1491,"ligne":"TER","mode":"train","couleur":"#888888","deps":["75","92"],"epcis":["200057974","75056"]},"geometry":{"type":"LineString","coordinates":[[2.27046,48.83909],[2.26898,48.83739],[2.26725,48.83422],[2.26407,48.8306]]}},
{"type":"Feature","properties":{"id":1492,"ligne":"TER","mode":"train","couleur":"#888888","deps":["91"],"epcis":["200056232"]},"geometry":{"type":"LineString","coordinates":[[2.26307,48.72965],[2.26567,48.73095],[2.26881,48.73303],[2.27119,48.73385]]}},
{"type":"Feature","properties":{"id":1493,"ligne":"TER","mode":"train","couleur":"#888888","deps":["91","92"],"epcis":["200056232","200057966"]},"geometry":{"type":"LineString","coordinates":[[2.274,48.73489],[2.27847,48.7364],[2.28105,48.73693]]}},
{"type":"Feature","properties":{"id":1494,"ligne":"TER CENTRE-VDL","mode":"train","couleur":"#888888","deps":["78"],"epcis":["247800584"]},"geometry":{"type":"LineString","coordinates":[[2.06649,48.79761],[2.07185,48.79871]]}},
{"type":"Feature","properties":{"id":1495,"ligne":"TER NORMANDIE","mode":"train","couleur":"#aaaaaa","deps":["78"],"epcis":["200058519"]},"geometry":{"type":"LineString","coordinates":[[2.15709,48.93774],[2.17819,48.92406],[2.18535,48.92038]]}},
{"type":"Feature","properties":{"id":1496,"ligne":"TER NORMANDIE","mode":"train","couleur":"#aaaaaa","deps":["78"],"epcis":["200058519"]},"geometry":{"type":"LineString","coordinates":[[2.14502,48.9455],[2.15309,48.94004],[2.15709,48.93774]]}},
{"type":"Feature","properties":{"id":1497,"ligne":"TER NORMANDIE","mode":"train","couleur":"#aaaaaa","deps":["78"],"epcis":["200059889"]},"geometry":{"type":"LineString","coordinates":[[1.91924,49.0067],[1.92546,49.00757],[1.93334,49.00951],[1.94813,49.01014],[1.95144,49.00998],[1.95757,49.00899],[1.96355,49.00713]]}},
{"type":"Feature","properties":{"id":1498,"ligne":"TER NORMANDIE","mode":"train","couleur":"#aaaaaa","deps":["78"],"epcis":["200059889"]},"geometry":{"type":"LineString","coordinates":[[1.90178,49.00576],[1.90622,49.00643],[1.9148,49.0062],[1.91924,49.0067]]}},
{"type":"Feature","properties":{"id":1499,"ligne":"TER NORMANDIE","mode":"train","couleur":"#aaaaaa","deps":["78"],"epcis":["200059889"]},"geometry":{"type":"LineString","coordinates":[[1.71521,48.98365],[1.71228,48.98493],[1.7072,48.9878],[1.70302,48.9895]]}},
{"type":"Feature","properties":{"id":1500,"ligne":"TER NORMANDIE","mode":"train","couleur":"#aaaaaa","deps":["78"],"epcis":["200059889"]},"geometry":{"type":"LineString","coordinates":[[2.00593,48.98107],[2.00984,48.97553],[2.01141,48.97411],[2.01323,48.97298],[2.01559,48.97201],[2.01806,48.9714],[2.02752,48.97037]]}},
{"type":"Feature","properties":{"id":1501,"ligne":"RER C","mode":"rer","couleur":"#ffcc30","deps":["78"],"epcis":["200058782","247800584"]},"geometry":{"type":"LineString","coordinates":[[2.04462,48.78739],[2.06291,48.79652],[2.06649,48.79761],[2.07185,48.79871]]}},
{"type":"Feature","properties":{"id":1502,"ligne":"RER C","mode":"rer","couleur":"#ffcc30","deps":["78"],"epcis":["247800584"]},"geometry":{"type":"LineString","coordinates":[[2.18368,48.79973],[2.17899,48.80069],[2.17592,48.80056],[2.17139,48.80072]]}},
{"type":"Feature","properties":{"id":1503,"ligne":"RER C","mode":"rer","couleur":"#ffcc30","deps":["95"],"epcis":["200058485","249500109"]},"geometry":{"type":"LineString","coordinates":[[2.15466,49.01914],[2.15083,49.02018],[2.14707,49.02152],[2.13723,49.02636],[2.13473,49.02809],[2.12826,49.03399]]}},
{"type":"Feature","properties":{"id":1504,"ligne":"RER C","mode":"rer","couleur":"#ffcc30","deps":["91","94"],"epcis":["200058014"]},"geometry":{"type":"LineString","coordinates":[[2.40363,48.71263],[2.40619,48.71453],[2.41427,48.71957],[2.41568,48.7209],[2.41769,48.72377],[2.41957,48.72554]]}},
{"type":"Feature","properties":{"id":1505,"ligne":"RER C","mode":"rer","couleur":"#ffcc30","deps":["92"],"epcis":["200057974"]},"geometry":{"type":"LineString","coordinates":[[2.26407,48.8306],[2.2628,48.82893],[2.26231,48.82778],[2.26218,48.82647],[2.26253,48.82399],[2.26202,48.82232],[2.26045,48.8206],[2.25789,48.81934]]}},
{"type":"Feature","properties":{"id":1506,"ligne":"RER C","mode":"rer","couleur":"#ffcc30","deps":["92"],"epcis":["200057974"]},"geometry":{"type":"LineString","coordinates":[[2.25789,48.81934],[2.25565,48.81858],[2.25128,48.81761],[2.24935,48.81668],[2.24774,48.81518],[2.24602,48.81215],[2.24242,48.80932],[2.24088,48.80749]]}},
{"type":"Feature","properties":{"id":1507,"ligne":"TER NORMANDIE","mode":"train","couleur":"#aaaaaa","deps":["95"],"epcis":["200035970"]},"geometry":{"type":"LineString","coordinates":[[1.97054,49.09965],[1.96607,49.10903],[1.96471,49.11102],[1.96312,49.1126],[1.96098,49.11416],[1.95233,49.11884],[1.95075,49.12049],[1.94933,49.12345]]}},
{"type":"Feature","properties":{"id":1508,"ligne":"TER NORMANDIE","mode":"train","couleur":"#aaaaaa","deps":["95"],"epcis":["200035970"]},"geometry":{"type":"LineString","coordinates":[[2.02495,49.07584],[2.00628,49.07975],[2.00372,49.08049]]}},
{"type":"Feature","properties":{"id":1509,"ligne":"TER","mode":"train","couleur":"#aaaaaa","deps":["95"],"epcis":["249500109"]},"geometry":{"type":"LineString","coordinates":[[2.10111,49.04565],[2.0952,49.04665]]}},
{"type":"Feature","properties":{"id":1510,"ligne":"TER","mode":"train","couleur":"#aaaaaa","deps":["95"],"epcis":["200058485"]},"geometry":{"type":"LineString","coordinates":[[2.27208,48.98065],[2.269,48.98106],[2.26693,48.98159],[2.25747,48.985]]}},
{"type":"Feature","properties":{"id":1511,"ligne":"TRAIN L","mode":"train","couleur":"#c4a4cc","deps":["78"],"epcis":["200058519","200059889"]},"geometry":{"type":"LineString","coordinates":[[2.07773,48.97067],[2.07776,48.96681],[2.0787,48.96389],[2.0822,48.95808],[2.08353,48.95689],[2.08553,48.95584],[2.08755,48.9554],[2.09005,48.95551],[2.09606,48.95798],[2.10002,48.95925],[2.10411,48.96007],[2.11098,48.96044],[2.11619,48.96006],[2.12255,48.9587],[2.12681,48.95704],[2.13092,48.95467],[2.14502,48.9455]]}},
{"type":"Feature","properties":{"id":1512,"ligne":"TRAIN L","mode":"train","couleur":"#c4a4cc","deps":["95"],"epcis":["249500109"]},"geometry":{"type":"LineString","coordinates":[[2.011,49.04788],[2.01474,49.05019],[2.0181,49.05099],[2.02103,49.05096],[2.03429,49.04965]]}},
{"type":"Feature","properties":{"id":1513,"ligne":"TRAIN L","mode":"train","couleur":"#c4a4cc","deps":["78"],"epcis":["200059889"]},"geometry":{"type":"LineString","coordinates":[[2.07396,48.99033],[2.07712,48.98366],[2.07784,48.9812],[2.07804,48.97935],[2.07773,48.97067]]}},
{"type":"Feature","properties":{"id":1514,"ligne":"TRAIN L","mode":"train","couleur":"#c4a4cc","deps":["78","95"],"epcis":["200059889","249500109"]},"geometry":{"type":"LineString","coordinates":[[2.07831,49.01413],[2.07876,49.012],[2.07845,49.01055],[2.07782,49.00959],[2.07545,49.00772],[2.07466,49.00678],[2.07343,49.00241],[2.07319,49.0005],[2.07349,48.99749],[2.0733,48.99435],[2.07396,48.99033]]}},
{"type":"Feature","properties":{"id":1515,"ligne":"TRAIN N","mode":"train","couleur":"#00b297","deps":["78"],"epcis":["247800584"]},"geometry":{"type":"LineString","coordinates":[[2.13516,48.79514],[2.13794,48.79552],[2.15248,48.79632],[2.15993,48.79811],[2.16705,48.80024],[2.17139,48.80072]]}},
{"type":"Feature","properties":{"id":1516,"ligne":"TRAIN H","mode":"train","couleur":"#84653d","deps":["93","95"],"epcis":["200056380","200057867"]},"geometry":{"type":"LineString","coordinates":[[2.32846,48.9581],[2.32609,48.95987]]}},
{"type":"Feature","properties":{"id":1517,"ligne":"TRAIN H","mode":"train","couleur":"#84653d","deps":["95"],"epcis":["200056380"]},"geometry":{"type":"LineString","coordinates":[[2.33683,49.03297],[2.32956,49.03451],[2.32705,49.03582],[2.32585,49.0374],[2.32292,49.04517]]}},
{"type":"Feature","properties":{"id":1518,"ligne":"TRAIN H","mode":"train","couleur":"#84653d","deps":["95"],"epcis":["200056380","200073013"]},"geometry":{"type":"LineString","coordinates":[[2.32292,49.04517],[2.3206,49.05152],[2.32042,49.06266],[2.32097,49.06459],[2.32292,49.06629]]}},
{"type":"Feature","properties":{"id":1519,"ligne":"TRAIN J","mode":"train","couleur":"#cec73d","deps":["78","95"],"epcis":["200059889","249500109"]},"geometry":{"type":"LineString","coordinates":[[2.09464,48.99575],[2.0929,48.99546],[2.09161,48.99557],[2.09011,48.99611],[2.08902,48.99714],[2.08558,49.01236],[2.08557,49.01342],[2.08619,49.01462],[2.09018,49.01769]]}},
{"type":"Feature","properties":{"id":1520,"ligne":"TER CENTRE-VDL","mode":"train","couleur":"#aaaaaa","deps":[],"epcis":[]},"geometry":{"type":"LineString","coordinates":[[1.62212,48.27508],[1.5963,48.26194],[1.59193,48.2603],[1.57054,48.25435],[1.557,48.25095],[1.52684,48.24288],[1.51389,48.23919],[1.50054,48.23586],[1.44128,48.21993],[1.43666,48.21846],[1.40278,48.20358],[1.399,48.2014],[1.39541,48.19826],[1.38625,48.18644]]}},
{"type":"Feature","properties":{"id":1521,"ligne":"TER CENTRE-VDL","mode":"train","couleur":"#aaaaaa","deps":["75"],"epcis":["75056"]},"geometry":{"type":"LineString","coordinates":[[2.3777,48.82888],[2.37279,48.83386],[2.36543,48.84253]]}},
{"type":"Feature","properties":{"id":1522,"ligne":"TER CENTRE-VDL","mode":"train","couleur":"#aaaaaa","deps":["94"],"epcis":["200058014"]},"geometry":{"type":"LineString","coordinates":[[2.41957,48.72554],[2.42398,48.72911],[2.42625,48.73238],[2.42679,48.73384],[2.42713,48.73632],[2.4264,48.73983]]}},
{"type":"Feature","properties":{"id":1523,"ligne":"TER CENTRE-VDL","mode":"train","couleur":"#aaaaaa","deps":["91"],"epcis":["200057859"]},"geometry":{"type":"LineString","coordinates":[[2.31274,48.65281],[2.31028,48.65149],[2.30835,48.64995],[2.30701,48.64839],[2.30598,48.64635],[2.30564,48.64345],[2.30683,48.63588]]}},
{"type":"Feature","properties":{"id":1524,"ligne":"TER CENTRE-VDL","mode":"train","couleur":"#aaaaaa","deps":["91"],"epcis":["200057859"]},"geometry":{"type":"LineString","coordinates":[[2.30206,48.60674],[2.29795,48.59906]]}},
{"type":"Feature","properties":{"id":1525,"ligne":"TER CENTRE-VDL","mode":"train","couleur":"#aaaaaa","deps":["91"],"epcis":["249100553"]},"geometry":{"type":"LineString","coordinates":[[2.25474,48.5204],[2.25072,48.519],[2.24295,48.51776],[2.23628,48.51577],[2.23205,48.51553],[2.22637,48.51639],[2.22334,48.51643],[2.21912,48.5157],[2.21552,48.51425]]}},
{"type":"Feature","properties":{"id":1526,"ligne":"TER CENTRE-VDL","mode":"train","couleur":"#aaaaaa","deps":["91"],"epcis":["200058014"]},"geometry":{"type":"LineString","coordinates":[[2.34449,48.67078],[2.34633,48.67141],[2.34853,48.67258],[2.35035,48.674],[2.35248,48.67645]]}},
{"type":"Feature","properties":{"id":1527,"ligne":"TER CENTRE-VDL","mode":"train","couleur":"#aaaaaa","deps":["91"],"epcis":["200058014"]},"geometry":{"type":"LineString","coordinates":[[2.35248,48.67645],[2.35408,48.6777],[2.35589,48.67867],[2.36497,48.6815],[2.37167,48.68504],[2.3796,48.6877],[2.38285,48.68976]]}},
{"type":"Feature","properties":{"id":1528,"ligne":"TER BOURGOGNE-FC","mode":"train","couleur":"#aaaaaa","deps":[],"epcis":[]},"geometry":{"type":"LineString","coordinates":[[3.33959,47.98428],[3.34261,47.98188],[3.35547,47.97473],[3.35973,47.97301],[3.36405,47.9719],[3.36904,47.97127],[3.37384,47.9713],[3.39331,47.97372]]}},
{"type":"Feature","properties":{"id":1529,"ligne":"TER BOURGOGNE-FC","mode":"train","couleur":"#aaaaaa","deps":[],"epcis":[]},"geometry":{"type":"LineString","coordinates":[[3.28665,48.08537],[3.28659,48.08211],[3.2861,48.08004],[3.28156,48.07314],[3.28018,48.07012],[3.27943,48.06585],[3.27962,48.06371],[3.28108,48.061],[3.28325,48.05904],[3.28532,48.05787],[3.30248,48.05052],[3.30637,48.04775],[3.30831,48.04541],[3.30942,48.04328],[3.30991,48.04106],[3.30992,48.0388],[3.30953,48.03713],[3.30814,48.03437],[3.30279,48.02664]]}},
{"type":"Feature","properties":{"id":1530,"ligne":"TER BOURGOGNE-FC","mode":"train","couleur":"#aaaaaa","deps":["77"],"epcis":["200070779","200072346"]},"geometry":{"type":"LineString","coordinates":[[2.75048,48.48737],[2.7467,48.48805],[2.74299,48.48822],[2.72598,48.48751],[2.72021,48.48704],[2.71474,48.48717],[2.71058,48.48633],[2.70803,48.48611],[2.70004,48.48627],[2.69504,48.48708]]}},
{"type":"Feature","properties":{"id":1531,"ligne":"TER","mode":"train","couleur":"#aaaaaa","deps":["77"],"epcis":["247700057"]},"geometry":{"type":"LineString","coordinates":[[2.66276,48.52299],[2.66155,48.52416],[2.65981,48.52532],[2.65724,48.52652],[2.65499,48.52724]]}},
{"type":"Feature","properties":{"id":1532,"ligne":"TER BOURGOGNE-FC","mode":"train","couleur":"#aaaaaa","deps":["94"],"epcis":["200058014"]},"geometry":{"type":"LineString","coordinates":[[2.44623,48.73064],[2.446,48.73515],[2.44529,48.73796],[2.44406,48.73942],[2.44077,48.74189],[2.43867,48.7445]]}},
{"type":"Feature","properties":{"id":1533,"ligne":"TER BOURGOGNE-FC","mode":"train","couleur":"#aaaaaa","deps":["75"],"epcis":["75056"]},"geometry":{"type":"LineString","coordinates":[[2.38303,48.83908],[2.39035,48.83632]]}},
{"type":"Feature","properties":{"id":1534,"ligne":"TRAIN K","mode":"train","couleur":"#9b9842","deps":[],"epcis":[]},"geometry":{"type":"LineString","coordinates":[[2.74469,49.09612],[2.79445,49.14288]]}},
{"type":"Feature","properties":{"id":1535,"ligne":"TRAIN P","mode":"train","couleur":"#f58f53","deps":["94"],"epcis":["200057941"]},"geometry":{"type":"LineString","coordinates":[[2.48917,48.85427],[2.49363,48.84188],[2.49419,48.83934]]}},
{"type":"Feature","properties":{"id":1536,"ligne":"METRO 8","mode":"metro","couleur":"#d282be","deps":["75"],"epcis":["75056"]},"geometry":{"type":"LineString","coordinates":[[2.34456,48.87126],[2.34045,48.87192],[2.33846,48.87169]]}},
{"type":"Feature","properties":{"id":1537,"ligne":"METRO 8","mode":"metro","couleur":"#d282be","deps":["75","94"],"epcis":["200057941","75056"]},"geometry":{"type":"LineString","coordinates":[[2.40585,48.82662],[2.39885,48.83116],[2.39886,48.83207],[2.40031,48.83274]]}},
{"type":"Feature","properties":{"id":1538,"ligne":"METRO 8","mode":"metro","couleur":"#d282be","deps":["75"],"epcis":["75056"]},"geometry":{"type":"LineString","coordinates":[[2.38409,48.85018],[2.37942,48.85056],[2.3751,48.85152]]}},
{"type":"Feature","properties":{"id":1539,"ligne":"METRO 8","mode":"metro","couleur":"#d282be","deps":["94"],"epcis":["200057941"]},"geometry":{"type":"LineString","coordinates":[[2.41313,48.8219],[2.40585,48.82662]]}},
{"type":"Feature","properties":{"id":1540,"ligne":"METRO 8","mode":"metro","couleur":"#d282be","deps":["75"],"epcis":["75056"]},"geometry":{"type":"LineString","coordinates":[[2.34849,48.87059],[2.34456,48.87126]]}},
{"type":"Feature","properties":{"id":1541,"ligne":"RER D","mode":"rer","couleur":"#008b5b","deps":["75"],"epcis":["75056"]},"geometry":{"type":"LineString","coordinates":[[2.37392,48.84377],[2.36003,48.85333],[2.35666,48.85481],[2.35019,48.85703],[2.34889,48.85821],[2.34701,48.86182]]}},
{"type":"Feature","properties":{"id":1542,"ligne":"RER D","mode":"rer","couleur":"#008b5b","deps":["75"],"epcis":["75056"]},"geometry":{"type":"LineString","coordinates":[[2.34701,48.86182],[2.34556,48.86568],[2.34544,48.8676],[2.34574,48.86888],[2.35015,48.87522],[2.35632,48.87976],[2.35757,48.88176]]}},
{"type":"Feature","properties":{"id":1543,"ligne":"RER D","mode":"rer","couleur":"#008b5b","deps":["94"],"epcis":["200058006","200058014"]},"geometry":{"type":"LineString","coordinates":[[2.43867,48.7445],[2.43738,48.74807],[2.4344,48.75175],[2.43387,48.75316],[2.43345,48.76733],[2.43398,48.76926],[2.43531,48.77127]]}},
{"type":"Feature","properties":{"id":1544,"ligne":"RER D","mode":"rer","couleur":"#008b5b","deps":["77"],"epcis":["200059228"]},"geometry":{"type":"LineString","coordinates":[[2.58395,48.59556],[2.56958,48.62838]]}},
{"type":"Feature","properties":{"id":1545,"ligne":"RER D","mode":"rer","couleur":"#008b5b","deps":["91"],"epcis":["200059228"]},"geometry":{"type":"LineString","coordinates":[[2.47293,48.61343],[2.46781,48.60904]]}},
{"type":"Feature","properties":{"id":1546,"ligne":"TER","mode":"train","couleur":"#aaaaaa","deps":["78"],"epcis":["247800584"]},"geometry":{"type":"LineString","coordinates":[[2.18368,48.79973],[2.17899,48.80069],[2.17592,48.80056],[2.17139,48.80072]]}},
{"type":"Feature","properties":{"id":1547,"ligne":"TER CENTRE-VDL","mode":"train","couleur":"#aaaaaa","deps":["78"],"epcis":["247800584"]},"geometry":{"type":"LineString","coordinates":[[2.04052,48.80725],[2.04511,48.80646],[2.04809,48.80533],[2.04996,48.80414],[2.05218,48.80209],[2.05534,48.79972],[2.058,48.7983],[2.06006,48.7977],[2.06233,48.79737],[2.06425,48.79734],[2.06649,48.79761]]}},
{"type":"Feature","properties":{"id":1548,"ligne":"TER CENTRE-VDL","mode":"train","couleur":"#aaaaaa","deps":["78"],"epcis":["247800584"]},"geometry":{"type":"LineString","coordinates":[[2.07185,48.79871],[2.0751,48.79871],[2.07817,48.7982],[2.08507,48.79557],[2.0887,48.79472],[2.09234,48.79457],[2.10351,48.7957],[2.10546,48.79573],[2.10827,48.79525],[2.11248,48.7937],[2.11508,48.79304],[2.12337,48.79201],[2.1261,48.79207],[2.12836,48.79251],[2.13336,48.79467],[2.13516,48.79514]]}},
{"type":"Feature","properties":{"id":1549,"ligne":"TER CENTRE-VDL","mode":"train","couleur":"#aaaaaa","deps":["78","92"],"epcis":["200057974","247800584"]},"geometry":{"type":"LineString","coordinates":[[2.17139,48.80072],[2.17707,48.80059],[2.18124,48.80118],[2.1837,48.8019],[2.18617,48.80302],[2.18928,48.8052]]}},
{"type":"Feature","properties":{"id":1550,"ligne":"TER CENTRE-VDL","mode":"train","couleur":"#aaaaaa","deps":["78"],"epcis":["200058782"]},"geometry":{"type":"LineString","coordinates":[[1.92104,48.74348],[1.92929,48.74921],[1.93234,48.751],[1.93807,48.7536],[1.94305,48.75519]]}},
{"type":"Feature","properties":{"id":1551,"ligne":"TER CENTRE-VDL","mode":"train","couleur":"#aaaaaa","deps":["92"],"epcis":["200057974"]},"geometry":{"type":"LineString","coordinates":[[2.21486,48.82122],[2.21887,48.82134],[2.22245,48.82099],[2.22629,48.82017],[2.22981,48.81895]]}},
{"type":"Feature","properties":{"id":1552,"ligne":"TER CENTRE-VDL","mode":"train","couleur":"#aaaaaa","deps":["92"],"epcis":["200057966","200057974"]},"geometry":{"type":"LineString","coordinates":[[2.27449,48.81424],[2.2805,48.81476],[2.28369,48.81534],[2.28791,48.81657],[2.29206,48.81839]]}},
{"type":"Feature","properties":{"id":1553,"ligne":"RER E","mode":"rer","couleur":"#b94e9a","deps":["94"],"epcis":["200057941"]},"geometry":{"type":"LineString","coordinates":[[2.49419,48.83934],[2.49455,48.83623],[2.49509,48.83475],[2.49813,48.8301],[2.49963,48.82854],[2.50211,48.82693],[2.50486,48.82586],[2.50754,48.82529],[2.51186,48.82485]]}},
{"type":"Feature","properties":{"id":1554,"ligne":"RER E","mode":"rer","couleur":"#b94e9a","deps":["77","93"],"epcis":["200057958","200058790"]},"geometry":{"type":"LineString","coordinates":[[2.57984,48.82315],[2.60426,48.81096],[2.60798,48.80952],[2.61919,48.80584]]}},
{"type":"Feature","properties":{"id":1555,"ligne":"RER E","mode":"rer","couleur":"#b94e9a","deps":["93"],"epcis":["200057875"]},"geometry":{"type":"LineString","coordinates":[[2.40036,48.89811],[2.40852,48.89861],[2.4175,48.89851],[2.43058,48.89887],[2.43383,48.89847],[2.43909,48.89682],[2.44158,48.89635],[2.44672,48.89626],[2.45836,48.89665]]}},
{"type":"Feature","properties":{"id":1556,"ligne":"METRO 1","mode":"metro","couleur":"#ffbe00","deps":["94"],"epcis":["200057941"]},"geometry":{"type":"LineString","coordinates":[[2.44044,48.84446],[2.42921,48.84547]]}},
{"type":"Feature","properties":{"id":1557,"ligne":"METRO 1","mode":"metro","couleur":"#ffbe00","deps":["75"],"epcis":["75056"]},"geometry":{"type":"LineString","coordinates":[[2.36096,48.85524],[2.35158,48.85748]]}},
{"type":"Feature","properties":{"id":1558,"ligne":"METRO 1","mode":"metro","couleur":"#ffbe00","deps":["75"],"epcis":["75056"]},"geometry":{"type":"LineString","coordinates":[[2.35158,48.85748],[2.3458,48.85929],[2.34625,48.85914]]}},
{"type":"Feature","properties":{"id":1559,"ligne":"METRO 1","mode":"metro","couleur":"#ffbe00","deps":["75"],"epcis":["75056"]},"geometry":{"type":"LineString","coordinates":[[2.39555,48.84758],[2.39403,48.84815],[2.38524,48.84718]]}},
{"type":"Feature","properties":{"id":1560,"ligne":"METRO 1","mode":"metro","couleur":"#ffbe00","deps":["75"],"epcis":["75056"]},"geometry":{"type":"LineString","coordinates":[[2.40809,48.84734],[2.39789,48.84819],[2.39638,48.8476],[2.39555,48.84758]]}},
{"type":"Feature","properties":{"id":1561,"ligne":"METRO 1","mode":"metro","couleur":"#ffbe00","deps":["75"],"epcis":["75056"]},"geometry":{"type":"LineString","coordinates":[[2.30861,48.86944],[2.30056,48.87202]]}},
{"type":"Feature","properties":{"id":1562,"ligne":"METRO 1","mode":"metro","couleur":"#ffbe00","deps":["75"],"epcis":["75056"]},"geometry":{"type":"LineString","coordinates":[[2.29013,48.87534],[2.28316,48.87755]]}},
{"type":"Feature","properties":{"id":1563,"ligne":"METRO 9","mode":"metro","couleur":"#d2d200","deps":["75"],"epcis":["75056"]},"geometry":{"type":"LineString","coordinates":[[2.27844,48.86394],[2.28624,48.86307]]}},
{"type":"Feature","properties":{"id":1564,"ligne":"METRO 9","mode":"metro","couleur":"#d2d200","deps":["75"],"epcis":["75056"]},"geometry":{"type":"LineString","coordinates":[[2.27415,48.85805],[2.27486,48.85852],[2.27501,48.86058],[2.27646,48.86317],[2.2773,48.86385],[2.27844,48.86394]]}},
{"type":"Feature","properties":{"id":1565,"ligne":"METRO 9","mode":"metro","couleur":"#d2d200","deps":["92"],"epcis":["200057974"]},"geometry":{"type":"LineString","coordinates":[[2.23744,48.83174],[2.24358,48.83363]]}},
{"type":"Feature","properties":{"id":1566,"ligne":"METRO 9","mode":"metro","couleur":"#d2d200","deps":["75"],"epcis":["75056"]},"geometry":{"type":"LineString","coordinates":[[2.38002,48.85788],[2.3847,48.85509]]}},
{"type":"Feature","properties":{"id":1567,"ligne":"METRO 9","mode":"metro","couleur":"#d2d200","deps":["93"],"epcis":["200057875"]},"geometry":{"type":"LineString","coordinates":[[2.42298,48.85573],[2.43454,48.85778]]}},
{"type":"Feature","properties":{"id":1568,"ligne":"METRO 9","mode":"metro","couleur":"#d2d200","deps":["75"],"epcis":["75056"]},"geometry":{"type":"LineString","coordinates":[[2.40609,48.85273],[2.41189,48.85377]]}},
{"type":"Feature","properties":{"id":1569,"ligne":"METRO 9","mode":"metro","couleur":"#d2d200","deps":["93"],"epcis":["200057875"]},"geometry":{"type":"LineString","coordinates":[[2.43454,48.85778],[2.43695,48.85835],[2.44152,48.8623]]}},
{"type":"Feature","properties":{"id":1570,"ligne":"METRO 10","mode":"metro","couleur":"#dc9600","deps":["75"],"epcis":["75056"]},"geometry":{"type":"LineString","coordinates":[[2.2784,48.84616],[2.27672,48.84618],[2.27387,48.84729],[2.27276,48.84713]]}},
{"type":"Feature","properties":{"id":1571,"ligne":"METRO 10","mode":"metro","couleur":"#dc9600","deps":["75"],"epcis":["75056"]},"geometry":{"type":"LineString","coordinates":[[2.3261,48.85103],[2.32126,48.84882]]}},
{"type":"Feature","properties":{"id":1572,"ligne":"METRO 10","mode":"metro","couleur":"#dc9600","deps":["75"],"epcis":["75056"]},"geometry":{"type":"LineString","coordinates":[[2.34821,48.85009],[2.34427,48.85105]]}},
{"type":"Feature","properties":{"id":1573,"ligne":"METRO 10","mode":"metro","couleur":"#dc9600","deps":["75"],"epcis":["75056"]},"geometry":{"type":"LineString","coordinates":[[2.3355,48.85302],[2.32877,48.8519],[2.3261,48.85103]]}},
{"type":"Feature","properties":{"id":1574,"ligne":"METRO 10","mode":"metro","couleur":"#dc9600","deps":["75"],"epcis":["75056"]},"geometry":{"type":"LineString","coordinates":[[2.36518,48.84244],[2.36427,48.84454],[2.36019,48.84738],[2.359,48.84736],[2.35705,48.84622],[2.35492,48.84615]]}},
{"type":"Feature","properties":{"id":1575,"ligne":"METRO 14","mode":"metro","couleur":"#640082","deps":["75"],"epcis":["75056"]},"geometry":{"type":"LineString","coordinates":[[2.36803,48.82727],[2.37154,48.8278],[2.37575,48.82999]]}},
{"type":"Feature","properties":{"id":1576,"ligne":"METRO 12","mode":"metro","couleur":"#00643c","deps":["75"],"epcis":["75056"]},"geometry":{"type":"LineString","coordinates":[[2.31785,48.84447],[2.32039,48.845],[2.32435,48.84374]]}},
{"type":"Feature","properties":{"id":1577,"ligne":"METRO 12","mode":"metro","couleur":"#00643c","deps":["75"],"epcis":["75056"]},"geometry":{"type":"LineString","coordinates":[[2.32318,48.86617],[2.32522,48.86882],[2.32516,48.87023]]}},
{"type":"Feature","properties":{"id":1578,"ligne":"METRO 12","mode":"metro","couleur":"#00643c","deps":["75"],"epcis":["75056"]},"geometry":{"type":"LineString","coordinates":[[2.31245,48.84287],[2.31785,48.84447]]}},
{"type":"Feature","properties":{"id":1579,"ligne":"TRAIN P","mode":"train","couleur":"#f58f53","deps":["77"],"epcis":["200057958","247700594"]},"geometry":{"type":"LineString","coordinates":[[2.63759,48.87521],[2.66907,48.87671],[2.67258,48.87722],[2.68477,48.88003],[2.68987,48.88094],[2.69461,48.88146],[2.70601,48.88219]]}},
{"type":"Feature","properties":{"id":1580,"ligne":"TRAIN P","mode":"train","couleur":"#f58f53","deps":["77"],"epcis":["200037133"]},"geometry":{"type":"LineString","coordinates":[[3.28668,48.5453],[3.28859,48.54645],[3.29599,48.55339],[3.29899,48.55482],[3.3018,48.55543]]}},
{"type":"Feature","properties":{"id":1581,"ligne":"TRAIN N","mode":"train","couleur":"#00b297","deps":["78"],"epcis":["200059889"]},"geometry":{"type":"LineString","coordinates":[[1.71521,48.98365],[1.71228,48.98493],[1.7072,48.9878],[1.70302,48.9895]]}},
{"type":"Feature","properties":{"id":1582,"ligne":"METRO 13","mode":"metro","couleur":"#82c8e6","deps":["75"],"epcis":["75056"]},"geometry":{"type":"LineString","coordinates":[[2.31392,48.86003],[2.31389,48.8676]]}},
{"type":"Feature","properties":{"id":1583,"ligne":"METRO 13","mode":"metro","couleur":"#82c8e6","deps":["93"],"epcis":["200057867"]},"geometry":{"type":"LineString","coordinates":[[2.35937,48.93678],[2.36003,48.93771],[2.36169,48.93899],[2.36228,48.94014],[2.36155,48.94344],[2.36166,48.94498],[2.36224,48.94539],[2.36464,48.94587]]}},
{"type":"Feature","properties":{"id":1584,"ligne":"METRO 13","mode":"metro","couleur":"#82c8e6","deps":["75"],"epcis":["75056"]},"geometry":{"type":"LineString","coordinates":[[2.32548,48.87542],[2.32658,48.8756],[2.32687,48.87599],[2.32702,48.87963]]}},
{"type":"Feature","properties":{"id":1585,"ligne":"METRO 13","mode":"metro","couleur":"#82c8e6","deps":["75"],"epcis":["75056"]},"geometry":{"type":"LineString","coordinates":[[2.31642,48.84705],[2.31448,48.85064],[2.31441,48.85144]]}},
{"type":"Feature","properties":{"id":1586,"ligne":"TER GRAND-EST","mode":"train","couleur":"#aaaaaa","deps":["75","93"],"epcis":["200057875","75056"]},"geometry":{"type":"LineString","coordinates":[[2.37382,48.89658],[2.37702,48.8974],[2.37915,48.89766],[2.40036,48.89811]]}},
{"type":"Feature","properties":{"id":1587,"ligne":"RER B","mode":"rer","couleur":"#5091cb","deps":["94"],"epcis":["200058014"]},"geometry":{"type":"LineString","coordinates":[[2.33435,48.8083],[2.33991,48.8126],[2.34083,48.81398],[2.34089,48.81523]]}},
{"type":"Feature","properties":{"id":1588,"ligne":"RER B","mode":"rer","couleur":"#5091cb","deps":["93"],"epcis":["200058097"]},"geometry":{"type":"LineString","coordinates":[[2.47567,48.93231],[2.49551,48.9322]]}},
{"type":"Feature","properties":{"id":1589,"ligne":"TRAIN H","mode":"train","couleur":"#84653d","deps":["95"],"epcis":["200055655","200056380"]},"geometry":{"type":"LineString","coordinates":[[2.36868,48.99601],[2.36896,48.99802],[2.36864,49.0],[2.36302,49.01367],[2.36317,49.01539],[2.36454,49.01916],[2.36448,49.02066],[2.36363,49.02211],[2.36222,49.02321]]}},
{"type":"Feature","properties":{"id":1590,"ligne":"METRO 12","mode":"metro","couleur":"#00643c","deps":["75"],"epcis":["75056"]},"geometry":{"type":"LineString","coordinates":[[2.33786,48.87817],[2.33708,48.87903],[2.33783,48.88083],[2.33716,48.88225]]}},
{"type":"Feature","properties":{"id":1591,"ligne":"METRO 12","mode":"metro","couleur":"#00643c","deps":["75"],"epcis":["75056"]},"geometry":{"type":"LineString","coordinates":[[2.36,48.89049],[2.35951,48.89725]]}},
{"type":"Feature","properties":{"id":1592,"ligne":"METRO 12","mode":"metro","couleur":"#00643c","deps":["75"],"epcis":["75056"]},"geometry":{"type":"LineString","coordinates":[[2.34982,48.89147],[2.35642,48.89027],[2.35969,48.89021],[2.36,48.89049]]}},
{"type":"Feature","properties":{"id":1593,"ligne":"METRO 12","mode":"metro","couleur":"#00643c","deps":["75"],"epcis":["75056"]},"geometry":{"type":"LineString","coordinates":[[2.32516,48.87023],[2.32527,48.87108],[2.32696,48.87354],[2.32671,48.87536],[2.32784,48.87567]]}},
{"type":"Feature","properties":{"id":1594,"ligne":"METRO 4","mode":"metro","couleur":"#a0006e","deps":["75"],"epcis":["75056"]},"geometry":{"type":"LineString","coordinates":[[2.3307,48.85107],[2.33284,48.8534],[2.33378,48.85372]]}},
{"type":"Feature","properties":{"id":1595,"ligne":"METRO 4","mode":"metro","couleur":"#a0006e","deps":["75"],"epcis":["75056"]},"geometry":{"type":"LineString","coordinates":[[2.34329,48.85317],[2.34444,48.85369],[2.34641,48.85412],[2.34732,48.85494]]}},
{"type":"Feature","properties":{"id":1596,"ligne":"METRO 4","mode":"metro","couleur":"#a0006e","deps":["75"],"epcis":["75056"]},"geometry":{"type":"LineString","coordinates":[[2.34962,48.86397],[2.35165,48.86457],[2.35283,48.86673]]}},
{"type":"Feature","properties":{"id":1597,"ligne":"METRO 4","mode":"metro","couleur":"#a0006e","deps":["75"],"epcis":["75056"]},"geometry":{"type":"LineString","coordinates":[[2.34963,48.89144],[2.34743,48.89434]]}},
{"type":"Feature","properties":{"id":1598,"ligne":"METRO 4","mode":"metro","couleur":"#a0006e","deps":["75","92"],"epcis":["200057966","75056"]},"geometry":{"type":"LineString","coordinates":[[2.32558,48.82341],[2.32482,48.82169],[2.32097,48.82034],[2.31974,48.81868]]}},
{"type":"Feature","properties":{"id":1599,"ligne":"TER","mode":"train","couleur":"#888888","deps":["95"],"epcis":["249500455","249500489"]},"geometry":{"type":"LineString","coordinates":[[2.24268,49.136],[2.22275,49.12931],[2.21468,49.12537],[2.2125,49.12347],[2.21121,49.12145],[2.21002,49.11478]]}},
{"type":"Feature","properties":{"id":1600,"ligne":"TER","mode":"train","couleur":"#888888","deps":["95"],"epcis":["200073013"]},"geometry":{"type":"LineString","coordinates":[[2.36127,49.0984],[2.36409,49.10255],[2.3647,49.10436],[2.36447,49.1059],[2.36273,49.10996],[2.36282,49.11194],[2.36409,49.11364],[2.36825,49.11663]]}},
{"type":"Feature","properties":{"id":1601,"ligne":"TER","mode":"train","couleur":"#888888","deps":["95"],"epcis":["249500109"]},"geometry":{"type":"LineString","coordinates":[[2.12274,49.0551],[2.13154,49.06115]]}},
{"type":"Feature","properties":{"id":1602,"ligne":"TER","mode":"train","couleur":"#888888","deps":["95"],"epcis":["200058485"]},"geometry":{"type":"LineString","coordinates":[[2.26329,48.99031],[2.26551,48.98327],[2.26678,48.98212],[2.26985,48.98091]]}},
{"type":"Feature","properties":{"id":1603,"ligne":"TER","mode":"train","couleur":"#888888","deps":["94"],"epcis":["200058014"]},"geometry":{"type":"LineString","coordinates":[[2.40291,48.74188],[2.40476,48.74065],[2.4074,48.73954],[2.40979,48.73921],[2.41239,48.73942],[2.41484,48.74033],[2.41633,48.74147],[2.41726,48.74304],[2.41752,48.74507]]}},
{"type":"Feature","properties":{"id":1604,"ligne":"TER","mode":"train","couleur":"#888888","deps":["95"],"epcis":["249500430","249500455"]},"geometry":{"type":"LineString","coordinates":[[2.21002,49.11478],[2.20835,49.1108],[2.20759,49.10296],[2.20182,49.09107]]}},
{"type":"Feature","properties":{"id":1605,"ligne":"TER NORMANDIE","mode":"train","couleur":"#aaaaaa","deps":["95"],"epcis":["200058485"]},"geometry":{"type":"LineString","coordinates":[[2.26985,48.98091],[2.26693,48.98159],[2.25747,48.985]]}},
{"type":"Feature","properties":{"id":1606,"ligne":"RER C","mode":"rer","couleur":"#ffcc30","deps":["78"],"epcis":["247800584"]},"geometry":{"type":"LineString","coordinates":[[2.15684,48.79731],[2.15238,48.79653]]}},
{"type":"Feature","properties":{"id":1607,"ligne":"RER D","mode":"rer","couleur":"#008b5b","deps":["93"],"epcis":["200057867"]},"geometry":{"type":"LineString","coordinates":[[2.35039,48.91757],[2.34885,48.92206],[2.3456,48.93446]]}},
{"type":"Feature","properties":{"id":1608,"ligne":"RER D","mode":"rer","couleur":"#008b5b","deps":["94"],"epcis":["200057941","200058006"]},"geometry":{"type":"LineString","coordinates":[[2.43531,48.77127],[2.43603,48.7732],[2.43598,48.77555],[2.43487,48.78149],[2.43224,48.78847]]}},
{"type":"Feature","properties":{"id":1609,"ligne":"RER D","mode":"rer","couleur":"#008b5b","deps":["93","95"],"epcis":["200055655","200057867"]},"geometry":{"type":"LineString","coordinates":[[2.39059,48.97675],[2.3721,48.96376]]}},
{"type":"Feature","properties":{"id":1610,"ligne":"TER HAUTS-DE-FRANCE","mode":"train","couleur":"#008b5b","deps":["95"],"epcis":["200055655"]},"geometry":{"type":"LineString","coordinates":[[2.52553,49.09959],[2.5224,49.06726],[2.52183,49.06532],[2.52089,49.06383],[2.51944,49.06237],[2.50176,49.04933]]}},
{"type":"Feature","properties":{"id":1611,"ligne":"TER NORMANDIE","mode":"train","couleur":"#aaaaaa","deps":["78"],"epcis":["200059889"]},"geometry":{"type":"LineString","coordinates":[[1.91353,48.99259],[1.92098,48.99496],[1.92531,48.99607],[1.92921,48.99669],[1.93364,48.99691],[1.93752,48.99672],[1.94104,48.99624],[1.95548,48.99261]]}},
{"type":"Feature","properties":{"id":1612,"ligne":"TER NORMANDIE","mode":"train","couleur":"#aaaaaa","deps":["78"],"epcis":["200059889"]},"geometry":{"type":"LineString","coordinates":[[1.9996,48.93949],[2.00022,48.9374],[2.00126,48.93559],[2.00276,48.93383],[2.00482,48.93217],[2.00741,48.93075],[2.01079,48.92937],[2.01383,48.92847],[2.01718,48.92781],[2.02266,48.92751],[2.02827,48.92821],[2.03242,48.92948],[2.04107,48.93327]]}},
{"type":"Feature","properties":{"id":1613,"ligne":"TRAIN U","mode":"train","couleur":"#b6134c","deps":["92"],"epcis":["200057974","200057982"]},"geometry":{"type":"LineString","coordinates":[[2.20072,48.82724],[2.20207,48.83475],[2.20293,48.83651],[2.20405,48.83776],[2.20565,48.83889],[2.20736,48.8397],[2.20994,48.84052]]}},
{"type":"Feature","properties":{"id":1614,"ligne":"TER HAUTS-DE-FRANCE","mode":"train","couleur":"#aaaaaa","deps":["95"],"epcis":["200056380"]},"geometry":{"type":"LineString","coordinates":[[2.32609,48.95987],[2.32429,48.96129],[2.32365,48.96214],[2.32337,48.96339],[2.32392,48.96483],[2.32529,48.96599],[2.32835,48.96718],[2.32967,48.96798],[2.3354,48.97408],[2.33852,48.97605]]}},
{"type":"Feature","properties":{"id":1615,"ligne":"TER HAUTS-DE-FRANCE","mode":"train","couleur":"#aaaaaa","deps":["95"],"epcis":["200056380"]},"geometry":{"type":"LineString","coordinates":[[2.36222,49.02321],[2.34896,49.03026],[2.34689,49.03089],[2.33683,49.03297]]}},
{"type":"Feature","properties":{"id":1616,"ligne":"TRAIN J","mode":"train","couleur":"#cec73d","deps":["78"],"epcis":["200071074"]},"geometry":{"type":"LineString","coordinates":[[1.58153,49.03876],[1.57834,49.03787],[1.5737,49.03567],[1.57039,49.03439],[1.56629,49.03341],[1.56223,49.03302],[1.55576,49.03325],[1.55226,49.03374],[1.54892,49.0346],[1.54154,49.03739],[1.5371,49.04013],[1.5329,49.04411],[1.52942,49.04937],[1.52516,49.05977],[1.52367,49.0623],[1.51618,49.07136],[1.50811,49.07832],[1.50481,49.08061],[1.49568,49.08551],[1.49021,49.08747],[1.48216,49.08935],[1.47786,49.09154]]}},
{"type":"Feature","properties":{"id":1617,"ligne":"METRO 6","mode":"metro","couleur":"#82dc73","deps":["75"],"epcis":["75056"]},"geometry":{"type":"LineString","coordinates":[[2.29556,48.87475],[2.29324,48.87126]]}},
{"type":"Feature","properties":{"id":1618,"ligne":"TRAM 2","mode":"tram","couleur":"#a0006e","deps":["75"],"epcis":["75056"]},"geometry":{"type":"LineString","coordinates":[[2.28147,48.8317],[2.2849,48.83043],[2.28721,48.83187]]}},
{"type":"Feature","properties":{"id":1619,"ligne":"TRAM 2","mode":"tram","couleur":"#a0006e","deps":["92"],"epcis":["200057982"]},"geometry":{"type":"LineString","coordinates":[[2.24008,48.89666],[2.23954,48.90277]]}},
{"type":"Feature","properties":{"id":1620,"ligne":"TRAM 2","mode":"tram","couleur":"#a0006e","deps":["92"],"epcis":["200057982"]},"geometry":{"type":"LineString","coordinates":[[2.23954,48.90277],[2.23894,48.90689],[2.23831,48.90766]]}},
{"type":"Feature","properties":{"id":1621,"ligne":"TRAM 1","mode":"tram","couleur":"#0055c8","deps":["92"],"epcis":["200057990"]},"geometry":{"type":"LineString","coordinates":[[2.30709,48.93345],[2.31326,48.93394]]}},
{"type":"Feature","properties":{"id":1622,"ligne":"TRAM 1","mode":"tram","couleur":"#0055c8","deps":["92"],"epcis":["200057990"]},"geometry":{"type":"LineString","coordinates":[[2.31326,48.93394],[2.3215,48.93461]]}},
{"type":"Feature","properties":{"id":1623,"ligne":"TRAM 1","mode":"tram","couleur":"#0055c8","deps":["92","93"],"epcis":["200057867","200057990"]},"geometry":{"type":"LineString","coordinates":[[2.33433,48.93561],[2.33957,48.93577]]}},
{"type":"Feature","properties":{"id":1624,"ligne":"TRAM 1","mode":"tram","couleur":"#0055c8","deps":["92"],"epcis":["200057990"]},"geometry":{"type":"LineString","coordinates":[[2.30183,48.93327],[2.30142,48.93315],[2.30129,48.93279]]}},
{"type":"Feature","properties":{"id":1625,"ligne":"TRAM 1","mode":"tram","couleur":"#0055c8","deps":["92"],"epcis":["200057990"]},"geometry":{"type":"LineString","coordinates":[[2.30129,48.93279],[2.30085,48.93233],[2.2968,48.93278],[2.29592,48.93357]]}},
{"type":"Feature","properties":{"id":1626,"ligne":"TRAM 1","mode":"tram","couleur":"#0055c8","deps":["92"],"epcis":["200057990"]},"geometry":{"type":"LineString","coordinates":[[2.28866,48.93181],[2.28372,48.93021]]}},
{"type":"Feature","properties":{"id":1627,"ligne":"METRO 2","mode":"metro","couleur":"#0055c8","deps":["75"],"epcis":["75056"]},"geometry":{"type":"LineString","coordinates":[[2.35061,48.8838],[2.3604,48.8844]]}},
{"type":"Feature","properties":{"id":1628,"ligne":"METRO 2","mode":"metro","couleur":"#0055c8","deps":["75"],"epcis":["75056"]},"geometry":{"type":"LineString","coordinates":[[2.29831,48.87797],[2.30407,48.87933]]}},
{"type":"Feature","properties":{"id":1629,"ligne":"METRO 2","mode":"metro","couleur":"#0055c8","deps":["75"],"epcis":["75056"]},"geometry":{"type":"LineString","coordinates":[[2.37026,48.88162],[2.37026,48.87872],[2.37081,48.87761]]}},
{"type":"Feature","properties":{"id":1630,"ligne":"METRO 2","mode":"metro","couleur":"#0055c8","deps":["75"],"epcis":["75056"]},"geometry":{"type":"LineString","coordinates":[[2.3604,48.8844],[2.36582,48.88428]]}},
{"type":"Feature","properties":{"id":1631,"ligne":"METRO 5","mode":"metro","couleur":"#ff5a00","deps":["75"],"epcis":["75056"]},"geometry":{"type":"LineString","coordinates":[[2.35857,48.83515],[2.36097,48.83843]]}},
{"type":"Feature","properties":{"id":1632,"ligne":"METRO 5","mode":"metro","couleur":"#ff5a00","deps":["75"],"epcis":["75056"]},"geometry":{"type":"LineString","coordinates":[[2.36874,48.85344],[2.37021,48.85614]]}},
{"type":"Feature","properties":{"id":1633,"ligne":"METRO 5","mode":"metro","couleur":"#ff5a00","deps":["75"],"epcis":["75056"]},"geometry":{"type":"LineString","coordinates":[[2.35763,48.8802],[2.35903,48.88259],[2.36185,48.88423],[2.36329,48.88452],[2.36737,48.88433]]}},
{"type":"Feature","properties":{"id":1634,"ligne":"METRO 5","mode":"metro","couleur":"#ff5a00","deps":["93"],"epcis":["200057875"]},"geometry":{"type":"LineString","coordinates":[[2.41276,48.89315],[2.42533,48.89545]]}},
{"type":"Feature","properties":{"id":1635,"ligne":"METRO 7","mode":"metro","couleur":"#ff82b4","deps":["75"],"epcis":["75056"]},"geometry":{"type":"LineString","coordinates":[[2.35505,48.84595],[2.35727,48.846],[2.35854,48.84631],[2.36337,48.84935],[2.36347,48.84998],[2.36152,48.85162]]}},
{"type":"Feature","properties":{"id":1636,"ligne":"METRO 7","mode":"metro","couleur":"#ff82b4","deps":["75"],"epcis":["75056"]},"geometry":{"type":"LineString","coordinates":[[2.33259,48.86994],[2.33241,48.87107],[2.33323,48.87293],[2.33395,48.87325]]}},
{"type":"Feature","properties":{"id":1637,"ligne":"METRO 7","mode":"metro","couleur":"#ff82b4","deps":["75"],"epcis":["75056"]},"geometry":{"type":"LineString","coordinates":[[2.36197,48.87844],[2.36499,48.88095]]}},
{"type":"Feature","properties":{"id":1638,"ligne":"METRO 7","mode":"metro","couleur":"#ff82b4","deps":["94"],"epcis":["200058014"]},"geometry":{"type":"LineString","coordinates":[[2.36827,48.79648],[2.36745,48.79843],[2.3654,48.80025],[2.36395,48.80469]]}},
{"type":"Feature","properties":{"id":1639,"ligne":"METRO 7","mode":"metro","couleur":"#ff82b4","deps":["75"],"epcis":["75056"]},"geometry":{"type":"LineString","coordinates":[[2.36152,48.85162],[2.36044,48.85236],[2.35716,48.85358]]}},
{"type":"Feature","properties":{"id":1640,"ligne":"METRO 7","mode":"metro","couleur":"#ff82b4","deps":["75"],"epcis":["75056"]},"geometry":{"type":"LineString","coordinates":[[2.33444,48.86574],[2.33259,48.86994]]}},
{"type":"Feature","properties":{"id":1641,"ligne":"METRO 7","mode":"metro","couleur":"#ff82b4","deps":["75","93"],"epcis":["200057875","75056"]},"geometry":{"type":"LineString","coordinates":[[2.38551,48.89739],[2.39222,48.90378]]}},
{"type":"Feature","properties":{"id":1642,"ligne":"METRO 11","mode":"metro","couleur":"#6e491e","deps":["75"],"epcis":["75056"]},"geometry":{"type":"LineString","coordinates":[[2.37659,48.87185],[2.37999,48.87281],[2.38532,48.87388]]}},
{"type":"Feature","properties":{"id":1643,"ligne":"METRO 11","mode":"metro","couleur":"#6e491e","deps":["75"],"epcis":["75056"]},"geometry":{"type":"LineString","coordinates":[[2.39887,48.87547],[2.40198,48.87596],[2.40648,48.87717]]}},
{"type":"Feature","properties":{"id":1644,"ligne":"METRO 11","mode":"metro","couleur":"#6e491e","deps":["75","93"],"epcis":["200057875","75056"]},"geometry":{"type":"LineString","coordinates":[[2.40648,48.87717],[2.41121,48.87861],[2.41648,48.87976]]}},
{"type":"Feature","properties":{"id":1645,"ligne":"METRO 3bis","mode":"metro","couleur":"#82c8e6","deps":["75"],"epcis":["75056"]},"geometry":{"type":"LineString","coordinates":[[2.39875,48.86516],[2.40156,48.86844]]}},
{"type":"Feature","properties":{"id":1646,"ligne":"METRO 3","mode":"metro","couleur":"#6e6e00","deps":["75"],"epcis":["75056"]},"geometry":{"type":"LineString","coordinates":[[2.37458,48.86525],[2.36591,48.8669],[2.36425,48.86703]]}},
{"type":"Feature","properties":{"id":1647,"ligne":"METRO 3","mode":"metro","couleur":"#6e6e00","deps":["75"],"epcis":["75056"]},"geometry":{"type":"LineString","coordinates":[[2.39691,48.86498],[2.39538,48.86489],[2.38782,48.86299],[2.38588,48.86312]]}},
{"type":"Feature","properties":{"id":1648,"ligne":"METRO 3","mode":"metro","couleur":"#6e6e00","deps":["75"],"epcis":["75056"]},"geometry":{"type":"LineString","coordinates":[[2.33623,48.86964],[2.33291,48.87028],[2.33149,48.87131]]}},
{"type":"Feature","properties":{"id":1649,"ligne":"METRO 3","mode":"metro","couleur":"#6e6e00","deps":["75"],"epcis":["75056"]},"geometry":{"type":"LineString","coordinates":[[2.32754,48.87351],[2.32595,48.87401],[2.32438,48.87515]]}},
{"type":"Feature","properties":{"id":1650,"ligne":"METRO 7bis","mode":"metro","couleur":"#82dc73","deps":["75"],"epcis":["75056"]},"geometry":{"type":"LineString","coordinates":[[2.39847,48.88027],[2.40047,48.87919],[2.40041,48.87864],[2.39298,48.87695]]}},
{"type":"Feature","properties":{"id":1651,"ligne":"TRAM 7","mode":"tram","couleur":"#6e491e","deps":["94"],"epcis":["200058014"]},"geometry":{"type":"LineString","coordinates":[[2.36716,48.78311],[2.36699,48.78728]]}},
{"type":"Feature","properties":{"id":1652,"ligne":"TRAM 7","mode":"tram","couleur":"#6e491e","deps":["94"],"epcis":["200058014"]},"geometry":{"type":"LineString","coordinates":[[2.35439,48.75021],[2.35463,48.75074],[2.35405,48.75148],[2.35536,48.75267]]}},
{"type":"Feature","properties":{"id":1653,"ligne":"TRAM 6","mode":"tram","couleur":"#ff0000","deps":["78"],"epcis":["247800584"]},"geometry":{"type":"LineString","coordinates":[[2.18049,48.78199],[2.18885,48.78061],[2.19141,48.78045]]}},
{"type":"Feature","properties":{"id":1654,"ligne":"TRAM 6","mode":"tram","couleur":"#ff0000","deps":["92"],"epcis":["200057966"]},"geometry":{"type":"LineString","coordinates":[[2.29409,48.80717],[2.29814,48.8095],[2.29954,48.81077],[2.30036,48.8106]]}},
{"type":"Feature","properties":{"id":1655,"ligne":"TRAM 6","mode":"tram","couleur":"#ff0000","deps":["92"],"epcis":["200057966"]},"geometry":{"type":"LineString","coordinates":[[2.27265,48.79447],[2.28195,48.79989]]}},
{"type":"Feature","properties":{"id":1656,"ligne":"TRAM 6","mode":"tram","couleur":"#ff0000","deps":["92"],"epcis":["200057966"]},"geometry":{"type":"LineString","coordinates":[[2.23983,48.78073],[2.24698,48.78369]]}},
{"type":"Feature","properties":{"id":1657,"ligne":"TRAM 6","mode":"tram","couleur":"#ff0000","deps":["78"],"epcis":["247800584"]},"geometry":{"type":"LineString","coordinates":[[2.21443,48.78362],[2.21787,48.78505],[2.22001,48.78497]]}},
{"type":"Feature","properties":{"id":1658,"ligne":"TRAM 8","mode":"tram","couleur":"#6e6e00","deps":["93"],"epcis":["200057867"]},"geometry":{"type":"LineString","coordinates":[[2.32883,48.94994],[2.33918,48.94781]]}},
{"type":"Feature","properties":{"id":1659,"ligne":"TRAM 8","mode":"tram","couleur":"#6e6e00","deps":["93"],"epcis":["200057867"]},"geometry":{"type":"LineString","coordinates":[[2.34325,48.94699],[2.34722,48.94612],[2.34731,48.94556]]}},
{"type":"Feature","properties":{"id":1660,"ligne":"TRAM 8","mode":"tram","couleur":"#6e6e00","deps":["93"],"epcis":["200057867"]},"geometry":{"type":"LineString","coordinates":[[2.34325,48.94699],[2.34273,48.94729],[2.34227,48.9486],[2.34252,48.94958]]}},
{"type":"Feature","properties":{"id":1661,"ligne":"TRAM 8","mode":"tram","couleur":"#6e6e00","deps":["93"],"epcis":["200057867"]},"geometry":{"type":"LineString","coordinates":[[2.34346,48.95273],[2.3441,48.95587],[2.34311,48.95667]]}},
{"type":"Feature","properties":{"id":1662,"ligne":"TRAM 8","mode":"tram","couleur":"#6e6e00","deps":["93"],"epcis":["200057867"]},"geometry":{"type":"LineString","coordinates":[[2.34521,48.93969],[2.34544,48.93762],[2.34786,48.93527]]}},
{"type":"Feature","properties":{"id":1663,"ligne":"TRAM 8","mode":"tram","couleur":"#6e6e00","deps":["93"],"epcis":["200057867"]},"geometry":{"type":"LineString","coordinates":[[2.3527,48.93205],[2.35572,48.93007],[2.35729,48.92982]]}},
{"type":"Feature","properties":{"id":1664,"ligne":"TRAM 3a","mode":"tram","couleur":"#ff5a00","deps":["75"],"epcis":["75056"]},"geometry":{"type":"LineString","coordinates":[[2.30664,48.82741],[2.31338,48.82592]]}},
{"type":"Feature","properties":{"id":1665,"ligne":"TRAM 3a","mode":"tram","couleur":"#ff5a00","deps":["75"],"epcis":["75056"]},"geometry":{"type":"LineString","coordinates":[[2.35093,48.82087],[2.35511,48.82086],[2.35791,48.81921],[2.36013,48.81905]]}},
{"type":"Feature","properties":{"id":1666,"ligne":"TRAM 3a","mode":"tram","couleur":"#ff5a00","deps":["75"],"epcis":["75056"]},"geometry":{"type":"LineString","coordinates":[[2.28401,48.83436],[2.28807,48.83268]]}},
{"type":"Feature","properties":{"id":1667,"ligne":"TRAM 3a","mode":"tram","couleur":"#ff5a00","deps":["75"],"epcis":["75056"]},"geometry":{"type":"LineString","coordinates":[[2.33858,48.82035],[2.34103,48.81982],[2.345,48.81935],[2.3458,48.8195]]}},
{"type":"Feature","properties":{"id":1668,"ligne":"TRAM 3b","mode":"tram","couleur":"#00643c","deps":["75"],"epcis":["75056"]},"geometry":{"type":"LineString","coordinates":[[2.31423,48.89462],[2.31041,48.89313],[2.30328,48.88974]]}},
{"type":"Feature","properties":{"id":1669,"ligne":"TRAM 5","mode":"tram","couleur":"#640082","deps":["93"],"epcis":["200057867"]},"geometry":{"type":"LineString","coordinates":[[2.35798,48.95268],[2.35746,48.94821]]}},
{"type":"Feature","properties":{"id":1670,"ligne":"TRAM 5","mode":"tram","couleur":"#640082","deps":["93","95"],"epcis":["200055655","200057867"]},"geometry":{"type":"LineString","coordinates":[[2.37224,48.97749],[2.3682,48.97797],[2.36605,48.97413],[2.36607,48.9736]]}},
{"type":"Feature","properties":{"id":1671,"ligne":"TRAM 5","mode":"tram","couleur":"#640082","deps":["95"],"epcis":["200055655"]},"geometry":{"type":"LineString","coordinates":[[2.3802,48.97928],[2.3795,48.97923],[2.3785,48.97657],[2.37742,48.97667]]}},
{"type":"Feature","properties":{"id":1672,"ligne":"TRAM 11","mode":"tram","couleur":"#ff5a00","deps":["93","95"],"epcis":["200056380","200057867"]},"geometry":{"type":"LineString","coordinates":[[2.32835,48.959],[2.32679,48.95883],[2.32109,48.9591],[2.30772,48.95799],[2.30547,48.95715],[2.30231,48.95456]]}}
]
}
